ticket_id,ticket_date,channel,product,issue_type,sentiment,priority,resolution_status,resolution_time_hours,customer_satisfaction
TKT504430,2025-01-01,Chat,Account,Login Issue,Negative,Medium,Resolved,13.3,2.1
TKT505025,2025-01-01,Chat,Loans,Refund Delay,Positive,Medium,Resolved,21.5,3.6
TKT509828,2025-01-01,Phone,Account,Payment Failed,Positive,Medium,Resolved,29.7,3.5
TKT505364,2025-01-01,Chat,Cards,Loan Query,Neutral,Low,Resolved,28.2,3.5
TKT505406,2025-01-01,Chat,Cards,Account Access,Negative,High,Resolved,27.8,2.4
TKT502253,2025-01-01,Phone,Cards,App Bug,Negative,Medium,Resolved,24.2,2.6
TKT507602,2025-01-01,Chat,Account,Card Issue,Neutral,Medium,Resolved,19.4,3.0
TKT500167,2025-01-01,Social,Loans,App Bug,Neutral,Low,Pending,45.1,4.0
TKT509147,2025-01-01,Phone,Account,Account Access,Negative,High,Pending,37.0,2.5
TKT505701,2025-01-01,Social,Mobile App,Refund Delay,Neutral,High,Pending,40.6,3.1
TKT501371,2025-01-01,Chat,Payments,Login Issue,Negative,Critical,Pending,34.8,3.1
TKT501350,2025-01-01,Social,Cards,Payment Failed,Negative,High,Pending,40.8,3.4
TKT508176,2025-01-01,Email,Loans,Account Access,Positive,Low,Pending,45.6,3.3
TKT501318,2025-01-01,Chat,Payments,Card Issue,Negative,Medium,Resolved,14.9,3.2
TKT504226,2025-01-01,Phone,Cards,App Bug,Negative,High,Pending,39.2,2.2
TKT508067,2025-01-01,Chat,Cards,Payment Failed,Negative,High,Resolved,27.3,2.3
TKT507002,2025-01-01,Chat,Mobile App,Loan Query,Negative,High,Resolved,28.3,2.7
TKT506180,2025-01-01,Email,Mobile App,Login Issue,Negative,Low,Pending,45.3,2.5
TKT505989,2025-01-01,Phone,Account,Loan Query,Neutral,Medium,Resolved,28.5,3.1
TKT503940,2025-01-01,Chat,Loans,Login Issue,Negative,Medium,Resolved,20.2,3.5
TKT511270,2025-01-02,Chat,Payments,Refund Delay,Negative,High,Pending,41.2,2.5
TKT508836,2025-01-02,Chat,Payments,Card Issue,Neutral,Medium,Resolved,15.0,4.1
TKT505349,2025-01-02,Email,Loans,App Bug,Negative,Low,Pending,43.4,3.2
TKT508801,2025-01-02,Chat,Mobile App,Card Issue,Positive,Medium,Resolved,26.2,4.2
TKT508723,2025-01-02,Social,Cards,Payment Failed,Negative,Medium,Resolved,28.2,3.3
TKT507717,2025-01-02,Chat,Account,Account Access,Neutral,Medium,Resolved,17.6,3.7
TKT510137,2025-01-02,Phone,Payments,Payment Failed,Positive,Low,Pending,33.1,4.6
TKT503662,2025-01-02,Social,Payments,Login Issue,Positive,Low,Resolved,24.5,3.8
TKT508461,2025-01-02,Social,Mobile App,Account Access,Positive,Medium,Pending,36.2,3.8
TKT507759,2025-01-02,Chat,Account,Refund Delay,Negative,Low,Pending,30.4,2.7
TKT500539,2025-01-02,Email,Payments,Login Issue,Positive,Medium,Pending,35.5,3.9
TKT501634,2025-01-02,Email,Mobile App,Login Issue,Neutral,Critical,Pending,47.4,4.0
TKT502607,2025-01-02,Email,Mobile App,App Bug,Negative,Medium,Pending,53.1,2.8
TKT502624,2025-01-02,Email,Loans,Login Issue,Neutral,Medium,Escalated,55.0,3.0
TKT503658,2025-01-02,Chat,Payments,Payment Failed,Negative,Low,Resolved,14.2,1.8
TKT502402,2025-01-02,Social,Payments,Loan Query,Positive,Medium,Pending,31.4,4.5
TKT500169,2025-01-02,Chat,Mobile App,Loan Query,Neutral,High,Resolved,28.3,3.8
TKT500970,2025-01-02,Email,Loans,Card Issue,Negative,High,Escalated,55.7,1.7
TKT500765,2025-01-02,Chat,Cards,Payment Failed,Negative,High,Resolved,28.0,2.7
TKT508441,2025-01-02,Chat,Account,App Bug,Negative,Medium,Resolved,24.3,3.0
TKT503229,2025-01-03,Phone,Account,Login Issue,Negative,Medium,Resolved,22.7,1.9
TKT504553,2025-01-03,Chat,Mobile App,Refund Delay,Negative,Low,Resolved,23.6,2.2
TKT511003,2025-01-03,Chat,Payments,Payment Failed,Positive,Medium,Resolved,18.2,3.8
TKT508385,2025-01-03,Social,Mobile App,Refund Delay,Negative,High,Pending,32.9,2.1
TKT506764,2025-01-03,Email,Loans,Refund Delay,Negative,Medium,Pending,36.7,2.7
TKT508583,2025-01-03,Email,Payments,Login Issue,Neutral,Low,Pending,34.5,3.9
TKT503989,2025-01-03,Email,Account,Refund Delay,Negative,Medium,Escalated,59.8,2.2
TKT503725,2025-01-03,Email,Payments,Payment Failed,Negative,Low,Escalated,62.2,1.4
TKT508642,2025-01-03,Social,Cards,Refund Delay,Neutral,Critical,Pending,43.6,4.5
TKT505858,2025-01-03,Phone,Mobile App,App Bug,Negative,High,Resolved,27.3,3.5
TKT503716,2025-01-03,Email,Account,Loan Query,Positive,Medium,Pending,45.1,4.1
TKT503368,2025-01-03,Social,Mobile App,Card Issue,Negative,High,Pending,33.6,2.6
TKT510323,2025-01-03,Social,Payments,Card Issue,Negative,High,Pending,45.9,2.7
TKT505612,2025-01-03,Phone,Payments,Payment Failed,Positive,Critical,Pending,41.7,5.0
TKT505533,2025-01-03,Chat,Loans,Payment Failed,Negative,Critical,Pending,38.0,2.3
TKT507352,2025-01-03,Chat,Payments,Refund Delay,Neutral,Medium,Resolved,20.9,3.9
TKT500364,2025-01-03,Social,Loans,App Bug,Negative,High,Pending,44.5,2.7
TKT501477,2025-01-03,Email,Payments,Refund Delay,Positive,High,Pending,48.6,3.0
TKT501997,2025-01-03,Email,Account,Card Issue,Positive,Critical,Pending,52.0,3.4
TKT500082,2025-01-04,Chat,Cards,Refund Delay,Negative,High,Pending,40.4,2.0
TKT504104,2025-01-04,Email,Mobile App,Payment Failed,Negative,High,Pending,50.0,2.8
TKT509458,2025-01-04,Email,Mobile App,Login Issue,Neutral,High,Pending,48.6,3.3
TKT503404,2025-01-04,Chat,Account,App Bug,Positive,Medium,Resolved,13.3,5.0
TKT507439,2025-01-04,Social,Mobile App,Card Issue,Negative,Critical,Pending,51.5,2.8
TKT506866,2025-01-04,Phone,Account,Account Access,Positive,High,Pending,32.5,2.8
TKT500778,2025-01-04,Email,Payments,Login Issue,Negative,Medium,Pending,39.0,2.2
TKT500929,2025-01-04,Phone,Payments,Account Access,Neutral,High,Pending,31.2,4.0
TKT505720,2025-01-04,Phone,Mobile App,App Bug,Negative,High,Pending,31.7,2.7
TKT501307,2025-01-04,Chat,Account,Payment Failed,Positive,Critical,Pending,39.4,3.6
TKT501336,2025-01-04,Email,Cards,Payment Failed,Neutral,Medium,Pending,35.2,3.8
TKT510333,2025-01-04,Chat,Mobile App,Payment Failed,Neutral,Low,Pending,44.9,4.1
TKT501658,2025-01-04,Chat,Loans,App Bug,Positive,Medium,Resolved,19.2,2.9
TKT501838,2025-01-04,Chat,Payments,Login Issue,Neutral,Medium,Resolved,20.0,3.3
TKT502984,2025-01-04,Social,Loans,Refund Delay,Negative,High,Pending,31.6,2.3
TKT501981,2025-01-04,Chat,Payments,Login Issue,Positive,High,Pending,32.8,3.8
TKT505270,2025-01-04,Chat,Mobile App,Card Issue,Negative,Low,Resolved,13.5,2.7
TKT506776,2025-01-04,Chat,Payments,Card Issue,Negative,High,Pending,32.0,2.6
TKT510659,2025-01-04,Chat,Account,Refund Delay,Positive,High,Pending,32.1,4.3
TKT502768,2025-01-04,Social,Loans,Refund Delay,Negative,Medium,Resolved,25.3,3.0
TKT504697,2025-01-04,Chat,Cards,Payment Failed,Negative,High,Pending,30.0,3.0
TKT507836,2025-01-04,Phone,Mobile App,Card Issue,Neutral,Medium,Pending,33.0,3.3
TKT510468,2025-01-04,Chat,Loans,Account Access,Negative,Low,Resolved,17.5,2.8
TKT510453,2025-01-05,Email,Payments,Loan Query,Positive,High,Pending,49.6,3.1
TKT510869,2025-01-05,Email,Account,Loan Query,Negative,Medium,Pending,34.3,2.2
TKT505419,2025-01-05,Email,Cards,Payment Failed,Negative,High,Pending,39.0,3.0
TKT505035,2025-01-05,Phone,Payments,Payment Failed,Positive,High,Resolved,28.5,4.3
TKT504869,2025-01-05,Email,Payments,Payment Failed,Negative,Low,Pending,40.1,2.0
TKT504707,2025-01-05,Email,Account,Loan Query,Neutral,Medium,Escalated,59.1,3.6
TKT500871,2025-01-05,Social,Payments,Refund Delay,Positive,Medium,Resolved,26.6,4.4
TKT504068,2025-01-05,Email,Mobile App,Payment Failed,Neutral,Critical,Pending,51.0,3.5
TKT509013,2025-01-05,Chat,Payments,Card Issue,Negative,Medium,Resolved,27.1,2.6
TKT500405,2025-01-05,Phone,Payments,Loan Query,Negative,Low,Resolved,29.9,2.9
TKT502803,2025-01-05,Phone,Payments,Card Issue,Negative,Low,Resolved,21.4,2.6
TKT502432,2025-01-05,Email,Account,App Bug,Positive,Medium,Pending,46.0,4.1
TKT502371,2025-01-05,Chat,Account,Card Issue,Negative,Low,Pending,31.6,3.0
TKT501969,2025-01-05,Social,Payments,Card Issue,Negative,Low,Resolved,29.2,2.9
TKT501817,2025-01-05,Chat,Mobile App,Login Issue,Neutral,High,Resolved,22.0,3.8
TKT502802,2025-01-05,Chat,Payments,App Bug,Positive,Medium,Resolved,20.7,3.3
TKT509171,2025-01-05,Phone,Payments,Account Access,Positive,Low,Resolved,22.4,3.4
TKT501378,2025-01-05,Chat,Account,App Bug,Negative,High,Resolved,29.5,3.3
TKT509636,2025-01-05,Chat,Account,Refund Delay,Negative,High,Pending,34.1,2.8
TKT511139,2025-01-05,Chat,Payments,Refund Delay,Neutral,High,Resolved,23.6,2.9
TKT500937,2025-01-05,Chat,Mobile App,App Bug,Positive,Low,Pending,31.1,3.8
TKT500925,2025-01-05,Social,Account,Payment Failed,Negative,High,Pending,34.6,2.5
TKT509676,2025-01-05,Phone,Payments,Login Issue,Negative,High,Resolved,28.0,2.5
TKT505674,2025-01-06,Chat,Payments,Login Issue,Positive,High,Resolved,25.1,3.7
TKT501168,2025-01-06,Phone,Mobile App,Login Issue,Neutral,Low,Resolved,28.3,3.8
TKT506665,2025-01-06,Phone,Cards,Login Issue,Positive,Medium,Resolved,21.3,3.2
TKT505493,2025-01-06,Phone,Payments,Login Issue,Neutral,High,Resolved,28.5,3.8
TKT502021,2025-01-06,Chat,Account,Loan Query,Negative,Medium,Resolved,14.9,2.3
TKT511607,2025-01-06,Chat,Cards,Card Issue,Neutral,High,Resolved,24.5,4.1
TKT502335,2025-01-06,Phone,Mobile App,Payment Failed,Negative,Low,Pending,31.1,2.7
TKT500260,2025-01-06,Email,Mobile App,Payment Failed,Negative,Low,Pending,36.1,2.4
TKT509110,2025-01-06,Social,Cards,App Bug,Negative,Low,Pending,42.9,2.1
TKT510599,2025-01-06,Phone,Cards,App Bug,Neutral,Low,Pending,33.6,2.7
TKT500395,2025-01-06,Phone,Mobile App,Payment Failed,Neutral,Medium,Pending,32.7,4.3
TKT511499,2025-01-06,Phone,Payments,Payment Failed,Neutral,Low,Resolved,24.9,4.4
TKT500045,2025-01-06,Phone,Payments,Card Issue,Positive,Low,Pending,33.1,4.0
TKT503130,2025-01-06,Social,Payments,Login Issue,Negative,Medium,Pending,35.2,3.1
TKT509807,2025-01-06,Social,Mobile App,Payment Failed,Negative,Critical,Pending,37.0,3.3
TKT507302,2025-01-06,Email,Mobile App,Loan Query,Positive,Medium,Pending,36.1,3.8
TKT507244,2025-01-06,Phone,Mobile App,Card Issue,Negative,Low,Resolved,22.5,3.2
TKT503588,2025-01-06,Chat,Mobile App,App Bug,Positive,High,Resolved,25.3,3.0
TKT504179,2025-01-06,Social,Account,Payment Failed,Negative,High,Pending,34.9,1.9
TKT500102,2025-01-06,Phone,Loans,Loan Query,Positive,High,Pending,44.8,4.3
TKT510813,2025-01-06,Chat,Payments,Account Access,Neutral,High,Pending,37.8,4.0
TKT504098,2025-01-07,Chat,Payments,Loan Query,Neutral,Critical,Pending,36.2,3.5
TKT508624,2025-01-07,Phone,Cards,Card Issue,Neutral,High,Pending,32.4,4.5
TKT507201,2025-01-07,Chat,Payments,Login Issue,Negative,High,Resolved,29.6,3.6
TKT510320,2025-01-07,Social,Payments,Card Issue,Neutral,Medium,Pending,34.7,4.3
TKT509295,2025-01-07,Phone,Payments,Login Issue,Positive,Medium,Pending,30.0,3.9
TKT503037,2025-01-07,Chat,Payments,Payment Failed,Neutral,Critical,Resolved,26.7,3.3
TKT502462,2025-01-07,Email,Payments,Refund Delay,Positive,Medium,Pending,49.0,3.1
TKT502136,2025-01-07,Chat,Mobile App,Card Issue,Neutral,High,Pending,30.6,3.8
TKT502894,2025-01-07,Phone,Account,Account Access,Positive,Medium,Resolved,21.7,4.0
TKT504796,2025-01-07,Phone,Payments,Card Issue,Positive,Medium,Pending,37.6,4.6
TKT504044,2025-01-07,Chat,Cards,App Bug,Negative,Low,Pending,32.8,2.0
TKT508469,2025-01-07,Phone,Mobile App,Card Issue,Positive,Medium,Resolved,23.5,3.9
TKT504457,2025-01-07,Phone,Mobile App,Card Issue,Positive,High,Pending,30.3,3.6
TKT511567,2025-01-07,Chat,Payments,Card Issue,Positive,High,Pending,44.4,3.8
TKT502999,2025-01-07,Phone,Mobile App,Card Issue,Negative,Medium,Pending,33.2,2.1
TKT504394,2025-01-07,Phone,Mobile App,Login Issue,Neutral,Low,Pending,38.7,4.1
TKT502329,2025-01-07,Email,Loans,App Bug,Negative,High,Pending,41.2,2.4
TKT509955,2025-01-07,Phone,Cards,Refund Delay,Neutral,Medium,Resolved,22.3,4.5
TKT506675,2025-01-07,Social,Account,App Bug,Positive,Low,Resolved,24.1,3.6
TKT507267,2025-01-07,Chat,Mobile App,Login Issue,Negative,High,Pending,44.5,3.2
TKT508591,2025-01-08,Phone,Mobile App,App Bug,Positive,High,Pending,44.2,3.8
TKT506944,2025-01-08,Email,Loans,Payment Failed,Positive,Low,Escalated,56.1,4.2
TKT509168,2025-01-08,Chat,Mobile App,Refund Delay,Neutral,High,Pending,33.8,3.6
TKT507053,2025-01-08,Chat,Loans,Login Issue,Neutral,Medium,Resolved,21.0,4.6
TKT500385,2025-01-08,Phone,Payments,Refund Delay,Negative,Low,Resolved,24.0,2.5
TKT507833,2025-01-08,Email,Account,Loan Query,Positive,Medium,Pending,40.2,4.1
TKT506467,2025-01-08,Chat,Payments,Card Issue,Positive,Critical,Pending,35.2,3.5
TKT510742,2025-01-08,Chat,Cards,Refund Delay,Neutral,Low,Resolved,23.3,3.5
TKT501428,2025-01-08,Chat,Cards,Loan Query,Neutral,High,Pending,38.2,3.7
TKT503655,2025-01-08,Social,Payments,Login Issue,Neutral,High,Pending,49.4,3.7
TKT503329,2025-01-08,Phone,Payments,App Bug,Negative,High,Pending,39.4,1.7
TKT505913,2025-01-08,Phone,Cards,Payment Failed,Neutral,Critical,Pending,40.2,3.7
TKT511459,2025-01-08,Social,Account,Card Issue,Neutral,Low,Resolved,23.8,4.3
TKT506278,2025-01-08,Social,Loans,Refund Delay,Negative,Medium,Resolved,25.7,2.0
TKT505968,2025-01-08,Social,Loans,Card Issue,Positive,High,Pending,33.8,3.6
TKT510188,2025-01-08,Chat,Loans,Login Issue,Positive,Medium,Resolved,18.8,4.0
TKT511978,2025-01-08,Phone,Account,Payment Failed,Negative,High,Resolved,28.6,3.3
TKT500525,2025-01-08,Chat,Payments,Card Issue,Positive,Medium,Resolved,21.3,4.3
TKT507728,2025-01-09,Phone,Cards,App Bug,Negative,Medium,Resolved,29.2,2.6
TKT507609,2025-01-09,Chat,Mobile App,Login Issue,Neutral,Medium,Resolved,19.5,3.7
TKT502968,2025-01-09,Chat,Payments,Refund Delay,Negative,Low,Resolved,18.0,2.4
TKT511788,2025-01-09,Phone,Payments,Payment Failed,Positive,Low,Pending,40.9,4.1
TKT507509,2025-01-09,Phone,Mobile App,Payment Failed,Positive,Medium,Pending,33.2,3.8
TKT511494,2025-01-09,Chat,Cards,Loan Query,Positive,Low,Resolved,23.2,4.3
TKT511525,2025-01-09,Chat,Mobile App,Login Issue,Neutral,Low,Resolved,17.1,4.4
TKT507343,2025-01-09,Chat,Account,Refund Delay,Negative,Low,Resolved,14.7,2.9
TKT500261,2025-01-09,Chat,Loans,Loan Query,Neutral,High,Pending,37.7,3.6
TKT504024,2025-01-09,Phone,Mobile App,App Bug,Neutral,High,Pending,30.9,3.7
TKT510932,2025-01-09,Social,Account,Card Issue,Negative,High,Pending,36.8,1.9
TKT509366,2025-01-09,Email,Cards,Login Issue,Negative,High,Escalated,87.0,1.4
TKT500523,2025-01-09,Chat,Loans,Loan Query,Positive,High,Resolved,21.8,4.2
TKT510197,2025-01-09,Email,Payments,App Bug,Neutral,High,Pending,44.0,3.5
TKT506901,2025-01-09,Social,Mobile App,Login Issue,Negative,Medium,Resolved,26.1,2.1
TKT500983,2025-01-09,Email,Cards,Login Issue,Negative,Low,Pending,45.1,3.0
TKT506622,2025-01-09,Phone,Cards,Login Issue,Negative,Low,Resolved,26.3,2.7
TKT500928,2025-01-09,Email,Mobile App,Refund Delay,Negative,High,Pending,44.7,3.2
TKT508797,2025-01-09,Email,Loans,Card Issue,Negative,High,Pending,44.5,2.0
TKT505825,2025-01-09,Email,Payments,Payment Failed,Neutral,Critical,Pending,51.3,3.1
TKT509097,2025-01-09,Email,Payments,Account Access,Positive,Low,Pending,35.6,3.2
TKT504310,2025-01-09,Chat,Payments,App Bug,Positive,Medium,Pending,33.8,4.2
TKT504865,2025-01-09,Chat,Mobile App,Refund Delay,Negative,High,Pending,31.8,3.1
TKT505287,2025-01-09,Chat,Cards,Login Issue,Negative,Medium,Resolved,26.3,2.6
TKT506707,2025-01-09,Email,Account,Payment Failed,Neutral,Critical,Pending,47.3,3.2
TKT507894,2025-01-10,Social,Payments,Payment Failed,Negative,Medium,Resolved,26.9,3.3
TKT508073,2025-01-10,Email,Loans,Refund Delay,Positive,High,Escalated,58.5,2.9
TKT502703,2025-01-10,Phone,Cards,Payment Failed,Neutral,Critical,Pending,39.8,3.1
TKT502561,2025-01-10,Chat,Mobile App,App Bug,Negative,High,Pending,35.3,1.6
TKT508431,2025-01-10,Email,Account,Payment Failed,Neutral,Critical,Escalated,63.9,2.5
TKT511964,2025-01-10,Phone,Loans,Payment Failed,Negative,Critical,Pending,37.5,1.7
TKT500939,2025-01-10,Phone,Mobile App,Login Issue,Neutral,Medium,Pending,39.7,4.0
TKT501584,2025-01-10,Chat,Payments,Login Issue,Neutral,High,Resolved,21.1,4.3
TKT511781,2025-01-10,Email,Loans,Payment Failed,Neutral,Medium,Pending,41.2,4.2
TKT500775,2025-01-10,Chat,Loans,Login Issue,Negative,High,Resolved,27.8,2.7
TKT503396,2025-01-10,Email,Account,Card Issue,Positive,Critical,Pending,46.2,3.8
TKT505999,2025-01-10,Phone,Account,Account Access,Negative,High,Resolved,28.9,2.5
TKT504126,2025-01-10,Email,Cards,App Bug,Positive,Medium,Pending,38.2,3.7
TKT506736,2025-01-10,Email,Account,Card Issue,Negative,Medium,Pending,39.9,2.6
TKT503199,2025-01-10,Social,Mobile App,Login Issue,Negative,Medium,Resolved,24.8,2.8
TKT503275,2025-01-10,Social,Mobile App,Card Issue,Negative,Low,Pending,30.3,1.9
TKT511192,2025-01-10,Chat,Payments,Loan Query,Neutral,High,Resolved,29.4,3.7
TKT511146,2025-01-10,Chat,Payments,Payment Failed,Negative,High,Resolved,26.8,2.4
TKT504001,2025-01-10,Email,Loans,Login Issue,Negative,High,Pending,43.8,3.6
TKT508879,2025-01-10,Chat,Payments,Login Issue,Positive,Medium,Resolved,25.3,3.2
TKT504552,2025-01-10,Social,Payments,Login Issue,Negative,High,Pending,41.1,2.1
TKT504331,2025-01-10,Phone,Payments,Login Issue,Negative,Medium,Pending,54.7,2.1
TKT510829,2025-01-10,Email,Cards,Login Issue,Neutral,Low,Pending,37.2,4.4
TKT507100,2025-01-10,Chat,Payments,Refund Delay,Positive,High,Resolved,22.7,3.0
TKT506614,2025-01-11,Phone,Mobile App,Card Issue,Neutral,Medium,Resolved,22.0,3.4
TKT504836,2025-01-11,Email,Payments,Card Issue,Positive,High,Pending,49.6,3.6
TKT504739,2025-01-11,Email,Cards,Payment Failed,Neutral,Low,Pending,38.8,3.5
TKT506836,2025-01-11,Social,Mobile App,Card Issue,Positive,High,Pending,33.6,3.4
TKT507977,2025-01-11,Chat,Account,Loan Query,Neutral,Medium,Resolved,16.6,3.8
TKT502914,2025-01-11,Email,Loans,Payment Failed,Neutral,Medium,Pending,37.3,4.1
TKT502117,2025-01-11,Chat,Payments,Login Issue,Negative,High,Pending,42.7,3.0
TKT502338,2025-01-11,Chat,Payments,Refund Delay,Positive,Medium,Resolved,24.9,4.3
TKT503455,2025-01-11,Email,Account,Login Issue,Neutral,Medium,Pending,34.7,4.2
TKT507353,2025-01-11,Phone,Mobile App,Login Issue,Negative,Low,Resolved,21.3,2.4
TKT502531,2025-01-11,Chat,Cards,App Bug,Positive,Low,Resolved,13.2,3.4
TKT503144,2025-01-11,Social,Payments,Login Issue,Negative,High,Pending,35.3,1.9
TKT502791,2025-01-11,Social,Mobile App,Login Issue,Neutral,High,Pending,34.9,4.4
TKT504130,2025-01-11,Social,Cards,Login Issue,Neutral,Low,Resolved,27.6,3.3
TKT506422,2025-01-11,Social,Account,Payment Failed,Positive,High,Pending,30.0,4.4
TKT506583,2025-01-11,Email,Account,Account Access,Neutral,Medium,Pending,47.1,3.7
TKT509980,2025-01-11,Chat,Cards,App Bug,Neutral,High,Resolved,24.0,3.2
TKT511259,2025-01-11,Phone,Account,Payment Failed,Negative,High,Pending,35.5,2.9
TKT510211,2025-01-11,Social,Loans,Account Access,Neutral,High,Pending,47.4,3.6
TKT511115,2025-01-11,Chat,Cards,Refund Delay,Positive,Low,Resolved,23.6,3.6
TKT510112,2025-01-11,Email,Account,Payment Failed,Neutral,Low,Pending,43.6,3.7
TKT509143,2025-01-11,Email,Loans,Login Issue,Negative,High,Escalated,56.3,2.8
TKT509438,2025-01-11,Chat,Mobile App,Loan Query,Positive,High,Resolved,20.7,3.9
TKT511724,2025-01-11,Phone,Payments,Card Issue,Neutral,High,Resolved,28.2,3.7
TKT500193,2025-01-11,Email,Payments,Card Issue,Neutral,Medium,Pending,41.9,4.1
TKT510548,2025-01-11,Chat,Mobile App,Payment Failed,Negative,High,Pending,34.0,1.5
TKT510289,2025-01-11,Phone,Cards,Refund Delay,Negative,High,Pending,53.9,2.0
TKT511475,2025-01-11,Phone,Account,Payment Failed,Negative,Critical,Pending,38.5,2.8
TKT510814,2025-01-11,Chat,Account,Card Issue,Neutral,Medium,Resolved,13.9,2.8
TKT511397,2025-01-12,Chat,Mobile App,Card Issue,Positive,Low,Resolved,13.7,3.3
TKT508070,2025-01-12,Chat,Loans,Loan Query,Negative,Critical,Resolved,29.9,1.9
TKT509836,2025-01-12,Chat,Payments,Refund Delay,Neutral,Medium,Resolved,19.1,3.6
TKT508023,2025-01-12,Email,Loans,Payment Failed,Neutral,High,Pending,47.6,3.1
TKT507997,2025-01-12,Chat,Account,Payment Failed,Negative,High,Pending,30.2,2.4
TKT503462,2025-01-12,Phone,Mobile App,Login Issue,Negative,High,Pending,38.2,2.8
TKT509349,2025-01-12,Chat,Loans,Payment Failed,Neutral,Medium,Resolved,15.7,4.2
TKT511870,2025-01-12,Chat,Cards,Payment Failed,Neutral,Critical,Resolved,28.3,3.9
TKT503023,2025-01-12,Email,Mobile App,Login Issue,Positive,Low,Pending,33.2,3.6
TKT511127,2025-01-12,Phone,Account,Refund Delay,Negative,Low,Resolved,24.0,2.8
TKT505490,2025-01-12,Chat,Account,Account Access,Positive,Low,Resolved,16.2,3.7
TKT502523,2025-01-12,Phone,Payments,Payment Failed,Neutral,Medium,Resolved,21.7,4.8
TKT504733,2025-01-12,Email,Loans,Refund Delay,Negative,High,Pending,39.9,2.6
TKT510797,2025-01-12,Email,Mobile App,App Bug,Negative,High,Pending,47.9,2.7
TKT511466,2025-01-12,Phone,Payments,Refund Delay,Positive,Medium,Resolved,19.0,3.3
TKT507720,2025-01-12,Chat,Payments,Login Issue,Positive,High,Resolved,24.1,3.8
TKT510570,2025-01-12,Email,Cards,Login Issue,Positive,Medium,Pending,39.2,2.1
TKT500478,2025-01-12,Phone,Payments,Login Issue,Positive,Critical,Escalated,58.7,3.0
TKT511016,2025-01-12,Email,Account,Login Issue,Neutral,Low,Pending,45.2,3.6
TKT502612,2025-01-12,Email,Mobile App,Payment Failed,Neutral,Medium,Escalated,56.2,2.5
TKT508958,2025-01-12,Email,Mobile App,Payment Failed,Neutral,High,Pending,46.7,3.3
TKT501802,2025-01-12,Chat,Payments,Login Issue,Neutral,Medium,Resolved,18.6,3.8
TKT501826,2025-01-12,Phone,Mobile App,Payment Failed,Neutral,Critical,Pending,50.1,3.2
TKT510566,2025-01-12,Email,Cards,Card Issue,Positive,Medium,Pending,48.7,3.9
TKT503236,2025-01-13,Email,Mobile App,Refund Delay,Positive,Critical,Pending,48.6,4.9
TKT502239,2025-01-13,Email,Account,Account Access,Neutral,Low,Escalated,67.7,3.7
TKT500383,2025-01-13,Phone,Account,Refund Delay,Positive,Medium,Pending,48.7,3.9
TKT507923,2025-01-13,Chat,Loans,Payment Failed,Negative,High,Resolved,26.2,2.7
TKT511534,2025-01-13,Email,Cards,Refund Delay,Positive,Medium,Pending,41.1,3.0
TKT508376,2025-01-13,Chat,Cards,Card Issue,Neutral,High,Pending,33.4,3.3
TKT506881,2025-01-13,Email,Cards,Payment Failed,Negative,High,Pending,38.7,3.3
TKT509558,2025-01-13,Email,Loans,Loan Query,Positive,Medium,Pending,46.8,3.0
TKT505930,2025-01-13,Phone,Loans,Payment Failed,Neutral,Critical,Pending,43.8,4.2
TKT505792,2025-01-13,Email,Loans,Account Access,Positive,Medium,Pending,35.6,4.4
TKT504456,2025-01-13,Phone,Mobile App,Account Access,Positive,Medium,Pending,31.4,3.1
TKT511988,2025-01-13,Email,Account,Card Issue,Positive,Medium,Pending,40.1,3.5
TKT510735,2025-01-13,Chat,Payments,Login Issue,Negative,Medium,Resolved,18.6,2.5
TKT508828,2025-01-13,Chat,Mobile App,Payment Failed,Neutral,Critical,Resolved,28.0,4.3
TKT510470,2025-01-13,Chat,Mobile App,Loan Query,Positive,Medium,Resolved,21.5,4.3
TKT505581,2025-01-13,Chat,Payments,Card Issue,Positive,Medium,Resolved,17.5,3.7
TKT509721,2025-01-13,Chat,Cards,Payment Failed,Neutral,Critical,Resolved,26.8,4.2
TKT503342,2025-01-13,Chat,Loans,Payment Failed,Positive,Critical,Pending,31.9,4.3
TKT510315,2025-01-13,Chat,Loans,Card Issue,Negative,High,Resolved,19.8,1.3
TKT505386,2025-01-14,Social,Mobile App,Card Issue,Negative,High,Pending,32.3,3.3
TKT506693,2025-01-14,Social,Account,App Bug,Neutral,Low,Resolved,22.9,3.6
TKT511238,2025-01-14,Chat,Payments,App Bug,Negative,Critical,Pending,30.4,2.9
TKT508601,2025-01-14,Phone,Cards,Card Issue,Negative,Medium,Pending,32.5,3.2
TKT505325,2025-01-14,Phone,Payments,Payment Failed,Neutral,Medium,Pending,35.4,3.6
TKT503979,2025-01-14,Chat,Mobile App,Refund Delay,Neutral,High,Resolved,26.9,3.2
TKT500678,2025-01-14,Phone,Loans,Card Issue,Positive,Medium,Resolved,28.9,3.7
TKT500013,2025-01-14,Email,Cards,Login Issue,Neutral,High,Pending,41.2,4.9
TKT501265,2025-01-14,Chat,Payments,Payment Failed,Negative,High,Resolved,26.2,2.6
TKT501758,2025-01-14,Social,Mobile App,Refund Delay,Neutral,Critical,Pending,37.7,3.7
TKT509979,2025-01-14,Chat,Payments,Login Issue,Negative,High,Resolved,21.8,1.8
TKT508290,2025-01-14,Social,Payments,Login Issue,Positive,Medium,Pending,34.8,4.4
TKT510867,2025-01-14,Chat,Payments,Payment Failed,Negative,High,Pending,30.2,2.5
TKT507348,2025-01-14,Phone,Mobile App,Account Access,Negative,Medium,Resolved,28.9,2.6
TKT506120,2025-01-14,Email,Mobile App,Payment Failed,Negative,Medium,Pending,38.7,2.4
TKT504075,2025-01-15,Chat,Mobile App,Login Issue,Negative,High,Pending,32.7,2.4
TKT505059,2025-01-15,Email,Cards,Account Access,Negative,Medium,Pending,40.1,3.1
TKT504272,2025-01-15,Phone,Loans,Login Issue,Negative,High,Pending,36.7,4.1
TKT500003,2025-01-15,Chat,Payments,App Bug,Positive,Medium,Resolved,17.1,2.9
TKT506740,2025-01-15,Phone,Mobile App,Payment Failed,Negative,Low,Resolved,28.7,2.7
TKT508909,2025-01-15,Chat,Mobile App,Account Access,Negative,High,Pending,39.0,2.7
TKT511012,2025-01-15,Social,Account,Account Access,Neutral,High,Pending,36.8,4.2
TKT507657,2025-01-15,Email,Mobile App,Refund Delay,Negative,Low,Pending,37.6,2.6
TKT505393,2025-01-15,Phone,Mobile App,Loan Query,Neutral,Low,Pending,38.6,4.4
TKT510045,2025-01-15,Phone,Payments,Loan Query,Positive,Medium,Resolved,28.6,3.1
TKT502334,2025-01-15,Phone,Loans,Refund Delay,Neutral,Low,Resolved,27.4,3.8
TKT511104,2025-01-15,Phone,Cards,Payment Failed,Neutral,Medium,Resolved,26.5,4.0
TKT511375,2025-01-15,Email,Mobile App,Refund Delay,Positive,Low,Pending,46.1,3.7
TKT509355,2025-01-15,Social,Payments,Card Issue,Negative,High,Pending,46.7,1.9
TKT502011,2025-01-15,Email,Mobile App,Loan Query,Negative,High,Escalated,59.7,2.8
TKT503366,2025-01-15,Chat,Mobile App,Payment Failed,Negative,High,Resolved,27.4,2.3
TKT511779,2025-01-15,Chat,Mobile App,Card Issue,Neutral,Medium,Resolved,20.7,4.0
TKT506196,2025-01-15,Email,Mobile App,Login Issue,Neutral,Critical,Pending,47.2,3.7
TKT508442,2025-01-15,Chat,Mobile App,App Bug,Neutral,Medium,Resolved,16.6,4.4
TKT503083,2025-01-15,Email,Loans,Refund Delay,Negative,Low,Escalated,57.7,2.1
TKT511335,2025-01-15,Social,Mobile App,Card Issue,Neutral,High,Pending,48.8,3.9
TKT508281,2025-01-15,Phone,Payments,Login Issue,Negative,Low,Pending,35.8,1.1
TKT509077,2025-01-15,Chat,Account,Payment Failed,Neutral,High,Pending,45.1,4.3
TKT509812,2025-01-16,Chat,Mobile App,Payment Failed,Neutral,Low,Resolved,20.9,3.6
TKT511221,2025-01-16,Email,Mobile App,Loan Query,Positive,Low,Pending,32.4,3.4
TKT503185,2025-01-16,Phone,Payments,Login Issue,Positive,High,Pending,50.9,4.0
TKT505808,2025-01-16,Chat,Payments,Refund Delay,Negative,Low,Resolved,14.5,3.0
TKT502881,2025-01-16,Chat,Payments,Loan Query,Negative,High,Pending,32.9,2.6
TKT502917,2025-01-16,Social,Cards,Card Issue,Negative,Low,Resolved,23.4,2.1
TKT511351,2025-01-16,Chat,Payments,Payment Failed,Neutral,Medium,Pending,30.5,4.5
TKT502205,2025-01-16,Phone,Cards,Card Issue,Neutral,Medium,Pending,33.6,4.2
TKT511202,2025-01-16,Social,Loans,Account Access,Positive,Critical,Pending,41.8,3.6
TKT510349,2025-01-16,Chat,Cards,Account Access,Negative,Medium,Resolved,19.8,2.5
TKT507064,2025-01-16,Chat,Loans,Payment Failed,Negative,Low,Pending,47.2,2.8
TKT510011,2025-01-16,Phone,Account,Payment Failed,Negative,Critical,Pending,38.8,2.4
TKT502699,2025-01-16,Chat,Cards,Login Issue,Negative,High,Resolved,25.2,1.5
TKT500300,2025-01-16,Chat,Account,Login Issue,Negative,High,Resolved,21.4,2.1
TKT507628,2025-01-16,Email,Loans,Payment Failed,Positive,Critical,Pending,46.5,2.8
TKT509340,2025-01-16,Email,Account,Refund Delay,Negative,High,Escalated,62.0,2.5
TKT508421,2025-01-16,Phone,Cards,Card Issue,Positive,Medium,Pending,31.1,3.2
TKT501128,2025-01-16,Email,Cards,Refund Delay,Negative,High,Pending,41.4,1.7
TKT508944,2025-01-16,Chat,Account,Card Issue,Negative,High,Resolved,25.3,2.6
TKT500884,2025-01-17,Chat,Payments,Payment Failed,Negative,Low,Resolved,15.0,2.3
TKT508492,2025-01-17,Chat,Cards,App Bug,Neutral,Critical,Pending,33.4,3.1
TKT503912,2025-01-17,Email,Account,App Bug,Negative,High,Pending,51.5,3.8
TKT501139,2025-01-17,Chat,Account,Login Issue,Positive,High,Resolved,27.4,4.1
TKT501882,2025-01-17,Email,Loans,Login Issue,Negative,Low,Pending,41.4,2.2
TKT506539,2025-01-17,Chat,Mobile App,Account Access,Positive,Medium,Resolved,19.7,4.2
TKT502761,2025-01-17,Chat,Account,Refund Delay,Neutral,Medium,Resolved,13.3,2.7
TKT502160,2025-01-17,Chat,Cards,Payment Failed,Negative,Medium,Resolved,18.8,2.5
TKT503964,2025-01-17,Chat,Payments,Card Issue,Negative,High,Pending,35.5,2.5
TKT507785,2025-01-17,Email,Loans,Card Issue,Positive,Medium,Pending,32.7,4.3
TKT507897,2025-01-17,Email,Payments,App Bug,Negative,Medium,Pending,43.4,2.1
TKT508894,2025-01-17,Phone,Loans,Login Issue,Positive,Low,Resolved,20.0,4.0
TKT500614,2025-01-17,Email,Account,Account Access,Negative,High,Pending,40.5,2.9
TKT509239,2025-01-17,Phone,Cards,Login Issue,Negative,High,Pending,50.8,3.9
TKT510015,2025-01-17,Social,Payments,Refund Delay,Positive,Low,Pending,34.5,3.9
TKT509096,2025-01-17,Chat,Mobile App,App Bug,Positive,High,Resolved,28.4,4.2
TKT509329,2025-01-17,Phone,Cards,Payment Failed,Neutral,Critical,Pending,49.0,2.9
TKT500329,2025-01-17,Chat,Payments,Login Issue,Neutral,Critical,Pending,40.2,5.0
TKT505002,2025-01-17,Chat,Payments,Account Access,Positive,Low,Resolved,19.3,3.1
TKT503173,2025-01-17,Chat,Loans,App Bug,Negative,High,Resolved,23.3,1.9
TKT511054,2025-01-18,Social,Cards,Login Issue,Negative,Low,Resolved,27.1,2.4
TKT504913,2025-01-18,Phone,Cards,Card Issue,Positive,Medium,Resolved,20.8,4.1
TKT503313,2025-01-18,Social,Account,Card Issue,Negative,High,Pending,50.8,2.8
TKT509464,2025-01-18,Social,Account,App Bug,Neutral,Low,Resolved,28.2,2.3
TKT510371,2025-01-18,Chat,Account,Loan Query,Neutral,Medium,Resolved,18.4,4.6
TKT510132,2025-01-18,Chat,Cards,Loan Query,Positive,Medium,Resolved,21.4,3.0
TKT503654,2025-01-18,Social,Account,Payment Failed,Negative,High,Pending,42.0,3.6
TKT501747,2025-01-18,Email,Mobile App,Payment Failed,Negative,Medium,Pending,44.6,1.9
TKT503895,2025-01-18,Social,Payments,Account Access,Neutral,High,Pending,37.0,3.2
TKT502145,2025-01-18,Email,Payments,Refund Delay,Negative,High,Pending,46.9,3.4
TKT510142,2025-01-18,Chat,Account,Card Issue,Negative,High,Resolved,22.1,3.4
TKT509035,2025-01-18,Email,Cards,Account Access,Positive,Low,Pending,38.9,3.6
TKT503682,2025-01-18,Phone,Mobile App,Refund Delay,Negative,High,Pending,34.6,3.2
TKT504533,2025-01-18,Email,Cards,Loan Query,Negative,High,Pending,42.2,1.8
TKT506060,2025-01-18,Phone,Mobile App,Card Issue,Neutral,High,Pending,51.0,3.4
TKT511610,2025-01-18,Social,Account,App Bug,Negative,High,Pending,45.9,3.0
TKT501106,2025-01-18,Social,Account,Login Issue,Negative,Medium,Pending,38.8,1.7
TKT502270,2025-01-18,Chat,Mobile App,Payment Failed,Negative,Critical,Pending,32.2,2.6
TKT509045,2025-01-18,Email,Payments,Refund Delay,Neutral,Medium,Pending,36.5,4.6
TKT510815,2025-01-18,Email,Payments,Account Access,Negative,Medium,Pending,31.3,3.0
TKT501961,2025-01-18,Chat,Account,Account Access,Negative,High,Resolved,24.4,2.9
TKT505648,2025-01-18,Chat,Payments,Login Issue,Negative,High,Resolved,19.7,3.0
TKT508690,2025-01-18,Social,Payments,App Bug,Negative,Medium,Resolved,22.1,1.7
TKT503355,2025-01-18,Chat,Mobile App,Refund Delay,Negative,High,Resolved,25.4,2.5
TKT504181,2025-01-18,Chat,Mobile App,App Bug,Neutral,Low,Resolved,15.8,3.7
TKT507116,2025-01-18,Email,Cards,Payment Failed,Positive,Low,Pending,43.6,4.1
TKT508375,2025-01-19,Email,Payments,Card Issue,Negative,High,Pending,39.6,2.6
TKT511338,2025-01-19,Chat,Account,App Bug,Negative,Medium,Resolved,23.7,1.8
TKT511100,2025-01-19,Chat,Mobile App,Account Access,Neutral,Low,Pending,31.6,3.7
TKT509142,2025-01-19,Chat,Loans,Login Issue,Neutral,Medium,Resolved,15.1,4.1
TKT511046,2025-01-19,Email,Payments,Payment Failed,Neutral,Medium,Pending,36.0,3.6
TKT508314,2025-01-19,Chat,Loans,Payment Failed,Negative,Critical,Pending,36.1,1.5
TKT500164,2025-01-19,Chat,Mobile App,Payment Failed,Neutral,Low,Resolved,16.1,4.1
TKT507846,2025-01-19,Chat,Account,Payment Failed,Negative,High,Resolved,26.8,2.7
TKT511135,2025-01-19,Email,Payments,Card Issue,Positive,Medium,Pending,52.6,3.4
TKT504386,2025-01-19,Phone,Account,Card Issue,Positive,Low,Resolved,27.1,3.1
TKT509787,2025-01-19,Email,Payments,Payment Failed,Neutral,Medium,Pending,42.9,3.7
TKT509815,2025-01-19,Chat,Cards,Card Issue,Negative,Low,Pending,37.6,3.3
TKT511676,2025-01-19,Chat,Mobile App,Refund Delay,Negative,Medium,Resolved,19.8,2.9
TKT502387,2025-01-19,Email,Account,App Bug,Neutral,Low,Pending,32.4,3.4
TKT504228,2025-01-19,Email,Mobile App,Payment Failed,Negative,Low,Pending,52.4,2.5
TKT509883,2025-01-19,Chat,Loans,Card Issue,Negative,Low,Resolved,18.9,2.2
TKT501829,2025-01-19,Social,Mobile App,Payment Failed,Neutral,Low,Pending,30.9,3.4
TKT503195,2025-01-19,Email,Cards,App Bug,Neutral,Low,Pending,30.6,4.5
TKT511948,2025-01-19,Chat,Loans,Account Access,Positive,High,Resolved,21.6,3.5
TKT511463,2025-01-19,Phone,Cards,Payment Failed,Neutral,Critical,Pending,34.5,3.7
TKT503693,2025-01-19,Social,Cards,App Bug,Neutral,High,Pending,33.6,4.7
TKT502780,2025-01-19,Email,Cards,Payment Failed,Negative,High,Pending,42.5,2.3
TKT510108,2025-01-19,Email,Mobile App,Login Issue,Negative,Medium,Pending,43.1,2.3
TKT509118,2025-01-19,Email,Cards,Payment Failed,Negative,Critical,Pending,51.1,2.7
TKT509961,2025-01-19,Email,Cards,Loan Query,Positive,Medium,Pending,34.8,4.2
TKT508423,2025-01-20,Email,Account,Payment Failed,Negative,High,Pending,40.3,2.5
TKT511843,2025-01-20,Phone,Cards,Card Issue,Positive,Critical,Pending,38.0,4.4
TKT508453,2025-01-20,Phone,Payments,Payment Failed,Negative,High,Pending,36.4,2.7
TKT511158,2025-01-20,Chat,Account,Refund Delay,Negative,Low,Resolved,27.5,2.4
TKT503441,2025-01-20,Email,Account,Card Issue,Positive,Medium,Pending,35.0,3.4
TKT505601,2025-01-20,Social,Loans,Refund Delay,Neutral,Low,Resolved,26.6,4.7
TKT501257,2025-01-20,Chat,Mobile App,Login Issue,Negative,High,Resolved,24.4,3.2
TKT501322,2025-01-20,Chat,Account,Refund Delay,Negative,High,Resolved,29.1,2.9
TKT504060,2025-01-20,Chat,Account,Loan Query,Positive,High,Resolved,22.5,3.3
TKT503465,2025-01-20,Phone,Mobile App,Payment Failed,Negative,High,Resolved,26.9,2.3
TKT507453,2025-01-20,Social,Mobile App,Payment Failed,Negative,High,Pending,32.6,3.6
TKT501388,2025-01-20,Chat,Loans,Login Issue,Neutral,Medium,Resolved,17.0,3.2
TKT507313,2025-01-20,Chat,Cards,Payment Failed,Neutral,Medium,Pending,30.8,3.6
TKT503877,2025-01-20,Social,Payments,Login Issue,Negative,High,Resolved,29.7,2.1
TKT503993,2025-01-20,Phone,Cards,Login Issue,Positive,Critical,Pending,35.2,4.1
TKT501921,2025-01-20,Email,Mobile App,Login Issue,Negative,High,Pending,48.6,2.5
TKT501789,2025-01-20,Chat,Payments,Card Issue,Positive,High,Pending,32.9,3.9
TKT500610,2025-01-20,Chat,Cards,Payment Failed,Neutral,Low,Resolved,19.6,4.4
TKT501840,2025-01-20,Chat,Cards,Payment Failed,Negative,High,Resolved,27.2,2.4
TKT509851,2025-01-20,Chat,Cards,Login Issue,Neutral,High,Resolved,23.1,3.6
TKT506988,2025-01-20,Chat,Cards,Refund Delay,Neutral,Medium,Resolved,19.7,4.6
TKT504588,2025-01-21,Chat,Mobile App,Payment Failed,Neutral,High,Resolved,26.4,3.4
TKT510802,2025-01-21,Phone,Payments,Login Issue,Neutral,Low,Resolved,26.1,4.0
TKT510808,2025-01-21,Chat,Mobile App,Login Issue,Neutral,High,Pending,30.5,3.9
TKT500226,2025-01-21,Chat,Account,Login Issue,Positive,Medium,Resolved,18.8,3.8
TKT505438,2025-01-21,Chat,Mobile App,Refund Delay,Positive,Medium,Resolved,14.3,4.2
TKT504962,2025-01-21,Social,Account,Loan Query,Neutral,High,Escalated,61.3,3.0
TKT503546,2025-01-21,Phone,Payments,Loan Query,Negative,High,Pending,32.4,1.8
TKT500551,2025-01-21,Phone,Loans,Login Issue,Neutral,Medium,Resolved,20.5,3.9
TKT501066,2025-01-21,Email,Cards,Card Issue,Negative,High,Pending,42.2,2.9
TKT510485,2025-01-21,Chat,Mobile App,App Bug,Neutral,High,Pending,41.0,3.8
TKT503669,2025-01-21,Email,Payments,Card Issue,Neutral,Medium,Pending,43.3,4.9
TKT511947,2025-01-21,Phone,Payments,Loan Query,Neutral,Low,Pending,39.2,3.9
TKT511957,2025-01-21,Email,Account,Refund Delay,Negative,Critical,Pending,52.3,2.7
TKT511836,2025-01-21,Email,Payments,Payment Failed,Positive,Low,Pending,37.5,4.0
TKT504694,2025-01-21,Social,Cards,Refund Delay,Negative,High,Pending,36.7,2.7
TKT503517,2025-01-21,Phone,Account,Loan Query,Neutral,High,Resolved,26.9,3.3
TKT502918,2025-01-21,Chat,Payments,Refund Delay,Negative,High,Pending,44.5,3.5
TKT506599,2025-01-21,Phone,Cards,Payment Failed,Negative,Critical,Pending,43.0,2.4
TKT506637,2025-01-21,Chat,Mobile App,Card Issue,Negative,High,Resolved,21.9,2.2
TKT507976,2025-01-21,Chat,Loans,App Bug,Positive,Low,Resolved,28.9,4.5
TKT511454,2025-01-21,Email,Cards,Card Issue,Positive,Medium,Pending,53.6,4.1
TKT510117,2025-01-21,Email,Loans,Refund Delay,Neutral,Medium,Escalated,61.8,4.0
TKT506454,2025-01-21,Email,Loans,Loan Query,Positive,High,Pending,42.6,3.7
TKT501328,2025-01-21,Email,Cards,Refund Delay,Neutral,Low,Pending,37.3,3.1
TKT509739,2025-01-21,Chat,Cards,Payment Failed,Negative,High,Resolved,26.6,2.8
TKT508197,2025-01-21,Email,Mobile App,App Bug,Negative,Medium,Pending,31.9,2.1
TKT509327,2025-01-21,Email,Account,Loan Query,Negative,Medium,Pending,36.3,2.2
TKT507252,2025-01-21,Chat,Mobile App,Refund Delay,Neutral,Medium,Resolved,15.7,4.1
TKT503304,2025-01-21,Chat,Payments,App Bug,Positive,Medium,Resolved,29.1,3.1
TKT507160,2025-01-22,Phone,Mobile App,Payment Failed,Negative,Critical,Pending,36.4,2.7
TKT502805,2025-01-22,Social,Cards,Refund Delay,Neutral,Low,Pending,30.3,3.4
TKT509381,2025-01-22,Phone,Account,Account Access,Negative,Medium,Resolved,27.6,3.2
TKT509742,2025-01-22,Social,Loans,Payment Failed,Positive,Medium,Resolved,21.4,3.5
TKT511672,2025-01-22,Chat,Account,Payment Failed,Neutral,Medium,Pending,30.3,3.7
TKT510963,2025-01-22,Email,Cards,Login Issue,Negative,High,Escalated,66.1,2.6
TKT510801,2025-01-22,Social,Loans,Login Issue,Positive,Medium,Pending,44.1,3.0
TKT511488,2025-01-22,Email,Cards,Refund Delay,Negative,Medium,Pending,38.0,2.5
TKT507156,2025-01-22,Social,Account,Card Issue,Positive,High,Pending,36.6,4.3
TKT510679,2025-01-22,Email,Payments,Account Access,Positive,Low,Pending,35.7,4.5
TKT501786,2025-01-22,Phone,Account,App Bug,Neutral,Medium,Pending,51.0,3.9
TKT504151,2025-01-22,Email,Payments,Payment Failed,Negative,High,Pending,39.8,2.3
TKT511855,2025-01-22,Phone,Mobile App,Login Issue,Negative,High,Pending,32.0,2.7
TKT511832,2025-01-22,Chat,Mobile App,Loan Query,Negative,Low,Resolved,15.7,3.4
TKT506370,2025-01-22,Chat,Cards,Login Issue,Positive,Low,Resolved,19.7,4.3
TKT511789,2025-01-22,Chat,Account,Card Issue,Neutral,Medium,Resolved,13.8,3.6
TKT501383,2025-01-22,Chat,Loans,Refund Delay,Neutral,High,Pending,30.5,4.6
TKT501524,2025-01-22,Email,Payments,Payment Failed,Positive,High,Pending,44.1,3.6
TKT510228,2025-01-22,Phone,Mobile App,Payment Failed,Neutral,Medium,Resolved,23.8,4.2
TKT503795,2025-01-22,Phone,Cards,Refund Delay,Neutral,Medium,Resolved,22.9,3.1
TKT505972,2025-01-23,Chat,Mobile App,Payment Failed,Neutral,High,Resolved,23.9,4.0
TKT504675,2025-01-23,Social,Mobile App,Payment Failed,Positive,Medium,Pending,41.2,3.3
TKT501867,2025-01-23,Social,Payments,Loan Query,Negative,High,Pending,40.7,2.9
TKT502081,2025-01-23,Email,Loans,Payment Failed,Neutral,Medium,Pending,47.7,3.6
TKT505497,2025-01-23,Chat,Account,Card Issue,Negative,High,Pending,36.9,2.0
TKT502094,2025-01-23,Email,Mobile App,Refund Delay,Negative,Low,Pending,45.8,3.1
TKT505779,2025-01-23,Email,Cards,Loan Query,Positive,Medium,Pending,34.9,3.4
TKT510788,2025-01-23,Chat,Mobile App,Login Issue,Negative,Low,Resolved,16.5,2.8
TKT507365,2025-01-23,Email,Mobile App,Payment Failed,Negative,Medium,Pending,52.8,3.5
TKT505409,2025-01-23,Phone,Loans,Payment Failed,Positive,Medium,Pending,32.6,3.0
TKT510469,2025-01-23,Phone,Mobile App,Login Issue,Negative,High,Pending,44.2,2.6
TKT511881,2025-01-23,Email,Loans,Refund Delay,Positive,Medium,Pending,32.2,3.2
TKT502975,2025-01-23,Social,Account,Payment Failed,Negative,Low,Pending,31.0,2.0
TKT510115,2025-01-23,Email,Payments,App Bug,Negative,Low,Pending,52.0,2.9
TKT508726,2025-01-23,Phone,Cards,Payment Failed,Negative,Medium,Resolved,21.4,3.2
TKT506331,2025-01-23,Chat,Cards,Account Access,Neutral,Low,Pending,33.6,4.3
TKT508654,2025-01-23,Phone,Mobile App,Refund Delay,Negative,Low,Pending,38.8,3.5
TKT505294,2025-01-23,Phone,Cards,Payment Failed,Negative,Medium,Pending,30.5,2.1
TKT501675,2025-01-23,Chat,Mobile App,Loan Query,Neutral,Critical,Pending,47.9,3.5
TKT502932,2025-01-23,Email,Payments,Refund Delay,Negative,High,Pending,42.3,2.7
TKT500975,2025-01-24,Social,Account,Payment Failed,Negative,Low,Pending,31.3,3.1
TKT501528,2025-01-24,Chat,Payments,Payment Failed,Negative,High,Resolved,21.8,3.1
TKT504335,2025-01-24,Chat,Account,Login Issue,Negative,Medium,Resolved,16.4,2.7
TKT511645,2025-01-24,Chat,Mobile App,Loan Query,Neutral,Medium,Resolved,23.9,3.8
TKT502651,2025-01-24,Email,Cards,Login Issue,Positive,Low,Pending,54.0,2.7
TKT511922,2025-01-24,Chat,Account,Card Issue,Negative,High,Pending,41.0,2.2
TKT502292,2025-01-24,Chat,Account,Refund Delay,Positive,Low,Resolved,14.3,3.4
TKT501983,2025-01-24,Email,Loans,Payment Failed,Neutral,Low,Pending,42.2,4.4
TKT501927,2025-01-24,Email,Account,Loan Query,Neutral,Medium,Pending,36.5,4.6
TKT504232,2025-01-24,Chat,Cards,Login Issue,Negative,Low,Resolved,22.9,2.7
TKT501390,2025-01-24,Email,Loans,App Bug,Negative,High,Pending,40.6,2.7
TKT500996,2025-01-24,Chat,Mobile App,App Bug,Negative,High,Resolved,26.6,2.3
TKT510847,2025-01-24,Email,Cards,Payment Failed,Neutral,Medium,Pending,39.4,3.8
TKT500629,2025-01-24,Phone,Payments,Account Access,Negative,High,Pending,39.8,3.5
TKT500843,2025-01-24,Chat,Payments,Refund Delay,Negative,Medium,Pending,36.5,2.7
TKT510398,2025-01-24,Social,Payments,Account Access,Neutral,Low,Resolved,27.7,3.6
TKT507635,2025-01-24,Phone,Payments,Loan Query,Positive,Low,Pending,34.9,3.9
TKT506517,2025-01-24,Chat,Payments,Loan Query,Positive,High,Pending,38.2,3.9
TKT500337,2025-01-24,Chat,Payments,Card Issue,Positive,Medium,Resolved,22.9,3.4
TKT510515,2025-01-24,Email,Mobile App,Login Issue,Neutral,Low,Pending,41.1,3.8
TKT509465,2025-01-24,Social,Payments,Refund Delay,Negative,High,Pending,52.3,2.8
TKT508985,2025-01-24,Email,Loans,App Bug,Neutral,High,Escalated,64.4,3.5
TKT509173,2025-01-24,Social,Mobile App,App Bug,Positive,Low,Resolved,22.3,3.3
TKT507810,2025-01-25,Email,Cards,Account Access,Negative,High,Pending,43.0,3.5
TKT511561,2025-01-25,Email,Payments,Refund Delay,Negative,High,Pending,49.0,2.4
TKT502524,2025-01-25,Chat,Mobile App,Card Issue,Neutral,Low,Resolved,18.0,4.1
TKT511383,2025-01-25,Chat,Payments,Loan Query,Negative,Medium,Resolved,21.1,3.5
TKT501169,2025-01-25,Chat,Payments,Login Issue,Negative,High,Resolved,24.3,2.3
TKT511558,2025-01-25,Chat,Account,Payment Failed,Negative,High,Resolved,20.3,2.5
TKT505236,2025-01-25,Chat,Mobile App,Loan Query,Negative,Low,Resolved,18.3,1.6
TKT505436,2025-01-25,Chat,Payments,Card Issue,Positive,High,Pending,32.0,4.4
TKT505284,2025-01-25,Phone,Account,App Bug,Negative,Low,Resolved,29.8,2.3
TKT500089,2025-01-25,Chat,Account,Account Access,Negative,Low,Resolved,17.9,2.4
TKT506890,2025-01-25,Chat,Account,Account Access,Neutral,Critical,Pending,38.5,3.2
TKT505634,2025-01-25,Phone,Cards,App Bug,Neutral,Medium,Pending,36.2,3.4
TKT509326,2025-01-25,Email,Cards,Login Issue,Positive,Medium,Pending,41.1,3.5
TKT506009,2025-01-25,Email,Mobile App,Login Issue,Negative,High,Pending,43.0,2.1
TKT502944,2025-01-25,Phone,Payments,App Bug,Positive,Medium,Resolved,22.3,3.0
TKT511669,2025-01-25,Phone,Payments,Card Issue,Positive,Low,Resolved,20.4,3.4
TKT500882,2025-01-25,Chat,Mobile App,Card Issue,Positive,Medium,Resolved,14.9,3.9
TKT507056,2025-01-25,Email,Mobile App,Card Issue,Positive,Medium,Pending,36.0,4.7
TKT504109,2025-01-25,Social,Cards,Account Access,Negative,High,Pending,33.0,2.4
TKT502825,2025-01-26,Social,Mobile App,Refund Delay,Neutral,Low,Pending,35.3,3.3
TKT507445,2025-01-26,Chat,Loans,Login Issue,Neutral,Low,Resolved,24.3,4.9
TKT502113,2025-01-26,Social,Mobile App,Loan Query,Negative,High,Pending,47.1,2.5
TKT500204,2025-01-26,Email,Mobile App,Login Issue,Negative,High,Pending,39.2,2.1
TKT505444,2025-01-26,Email,Account,Card Issue,Positive,Low,Pending,37.5,3.4
TKT507485,2025-01-26,Chat,Cards,Card Issue,Negative,Low,Pending,31.4,2.4
TKT505666,2025-01-26,Email,Cards,Loan Query,Neutral,Medium,Pending,51.1,4.5
TKT508072,2025-01-26,Chat,Loans,Payment Failed,Negative,High,Pending,39.4,2.1
TKT503539,2025-01-26,Social,Account,Payment Failed,Negative,High,Pending,31.8,3.2
TKT507487,2025-01-26,Social,Cards,Login Issue,Negative,Low,Resolved,28.3,2.7
TKT509731,2025-01-26,Chat,Loans,Refund Delay,Negative,High,Pending,34.1,3.1
TKT500445,2025-01-26,Chat,Account,App Bug,Negative,High,Resolved,22.0,2.1
TKT502609,2025-01-26,Phone,Payments,Refund Delay,Neutral,Low,Pending,35.2,4.6
TKT511218,2025-01-26,Email,Loans,Account Access,Negative,Critical,Pending,47.9,2.7
TKT508143,2025-01-26,Email,Mobile App,Login Issue,Neutral,Medium,Pending,42.3,4.8
TKT502066,2025-01-26,Email,Mobile App,App Bug,Negative,Medium,Pending,48.1,2.3
TKT508054,2025-01-26,Phone,Account,Loan Query,Neutral,Low,Resolved,25.3,3.4
TKT504345,2025-01-26,Email,Payments,Login Issue,Negative,High,Pending,38.0,1.7
TKT500244,2025-01-26,Chat,Payments,Refund Delay,Neutral,Medium,Resolved,16.3,2.8
TKT502512,2025-01-26,Chat,Account,App Bug,Negative,Medium,Resolved,16.9,2.4
TKT500927,2025-01-26,Chat,Mobile App,Login Issue,Neutral,Low,Resolved,20.4,4.3
TKT505219,2025-01-26,Chat,Cards,App Bug,Neutral,Low,Resolved,16.7,3.6
TKT501806,2025-01-27,Email,Payments,Payment Failed,Neutral,Medium,Pending,44.4,3.7
TKT501067,2025-01-27,Social,Mobile App,Refund Delay,Negative,Low,Pending,46.6,2.3
TKT511748,2025-01-27,Email,Cards,Login Issue,Negative,High,Pending,50.1,3.0
TKT506227,2025-01-27,Chat,Mobile App,App Bug,Positive,Low,Resolved,23.5,3.9
TKT506793,2025-01-27,Email,Cards,Loan Query,Negative,Medium,Pending,34.4,1.9
TKT507547,2025-01-27,Chat,Loans,Payment Failed,Positive,Low,Resolved,18.6,4.0
TKT511682,2025-01-27,Email,Account,Refund Delay,Neutral,Critical,Escalated,56.5,2.7
TKT511518,2025-01-27,Social,Payments,Card Issue,Positive,Critical,Pending,40.0,2.9
TKT503270,2025-01-27,Phone,Cards,Loan Query,Neutral,High,Resolved,27.3,4.1
TKT507203,2025-01-27,Phone,Mobile App,Account Access,Negative,High,Pending,38.6,2.5
TKT502706,2025-01-27,Email,Payments,Refund Delay,Negative,Low,Pending,45.7,2.9
TKT503308,2025-01-27,Email,Cards,App Bug,Neutral,High,Pending,50.8,4.3
TKT502534,2025-01-27,Phone,Cards,Card Issue,Neutral,Medium,Resolved,24.9,3.6
TKT504295,2025-01-27,Chat,Mobile App,Login Issue,Negative,Medium,Resolved,19.0,2.2
TKT504504,2025-01-27,Phone,Loans,Loan Query,Negative,High,Pending,30.6,2.3
TKT508357,2025-01-27,Chat,Account,Login Issue,Negative,High,Pending,33.4,2.0
TKT504730,2025-01-27,Chat,Cards,Payment Failed,Positive,Low,Resolved,15.2,3.7
TKT505215,2025-01-27,Phone,Payments,Payment Failed,Negative,Critical,Pending,42.5,2.8
TKT502509,2025-01-27,Chat,Mobile App,Refund Delay,Neutral,High,Pending,32.3,3.9
TKT500524,2025-01-27,Email,Mobile App,Card Issue,Neutral,High,Pending,41.0,4.2
TKT509157,2025-01-27,Social,Mobile App,Payment Failed,Positive,Medium,Pending,34.1,3.2
TKT502954,2025-01-27,Phone,Loans,Login Issue,Neutral,Medium,Pending,53.6,4.0
TKT510590,2025-01-28,Email,Payments,App Bug,Neutral,Low,Pending,41.0,3.7
TKT506735,2025-01-28,Social,Mobile App,Refund Delay,Negative,High,Pending,30.4,2.7
TKT509971,2025-01-28,Social,Account,App Bug,Negative,Medium,Resolved,27.5,2.6
TKT502200,2025-01-28,Social,Payments,Payment Failed,Negative,Medium,Resolved,26.4,2.8
TKT510271,2025-01-28,Email,Account,Login Issue,Neutral,Medium,Pending,31.4,4.3
TKT511433,2025-01-28,Chat,Loans,App Bug,Negative,High,Resolved,29.7,2.6
TKT505837,2025-01-28,Chat,Payments,Payment Failed,Neutral,Low,Resolved,22.4,4.1
TKT506280,2025-01-28,Social,Payments,Payment Failed,Positive,Medium,Pending,37.5,4.7
TKT506231,2025-01-28,Social,Loans,Refund Delay,Negative,High,Pending,41.6,1.7
TKT505776,2025-01-28,Phone,Cards,Account Access,Positive,Low,Resolved,29.7,3.8
TKT508498,2025-01-28,Chat,Loans,Refund Delay,Negative,High,Resolved,22.5,2.1
TKT504061,2025-01-28,Email,Loans,Payment Failed,Negative,Critical,Pending,46.6,2.3
TKT503762,2025-01-28,Email,Loans,Card Issue,Negative,High,Pending,38.8,2.6
TKT507153,2025-01-28,Chat,Payments,Card Issue,Positive,High,Resolved,28.7,3.8
TKT502551,2025-01-28,Email,Payments,Refund Delay,Negative,Medium,Pending,35.9,2.3
TKT508026,2025-01-28,Phone,Payments,App Bug,Neutral,Medium,Pending,36.7,3.1
TKT504100,2025-01-28,Social,Account,App Bug,Neutral,Medium,Resolved,21.6,4.5
TKT507257,2025-01-29,Social,Account,Payment Failed,Positive,Low,Resolved,23.1,3.7
TKT505586,2025-01-29,Email,Payments,Card Issue,Negative,High,Pending,46.0,2.1
TKT500080,2025-01-29,Phone,Loans,Payment Failed,Neutral,High,Pending,35.5,4.2
TKT505239,2025-01-29,Phone,Payments,Refund Delay,Negative,High,Pending,31.5,2.3
TKT507878,2025-01-29,Email,Loans,Account Access,Positive,Low,Pending,38.8,4.0
TKT505249,2025-01-29,Email,Loans,Refund Delay,Negative,High,Pending,41.3,2.4
TKT504591,2025-01-29,Phone,Payments,Loan Query,Negative,High,Pending,30.6,3.4
TKT510490,2025-01-29,Chat,Loans,Login Issue,Neutral,Low,Resolved,18.5,3.7
TKT504012,2025-01-29,Phone,Account,Account Access,Negative,High,Resolved,26.6,2.4
TKT510577,2025-01-29,Social,Cards,Card Issue,Positive,High,Pending,33.1,2.8
TKT509126,2025-01-29,Chat,Cards,Login Issue,Negative,High,Resolved,19.2,2.6
TKT507622,2025-01-29,Email,Payments,Account Access,Negative,High,Pending,37.7,2.8
TKT509080,2025-01-29,Phone,Loans,Account Access,Neutral,Medium,Resolved,27.3,3.4
TKT501825,2025-01-29,Chat,Mobile App,Card Issue,Positive,High,Resolved,28.1,4.3
TKT511931,2025-01-29,Phone,Cards,Loan Query,Negative,High,Resolved,28.1,3.6
TKT510248,2025-01-29,Chat,Payments,Refund Delay,Negative,Low,Resolved,17.5,2.1
TKT500423,2025-01-29,Chat,Mobile App,Card Issue,Negative,High,Resolved,23.6,2.2
TKT508856,2025-01-29,Social,Account,Payment Failed,Negative,Medium,Pending,36.1,3.4
TKT508858,2025-01-29,Phone,Payments,Loan Query,Neutral,Medium,Resolved,19.0,3.5
TKT501259,2025-01-29,Email,Payments,Loan Query,Neutral,Critical,Escalated,56.3,4.1
TKT500967,2025-01-29,Chat,Cards,Account Access,Neutral,Low,Resolved,17.2,3.6
TKT511588,2025-01-29,Chat,Account,Refund Delay,Negative,Medium,Pending,33.8,2.6
TKT505600,2025-01-29,Phone,Payments,Payment Failed,Neutral,Low,Resolved,21.6,3.0
TKT510843,2025-01-29,Email,Cards,Account Access,Neutral,Low,Escalated,59.7,3.1
TKT510066,2025-01-30,Chat,Account,Card Issue,Positive,Medium,Resolved,24.3,3.1
TKT511486,2025-01-30,Email,Cards,Login Issue,Neutral,Medium,Pending,52.3,4.1
TKT511582,2025-01-30,Chat,Payments,Login Issue,Negative,High,Resolved,21.3,2.8
TKT502718,2025-01-30,Chat,Loans,Login Issue,Positive,Low,Resolved,20.4,3.8
TKT509842,2025-01-30,Phone,Loans,Payment Failed,Negative,Critical,Pending,33.3,2.2
TKT509930,2025-01-30,Phone,Cards,App Bug,Negative,Medium,Resolved,21.5,3.1
TKT506468,2025-01-30,Email,Mobile App,Payment Failed,Neutral,Medium,Pending,46.6,4.3
TKT503503,2025-01-30,Chat,Account,Account Access,Neutral,High,Resolved,24.0,3.9
TKT510359,2025-01-30,Social,Cards,Account Access,Negative,High,Pending,44.1,3.6
TKT506562,2025-01-30,Email,Payments,Payment Failed,Negative,High,Pending,44.3,2.0
TKT503375,2025-01-30,Phone,Loans,Login Issue,Negative,High,Resolved,29.2,3.8
TKT501089,2025-01-30,Email,Loans,Card Issue,Negative,High,Pending,41.9,2.8
TKT505651,2025-01-30,Chat,Mobile App,Loan Query,Positive,Medium,Pending,31.6,3.5
TKT510290,2025-01-30,Email,Mobile App,Payment Failed,Positive,Medium,Pending,40.2,4.2
TKT505295,2025-01-30,Email,Payments,Login Issue,Negative,High,Pending,39.3,2.2
TKT505400,2025-01-30,Chat,Mobile App,Account Access,Neutral,Medium,Resolved,14.0,4.7
TKT500898,2025-01-30,Phone,Account,Login Issue,Positive,High,Pending,36.7,4.9
TKT504633,2025-01-30,Chat,Mobile App,Refund Delay,Positive,Low,Resolved,14.0,3.1
TKT509031,2025-01-30,Chat,Payments,Account Access,Neutral,Low,Resolved,21.6,3.4
TKT507489,2025-01-30,Phone,Cards,Refund Delay,Negative,Critical,Pending,43.8,2.1
TKT506189,2025-01-30,Email,Loans,Payment Failed,Negative,High,Pending,46.1,2.9
TKT502098,2025-01-30,Email,Mobile App,App Bug,Negative,Low,Pending,41.5,2.7
TKT502184,2025-01-30,Chat,Cards,Card Issue,Positive,Medium,Resolved,19.0,4.6
TKT507601,2025-01-30,Chat,Payments,Refund Delay,Neutral,Critical,Pending,36.2,4.1
TKT509193,2025-01-31,Email,Payments,Login Issue,Negative,Medium,Pending,46.5,2.8
TKT500979,2025-01-31,Email,Cards,Login Issue,Negative,High,Pending,47.5,2.8
TKT507639,2025-01-31,Chat,Mobile App,App Bug,Positive,Medium,Resolved,18.8,3.8
TKT507795,2025-01-31,Chat,Payments,Account Access,Neutral,High,Pending,31.9,3.7
TKT511716,2025-01-31,Chat,Payments,Account Access,Positive,Low,Resolved,23.6,3.5
TKT507322,2025-01-31,Phone,Cards,App Bug,Neutral,High,Pending,32.1,4.3
TKT502235,2025-01-31,Email,Mobile App,Loan Query,Negative,High,Escalated,60.5,2.3
TKT507543,2025-01-31,Social,Cards,Loan Query,Negative,High,Pending,34.5,3.9
TKT509699,2025-01-31,Email,Mobile App,App Bug,Neutral,High,Pending,46.3,3.8
TKT500282,2025-01-31,Email,Mobile App,Login Issue,Negative,High,Pending,50.7,3.0
TKT502437,2025-01-31,Social,Payments,Login Issue,Positive,Medium,Pending,52.2,3.5
TKT504454,2025-01-31,Phone,Payments,Refund Delay,Neutral,Medium,Pending,37.8,4.7
TKT509044,2025-01-31,Phone,Payments,Payment Failed,Positive,Low,Resolved,20.8,3.2
TKT504853,2025-01-31,Chat,Mobile App,Card Issue,Neutral,Low,Resolved,28.4,3.8
TKT500660,2025-01-31,Chat,Payments,App Bug,Neutral,Low,Resolved,23.5,3.6
TKT510890,2025-01-31,Chat,Payments,Payment Failed,Negative,Low,Resolved,24.3,2.5
TKT503636,2025-01-31,Email,Mobile App,Login Issue,Negative,Medium,Pending,36.2,1.7
TKT505855,2025-01-31,Phone,Cards,Login Issue,Neutral,Medium,Resolved,28.7,3.7
TKT502690,2025-01-31,Email,Payments,Payment Failed,Negative,High,Escalated,67.8,2.3
TKT510757,2025-01-31,Email,Mobile App,Account Access,Neutral,High,Pending,48.6,3.8
TKT504887,2025-01-31,Email,Mobile App,Card Issue,Neutral,Low,Pending,38.3,3.2
TKT504011,2025-01-31,Email,Payments,Card Issue,Positive,Low,Pending,35.6,3.5
TKT504729,2025-02-01,Chat,Mobile App,Login Issue,Positive,Medium,Resolved,22.7,3.8
TKT505322,2025-02-01,Email,Loans,App Bug,Neutral,Low,Pending,37.7,2.8
TKT510960,2025-02-01,Chat,Cards,App Bug,Neutral,Medium,Resolved,18.6,4.0
TKT503394,2025-02-01,Social,Loans,Payment Failed,Neutral,Critical,Pending,54.5,3.1
TKT505617,2025-02-01,Phone,Cards,Refund Delay,Negative,Medium,Pending,38.4,2.6
TKT502895,2025-02-01,Chat,Payments,App Bug,Negative,Medium,Resolved,24.5,1.7
TKT510164,2025-02-01,Email,Cards,Login Issue,Positive,Low,Pending,50.9,3.1
TKT509197,2025-02-01,Phone,Payments,Login Issue,Negative,High,Pending,38.9,2.3
TKT506326,2025-02-01,Phone,Account,Payment Failed,Negative,Critical,Pending,46.5,2.4
TKT505596,2025-02-01,Phone,Mobile App,Refund Delay,Negative,High,Pending,34.9,2.1
TKT511511,2025-02-01,Email,Mobile App,Card Issue,Negative,High,Pending,46.3,2.3
TKT501140,2025-02-01,Phone,Cards,Card Issue,Neutral,Medium,Resolved,24.6,3.9
TKT505527,2025-02-01,Phone,Payments,Card Issue,Neutral,High,Pending,34.1,3.5
TKT507091,2025-02-01,Social,Payments,App Bug,Neutral,High,Pending,33.0,3.1
TKT502346,2025-02-01,Social,Loans,Payment Failed,Neutral,High,Pending,32.6,3.8
TKT505013,2025-02-01,Email,Payments,App Bug,Negative,Medium,Pending,46.7,2.8
TKT509991,2025-02-01,Chat,Loans,Payment Failed,Negative,Critical,Pending,32.5,2.5
TKT506972,2025-02-01,Social,Account,Payment Failed,Neutral,Low,Pending,38.5,3.9
TKT501253,2025-02-01,Chat,Account,Account Access,Positive,Medium,Resolved,17.1,4.6
TKT509819,2025-02-01,Email,Account,Card Issue,Negative,Medium,Pending,45.2,2.7
TKT511128,2025-02-01,Phone,Mobile App,Login Issue,Negative,High,Pending,34.1,1.8
TKT502702,2025-02-01,Phone,Loans,Login Issue,Neutral,Low,Pending,47.6,3.8
TKT502294,2025-02-01,Email,Account,Payment Failed,Neutral,Critical,Escalated,55.2,4.3
TKT507786,2025-02-02,Phone,Payments,Loan Query,Negative,Medium,Resolved,28.5,2.7
TKT500012,2025-02-02,Chat,Account,Payment Failed,Negative,High,Resolved,20.1,1.7
TKT504047,2025-02-02,Email,Account,Login Issue,Positive,Low,Pending,37.7,3.8
TKT506018,2025-02-02,Email,Payments,Login Issue,Negative,Low,Pending,32.7,2.5
TKT509196,2025-02-02,Phone,Payments,Refund Delay,Neutral,Medium,Resolved,21.4,3.4
TKT511102,2025-02-02,Phone,Payments,Loan Query,Negative,Low,Resolved,25.9,2.8
TKT508902,2025-02-02,Phone,Payments,Account Access,Neutral,High,Resolved,26.8,4.5
TKT507474,2025-02-02,Phone,Cards,Login Issue,Negative,High,Pending,34.0,2.0
TKT510625,2025-02-02,Chat,Cards,Card Issue,Negative,Medium,Resolved,23.9,2.6
TKT504797,2025-02-02,Chat,Mobile App,Refund Delay,Negative,Medium,Pending,38.0,3.0
TKT504789,2025-02-02,Phone,Payments,App Bug,Negative,High,Escalated,55.2,1.4
TKT500330,2025-02-02,Email,Mobile App,Loan Query,Negative,Medium,Pending,49.2,2.1
TKT502280,2025-02-02,Phone,Payments,Account Access,Negative,Critical,Pending,40.2,2.2
TKT501216,2025-02-02,Chat,Loans,Refund Delay,Negative,High,Resolved,21.3,2.6
TKT506453,2025-02-02,Social,Payments,Login Issue,Positive,Low,Pending,32.3,3.6
TKT507946,2025-02-03,Chat,Loans,Loan Query,Negative,High,Pending,45.2,1.1
TKT505593,2025-02-03,Email,Loans,Login Issue,Positive,High,Pending,51.6,3.2
TKT500175,2025-02-03,Email,Loans,Loan Query,Positive,Medium,Pending,39.5,3.8
TKT503476,2025-02-03,Email,Loans,Payment Failed,Neutral,Low,Pending,38.4,3.8
TKT505513,2025-02-03,Email,Payments,Refund Delay,Negative,Medium,Pending,48.0,3.0
TKT506861,2025-02-03,Email,Mobile App,Login Issue,Negative,Medium,Pending,43.7,1.4
TKT510663,2025-02-03,Email,Payments,Payment Failed,Neutral,Medium,Pending,33.0,3.4
TKT502648,2025-02-03,Phone,Account,App Bug,Neutral,Medium,Resolved,19.9,4.0
TKT500103,2025-02-03,Email,Loans,Card Issue,Negative,Low,Pending,37.9,2.3
TKT506313,2025-02-03,Phone,Mobile App,Card Issue,Negative,Low,Resolved,24.2,1.3
TKT511355,2025-02-03,Email,Mobile App,App Bug,Negative,Medium,Pending,31.0,2.8
TKT503934,2025-02-03,Phone,Payments,Card Issue,Negative,Medium,Pending,40.3,2.4
TKT508721,2025-02-03,Phone,Account,Payment Failed,Neutral,Medium,Pending,36.4,4.7
TKT511839,2025-02-03,Email,Cards,App Bug,Positive,Low,Pending,40.5,4.0
TKT509692,2025-02-03,Email,Payments,Payment Failed,Neutral,High,Pending,53.0,4.2
TKT505305,2025-02-03,Chat,Mobile App,Refund Delay,Positive,High,Pending,37.0,3.8
TKT501243,2025-02-03,Chat,Loans,Refund Delay,Negative,Critical,Pending,51.9,3.0
TKT511357,2025-02-03,Phone,Payments,Login Issue,Negative,High,Resolved,27.1,2.5
TKT506164,2025-02-03,Chat,Cards,Account Access,Negative,Medium,Resolved,22.1,3.3
TKT509284,2025-02-04,Email,Account,Payment Failed,Neutral,Low,Pending,39.1,4.7
TKT501132,2025-02-04,Chat,Cards,Loan Query,Neutral,Medium,Pending,38.0,4.1
TKT505178,2025-02-04,Social,Account,App Bug,Negative,High,Pending,40.4,2.3
TKT506001,2025-02-04,Email,Payments,Payment Failed,Negative,Critical,Pending,47.5,3.3
TKT504948,2025-02-04,Chat,Mobile App,Refund Delay,Neutral,Medium,Resolved,27.4,4.4
TKT502406,2025-02-04,Chat,Cards,Refund Delay,Positive,Low,Resolved,18.8,5.0
TKT502588,2025-02-04,Phone,Mobile App,Payment Failed,Positive,Medium,Pending,43.4,4.1
TKT502600,2025-02-04,Email,Loans,Account Access,Negative,High,Pending,54.1,3.1
TKT504395,2025-02-04,Social,Account,Card Issue,Positive,Critical,Pending,36.3,3.2
TKT511963,2025-02-04,Chat,Cards,App Bug,Neutral,Medium,Resolved,29.5,3.5
TKT506065,2025-02-04,Email,Cards,Payment Failed,Negative,High,Pending,49.2,3.7
TKT511681,2025-02-04,Phone,Account,Refund Delay,Positive,Medium,Resolved,26.4,3.7
TKT510436,2025-02-04,Email,Account,Login Issue,Negative,Medium,Pending,36.8,2.0
TKT507580,2025-02-04,Chat,Mobile App,Login Issue,Negative,Medium,Resolved,27.0,1.9
TKT507587,2025-02-04,Email,Payments,Loan Query,Negative,High,Pending,54.2,1.9
TKT500712,2025-02-04,Chat,Mobile App,Login Issue,Positive,Low,Resolved,27.1,3.5
TKT511216,2025-02-04,Chat,Account,App Bug,Negative,High,Resolved,28.6,3.4
TKT503414,2025-02-04,Email,Account,Payment Failed,Positive,Medium,Pending,42.9,4.1
TKT507806,2025-02-04,Phone,Payments,Card Issue,Negative,Medium,Resolved,19.2,3.6
TKT501518,2025-02-04,Social,Mobile App,Card Issue,Negative,Low,Resolved,25.2,2.2
TKT508795,2025-02-04,Social,Payments,Login Issue,Neutral,Medium,Pending,40.3,4.3
TKT501900,2025-02-04,Chat,Mobile App,Refund Delay,Negative,Medium,Resolved,21.8,2.4
TKT510532,2025-02-04,Email,Loans,Loan Query,Positive,Low,Pending,32.9,3.7
TKT501009,2025-02-05,Chat,Mobile App,Login Issue,Neutral,Medium,Resolved,16.7,2.5
TKT508700,2025-02-05,Chat,Account,Refund Delay,Neutral,Low,Resolved,24.3,3.5
TKT502487,2025-02-05,Chat,Cards,Loan Query,Neutral,Medium,Resolved,26.6,4.0
TKT508581,2025-02-05,Chat,Mobile App,Account Access,Neutral,Medium,Pending,38.5,3.2
TKT507093,2025-02-05,Chat,Account,Login Issue,Negative,Medium,Resolved,17.8,2.1
TKT506824,2025-02-05,Chat,Payments,Payment Failed,Neutral,Medium,Resolved,16.8,3.9
TKT507407,2025-02-05,Phone,Account,App Bug,Negative,High,Pending,42.5,3.3
TKT511649,2025-02-05,Social,Account,Loan Query,Positive,High,Pending,37.6,4.2
TKT502026,2025-02-05,Email,Loans,Login Issue,Neutral,Low,Pending,38.7,4.0
TKT511350,2025-02-05,Phone,Mobile App,Loan Query,Positive,Medium,Resolved,25.7,3.7
TKT503048,2025-02-05,Email,Cards,Account Access,Positive,Medium,Pending,52.7,3.1
TKT503102,2025-02-05,Chat,Account,Payment Failed,Neutral,Critical,Resolved,27.6,3.0
TKT506059,2025-02-05,Chat,Cards,Account Access,Negative,Medium,Resolved,28.3,2.4
TKT511273,2025-02-05,Email,Mobile App,Loan Query,Neutral,Low,Pending,37.0,3.9
TKT510225,2025-02-05,Chat,Mobile App,Card Issue,Neutral,Low,Resolved,23.7,4.2
TKT503424,2025-02-05,Chat,Cards,Login Issue,Negative,High,Pending,37.6,2.3
TKT507823,2025-02-05,Chat,Account,Loan Query,Positive,Medium,Resolved,24.2,3.5
TKT501466,2025-02-05,Chat,Account,Login Issue,Negative,High,Resolved,20.4,3.0
TKT503675,2025-02-05,Phone,Cards,App Bug,Positive,Medium,Pending,38.6,4.1
TKT501349,2025-02-05,Chat,Mobile App,Payment Failed,Neutral,Critical,Pending,47.6,2.5
TKT508416,2025-02-05,Phone,Mobile App,Refund Delay,Neutral,Medium,Pending,38.9,2.4
TKT503831,2025-02-05,Phone,Payments,Card Issue,Negative,High,Pending,36.8,2.6
TKT508556,2025-02-05,Email,Payments,Payment Failed,Neutral,High,Pending,43.2,3.5
TKT504067,2025-02-05,Social,Account,Login Issue,Negative,Medium,Pending,40.6,3.0
TKT511720,2025-02-05,Social,Cards,Account Access,Negative,Medium,Resolved,21.1,2.9
TKT511999,2025-02-05,Social,Loans,Refund Delay,Neutral,Medium,Resolved,23.5,4.5
TKT500005,2025-02-05,Chat,Cards,Card Issue,Negative,High,Pending,39.3,2.8
TKT508812,2025-02-06,Chat,Cards,Login Issue,Negative,High,Resolved,24.6,3.2
TKT502060,2025-02-06,Phone,Payments,Account Access,Negative,High,Resolved,26.6,2.1
TKT500573,2025-02-06,Phone,Mobile App,Login Issue,Neutral,High,Resolved,29.2,3.6
TKT511579,2025-02-06,Email,Mobile App,Payment Failed,Positive,Medium,Pending,38.8,4.6
TKT509680,2025-02-06,Email,Cards,App Bug,Negative,High,Pending,44.2,2.0
TKT509683,2025-02-06,Email,Mobile App,Refund Delay,Negative,High,Pending,43.3,2.8
TKT506107,2025-02-06,Phone,Payments,Payment Failed,Negative,Critical,Pending,33.1,2.2
TKT501029,2025-02-06,Email,Mobile App,Login Issue,Positive,Low,Pending,41.9,5.0
TKT509029,2025-02-06,Chat,Payments,App Bug,Neutral,Medium,Resolved,17.4,2.4
TKT507084,2025-02-06,Social,Account,App Bug,Negative,High,Escalated,57.3,2.8
TKT503073,2025-02-06,Chat,Account,App Bug,Negative,High,Pending,31.6,1.8
TKT501989,2025-02-06,Chat,Cards,Payment Failed,Negative,Medium,Resolved,18.2,2.4
TKT506826,2025-02-06,Email,Mobile App,Loan Query,Neutral,Medium,Pending,42.5,3.5
TKT508709,2025-02-06,Social,Mobile App,Card Issue,Positive,High,Pending,39.4,3.5
TKT509414,2025-02-06,Phone,Mobile App,Loan Query,Positive,Medium,Resolved,29.3,4.9
TKT510547,2025-02-06,Email,Payments,Payment Failed,Negative,High,Pending,48.3,1.5
TKT510804,2025-02-06,Chat,Account,Card Issue,Neutral,Medium,Resolved,20.3,3.1
TKT510381,2025-02-06,Email,Payments,Login Issue,Negative,High,Pending,41.1,3.2
TKT508495,2025-02-06,Social,Payments,Refund Delay,Negative,Low,Resolved,25.6,2.1
TKT502952,2025-02-06,Social,Payments,Refund Delay,Neutral,Low,Pending,35.3,3.1
TKT501437,2025-02-06,Social,Account,Login Issue,Positive,High,Pending,37.4,3.9
TKT505346,2025-02-06,Phone,Cards,Refund Delay,Neutral,Low,Resolved,25.3,2.7
TKT503925,2025-02-06,Phone,Payments,Card Issue,Positive,Medium,Pending,34.1,4.2
TKT510937,2025-02-06,Social,Loans,Account Access,Neutral,High,Pending,35.6,3.2
TKT502322,2025-02-07,Chat,Cards,App Bug,Positive,Low,Pending,42.0,3.3
TKT509450,2025-02-07,Chat,Cards,Payment Failed,Neutral,Medium,Resolved,16.1,4.0
TKT500904,2025-02-07,Chat,Cards,Login Issue,Negative,High,Resolved,21.2,2.6
TKT504641,2025-02-07,Social,Payments,Payment Failed,Neutral,High,Pending,39.3,5.0
TKT505782,2025-02-07,Phone,Payments,Login Issue,Negative,High,Pending,37.1,2.8
TKT510587,2025-02-07,Phone,Account,Card Issue,Negative,Medium,Pending,34.2,2.2
TKT507702,2025-02-07,Phone,Cards,Card Issue,Neutral,Low,Resolved,25.0,4.2
TKT508391,2025-02-07,Chat,Account,App Bug,Negative,Low,Resolved,22.5,1.2
TKT510588,2025-02-07,Phone,Payments,App Bug,Negative,Medium,Resolved,25.2,3.2
TKT506570,2025-02-07,Phone,Mobile App,Account Access,Negative,Medium,Pending,43.6,2.7
TKT507877,2025-02-07,Chat,Account,Payment Failed,Negative,High,Resolved,22.9,3.3
TKT508013,2025-02-07,Chat,Loans,Refund Delay,Negative,High,Resolved,26.1,2.0
TKT510039,2025-02-07,Chat,Mobile App,Refund Delay,Negative,High,Resolved,24.2,2.3
TKT508101,2025-02-07,Chat,Payments,Loan Query,Positive,High,Resolved,28.0,3.1
TKT508107,2025-02-07,Social,Payments,Refund Delay,Positive,Low,Resolved,23.8,3.8
TKT503250,2025-02-07,Email,Payments,Account Access,Negative,Medium,Pending,39.0,2.0
TKT506085,2025-02-07,Phone,Mobile App,Refund Delay,Neutral,Low,Pending,33.4,3.3
TKT503277,2025-02-07,Email,Payments,Card Issue,Negative,High,Pending,46.5,2.6
TKT502412,2025-02-07,Email,Mobile App,Login Issue,Negative,High,Pending,45.5,3.2
TKT504463,2025-02-07,Email,Payments,Payment Failed,Negative,High,Pending,47.6,3.0
TKT511962,2025-02-07,Email,Loans,Loan Query,Positive,Low,Pending,35.3,4.5
TKT503180,2025-02-08,Social,Mobile App,Account Access,Neutral,Low,Resolved,22.6,4.1
TKT502293,2025-02-08,Chat,Loans,Loan Query,Positive,Low,Resolved,19.5,3.8
TKT504314,2025-02-08,Chat,Mobile App,Payment Failed,Negative,Medium,Resolved,17.5,2.8
TKT510169,2025-02-08,Phone,Cards,Loan Query,Positive,High,Pending,50.8,4.2
TKT507776,2025-02-08,Chat,Cards,Payment Failed,Positive,Medium,Resolved,18.7,3.4
TKT511877,2025-02-08,Phone,Mobile App,Account Access,Neutral,Critical,Pending,40.7,2.8
TKT507259,2025-02-08,Phone,Mobile App,Refund Delay,Negative,Medium,Resolved,21.8,2.6
TKT500558,2025-02-08,Phone,Payments,App Bug,Negative,Medium,Pending,44.6,3.0
TKT506922,2025-02-08,Chat,Mobile App,Payment Failed,Positive,Critical,Resolved,28.3,3.3
TKT505507,2025-02-08,Chat,Mobile App,Card Issue,Positive,High,Resolved,29.2,3.5
TKT502155,2025-02-08,Social,Payments,Card Issue,Negative,High,Pending,37.9,2.6
TKT501602,2025-02-08,Social,Loans,Refund Delay,Positive,High,Escalated,55.2,3.4
TKT501503,2025-02-08,Email,Payments,Account Access,Negative,High,Pending,50.3,3.0
TKT509629,2025-02-08,Social,Mobile App,Card Issue,Positive,Low,Resolved,26.0,3.5
TKT506698,2025-02-08,Chat,Mobile App,Account Access,Neutral,High,Pending,35.7,3.2
TKT502559,2025-02-08,Chat,Mobile App,Account Access,Neutral,Low,Resolved,18.8,3.6
TKT506605,2025-02-08,Chat,Cards,Loan Query,Negative,Low,Resolved,21.0,2.0
TKT511084,2025-02-08,Phone,Mobile App,Card Issue,Negative,Low,Resolved,19.8,2.9
TKT510666,2025-02-08,Phone,Cards,Refund Delay,Negative,Medium,Pending,45.7,1.7
TKT500181,2025-02-08,Email,Account,App Bug,Positive,Critical,Pending,46.7,4.7
TKT509243,2025-02-09,Email,Cards,Card Issue,Positive,Medium,Pending,47.6,3.7
TKT500426,2025-02-09,Social,Loans,Refund Delay,Neutral,Medium,Resolved,25.5,4.6
TKT507566,2025-02-09,Email,Payments,Login Issue,Neutral,Medium,Pending,36.0,4.3
TKT504313,2025-02-09,Phone,Mobile App,Card Issue,Positive,High,Pending,33.7,4.2
TKT503468,2025-02-09,Phone,Loans,Refund Delay,Neutral,High,Pending,34.8,3.2
TKT502078,2025-02-09,Email,Mobile App,Refund Delay,Neutral,Low,Pending,43.2,3.3
TKT508845,2025-02-09,Social,Account,App Bug,Positive,Low,Pending,35.3,3.9
TKT509202,2025-02-09,Phone,Mobile App,Account Access,Negative,Low,Pending,33.6,2.9
TKT510136,2025-02-09,Chat,Payments,Payment Failed,Negative,High,Resolved,27.0,1.7
TKT511847,2025-02-09,Chat,Account,Loan Query,Negative,Low,Resolved,16.0,2.3
TKT506939,2025-02-09,Social,Mobile App,Payment Failed,Negative,High,Pending,43.8,2.2
TKT502214,2025-02-09,Social,Payments,Account Access,Positive,High,Pending,39.4,3.9
TKT500772,2025-02-09,Email,Payments,Refund Delay,Neutral,Medium,Escalated,59.6,3.4
TKT508481,2025-02-09,Email,Cards,Refund Delay,Negative,Low,Pending,35.1,3.5
TKT509323,2025-02-09,Chat,Mobile App,Payment Failed,Positive,Medium,Resolved,25.1,4.2
TKT504340,2025-02-09,Email,Mobile App,Card Issue,Positive,High,Pending,49.3,4.3
TKT507735,2025-02-09,Social,Account,Refund Delay,Neutral,High,Pending,38.3,4.8
TKT503665,2025-02-09,Social,Cards,App Bug,Negative,High,Pending,30.3,2.4
TKT505575,2025-02-09,Email,Cards,Payment Failed,Negative,High,Escalated,59.3,1.9
TKT509968,2025-02-09,Email,Loans,Login Issue,Negative,High,Pending,39.2,1.9
TKT510498,2025-02-09,Email,Payments,Payment Failed,Neutral,Medium,Pending,43.1,4.3
TKT511389,2025-02-09,Chat,Account,Card Issue,Positive,Low,Resolved,22.1,4.3
TKT508609,2025-02-09,Social,Payments,Payment Failed,Negative,Low,Pending,36.6,2.4
TKT504753,2025-02-10,Email,Loans,Payment Failed,Negative,Medium,Pending,38.0,2.0
TKT507714,2025-02-10,Social,Account,Account Access,Negative,High,Pending,33.0,3.1
TKT507362,2025-02-10,Email,Payments,Login Issue,Negative,High,Escalated,60.5,2.0
TKT501064,2025-02-10,Email,Cards,Payment Failed,Negative,High,Pending,43.5,2.7
TKT506629,2025-02-10,Chat,Loans,Loan Query,Positive,High,Pending,31.7,3.6
TKT500431,2025-02-10,Chat,Mobile App,Loan Query,Negative,High,Resolved,27.4,3.1
TKT509675,2025-02-10,Phone,Payments,Payment Failed,Neutral,Low,Pending,32.5,3.0
TKT509762,2025-02-10,Chat,Payments,Refund Delay,Neutral,Medium,Resolved,18.0,3.9
TKT508153,2025-02-10,Phone,Loans,Card Issue,Neutral,Low,Pending,32.1,3.8
TKT507135,2025-02-10,Email,Cards,Account Access,Neutral,High,Pending,47.2,4.3
TKT502301,2025-02-10,Chat,Cards,Payment Failed,Neutral,Critical,Resolved,27.1,4.1
TKT506114,2025-02-10,Email,Account,Login Issue,Neutral,Medium,Pending,34.8,4.2
TKT508594,2025-02-10,Phone,Loans,Login Issue,Negative,High,Pending,36.2,2.6
TKT506448,2025-02-10,Social,Mobile App,Loan Query,Neutral,High,Pending,37.5,3.5
TKT511994,2025-02-10,Chat,Payments,Payment Failed,Negative,Critical,Pending,39.2,1.1
TKT505719,2025-02-10,Email,Mobile App,Refund Delay,Negative,Medium,Pending,40.8,1.9
TKT506576,2025-02-10,Chat,Mobile App,Payment Failed,Neutral,Low,Resolved,25.2,4.3
TKT502964,2025-02-10,Phone,Account,Account Access,Negative,Low,Resolved,28.0,2.6
TKT502045,2025-02-10,Chat,Payments,Refund Delay,Negative,High,Resolved,26.0,2.5
TKT503898,2025-02-10,Phone,Mobile App,Loan Query,Negative,Low,Pending,31.2,2.2
TKT511180,2025-02-10,Phone,Mobile App,App Bug,Positive,Medium,Pending,43.4,4.1
TKT506330,2025-02-10,Social,Mobile App,Loan Query,Positive,Low,Resolved,28.8,3.7
TKT508420,2025-02-10,Phone,Account,Card Issue,Positive,High,Escalated,55.6,2.9
TKT500343,2025-02-10,Chat,Loans,Loan Query,Positive,Medium,Resolved,18.6,4.0
TKT503881,2025-02-11,Phone,Payments,Card Issue,Negative,High,Resolved,27.2,3.1
TKT502185,2025-02-11,Social,Mobile App,Payment Failed,Neutral,Critical,Pending,39.9,3.7
TKT509559,2025-02-11,Social,Account,Card Issue,Neutral,Critical,Pending,47.6,3.3
TKT502516,2025-02-11,Chat,Payments,Payment Failed,Negative,Critical,Pending,34.4,3.1
TKT509674,2025-02-11,Phone,Mobile App,Payment Failed,Neutral,Low,Resolved,23.5,3.5
TKT509299,2025-02-11,Phone,Account,App Bug,Positive,Low,Pending,31.3,2.9
TKT500932,2025-02-11,Chat,Payments,Login Issue,Positive,Low,Resolved,25.3,3.5
TKT507179,2025-02-11,Phone,Loans,Account Access,Positive,Medium,Resolved,23.1,3.2
TKT501231,2025-02-11,Email,Mobile App,Refund Delay,Neutral,Low,Pending,42.0,2.6
TKT501468,2025-02-11,Chat,Mobile App,Card Issue,Negative,Medium,Resolved,25.8,1.9
TKT501946,2025-02-11,Social,Loans,Account Access,Positive,Medium,Resolved,22.5,4.0
TKT506584,2025-02-11,Social,Payments,Payment Failed,Positive,Critical,Pending,37.7,3.3
TKT511862,2025-02-11,Chat,Loans,Loan Query,Positive,Medium,Resolved,22.9,4.0
TKT506067,2025-02-11,Email,Payments,Payment Failed,Negative,Medium,Pending,33.5,2.6
TKT507995,2025-02-11,Chat,Payments,Card Issue,Positive,Low,Resolved,17.0,3.7
TKT506325,2025-02-11,Email,Payments,App Bug,Negative,Critical,Pending,48.0,2.5
TKT510921,2025-02-11,Phone,Mobile App,Payment Failed,Positive,Critical,Pending,47.1,3.9
TKT507964,2025-02-11,Phone,Mobile App,Refund Delay,Negative,High,Pending,43.0,2.4
TKT504037,2025-02-12,Social,Payments,Card Issue,Neutral,Medium,Resolved,25.1,3.8
TKT508671,2025-02-12,Chat,Payments,Account Access,Neutral,High,Pending,30.4,4.3
TKT510818,2025-02-12,Phone,Payments,App Bug,Negative,High,Pending,30.3,3.4
TKT507319,2025-02-12,Email,Payments,Payment Failed,Neutral,Medium,Pending,36.4,3.5
TKT510262,2025-02-12,Phone,Mobile App,Refund Delay,Neutral,Low,Pending,32.1,4.5
TKT504063,2025-02-12,Email,Mobile App,Payment Failed,Neutral,High,Pending,46.9,3.9
TKT501469,2025-02-12,Chat,Mobile App,Login Issue,Neutral,Medium,Resolved,25.0,4.1
TKT509247,2025-02-12,Chat,Payments,Payment Failed,Negative,High,Pending,36.3,2.7
TKT509646,2025-02-12,Social,Loans,Payment Failed,Negative,High,Resolved,29.4,2.7
TKT506618,2025-02-12,Email,Account,Account Access,Positive,Low,Pending,31.8,3.6
TKT502596,2025-02-12,Email,Account,Refund Delay,Negative,High,Escalated,63.0,1.0
TKT503936,2025-02-12,Email,Mobile App,Card Issue,Neutral,High,Pending,44.6,3.5
TKT508513,2025-02-12,Social,Mobile App,Card Issue,Negative,Medium,Pending,46.0,2.8
TKT500173,2025-02-12,Phone,Loans,Card Issue,Negative,High,Pending,30.2,1.9
TKT501405,2025-02-12,Email,Loans,Login Issue,Negative,Critical,Escalated,60.4,1.7
TKT507726,2025-02-13,Email,Mobile App,Account Access,Negative,High,Pending,43.0,2.4
TKT501737,2025-02-13,Chat,Account,Payment Failed,Neutral,High,Pending,30.5,3.9
TKT507734,2025-02-13,Social,Payments,Login Issue,Negative,Low,Resolved,22.5,2.6
TKT506679,2025-02-13,Email,Account,Refund Delay,Positive,Medium,Pending,47.3,3.4
TKT508511,2025-02-13,Phone,Cards,Refund Delay,Neutral,High,Pending,34.6,3.9
TKT506071,2025-02-13,Chat,Cards,Account Access,Neutral,Medium,Resolved,14.2,3.4
TKT506676,2025-02-13,Chat,Mobile App,Card Issue,Neutral,High,Resolved,25.9,3.9
TKT505282,2025-02-13,Chat,Mobile App,Loan Query,Positive,Low,Resolved,18.7,3.4
TKT510229,2025-02-13,Chat,Loans,Loan Query,Neutral,Low,Resolved,20.4,3.3
TKT508695,2025-02-13,Phone,Cards,Account Access,Positive,Medium,Pending,35.5,5.0
TKT506416,2025-02-13,Email,Mobile App,Refund Delay,Positive,Low,Pending,51.9,4.0
TKT504761,2025-02-13,Chat,Payments,Card Issue,Neutral,Low,Resolved,19.0,3.2
TKT510140,2025-02-13,Social,Payments,App Bug,Neutral,Low,Pending,34.2,2.5
TKT509082,2025-02-13,Phone,Payments,Login Issue,Neutral,Critical,Pending,48.3,4.1
TKT507101,2025-02-13,Phone,Cards,Payment Failed,Negative,Critical,Pending,37.7,2.5
TKT500310,2025-02-13,Social,Payments,Payment Failed,Neutral,High,Pending,34.3,2.2
TKT503763,2025-02-13,Social,Mobile App,Payment Failed,Positive,Critical,Pending,48.0,4.3
TKT503852,2025-02-13,Email,Payments,Login Issue,Positive,High,Pending,48.7,3.9
TKT509334,2025-02-13,Phone,Mobile App,App Bug,Neutral,Low,Pending,45.4,2.9
TKT503047,2025-02-13,Phone,Cards,Refund Delay,Negative,Low,Pending,32.3,3.3
TKT505723,2025-02-13,Chat,Account,Payment Failed,Negative,High,Pending,36.0,1.4
TKT502737,2025-02-13,Chat,Payments,Payment Failed,Negative,High,Resolved,27.6,1.6
TKT500306,2025-02-13,Social,Account,Payment Failed,Negative,Medium,Resolved,29.5,2.4
TKT507463,2025-02-13,Social,Account,Card Issue,Negative,High,Pending,32.2,3.0
TKT502480,2025-02-14,Social,Loans,Refund Delay,Neutral,Low,Resolved,24.4,4.3
TKT504734,2025-02-14,Chat,Account,Card Issue,Positive,Medium,Pending,52.9,2.9
TKT502604,2025-02-14,Chat,Cards,App Bug,Negative,High,Resolved,27.4,2.5
TKT504886,2025-02-14,Email,Loans,Refund Delay,Neutral,Medium,Pending,39.5,3.6
TKT509670,2025-02-14,Chat,Account,Refund Delay,Neutral,Low,Pending,42.5,3.5
TKT504542,2025-02-14,Phone,Account,Loan Query,Positive,High,Resolved,27.3,4.9
TKT510244,2025-02-14,Chat,Payments,Login Issue,Negative,Low,Pending,34.8,2.0
TKT506837,2025-02-14,Chat,Cards,Card Issue,Positive,Critical,Pending,39.1,3.4
TKT505462,2025-02-14,Chat,Loans,Refund Delay,Negative,High,Resolved,23.6,3.0
TKT501346,2025-02-14,Social,Payments,Card Issue,Negative,High,Pending,46.4,2.6
TKT506678,2025-02-14,Social,Account,Card Issue,Negative,Low,Resolved,23.7,2.7
TKT510776,2025-02-14,Email,Payments,App Bug,Neutral,Low,Pending,32.4,3.6
TKT510445,2025-02-14,Chat,Payments,App Bug,Negative,Low,Pending,30.8,3.6
TKT504851,2025-02-14,Chat,Account,Card Issue,Neutral,Medium,Pending,42.7,3.5
TKT500482,2025-02-14,Chat,Cards,Payment Failed,Positive,Low,Resolved,22.4,4.2
TKT500661,2025-02-14,Email,Cards,Payment Failed,Negative,Medium,Pending,36.8,2.5
TKT510584,2025-02-14,Phone,Account,Card Issue,Negative,High,Resolved,29.3,2.1
TKT508449,2025-02-14,Email,Payments,App Bug,Negative,High,Pending,41.4,3.1
TKT505109,2025-02-14,Chat,Account,Payment Failed,Neutral,Critical,Resolved,24.6,4.5
TKT511147,2025-02-15,Chat,Mobile App,Account Access,Negative,Medium,Resolved,16.0,3.3
TKT506905,2025-02-15,Phone,Account,Refund Delay,Neutral,Medium,Resolved,22.2,3.0
TKT508847,2025-02-15,Social,Mobile App,Refund Delay,Negative,High,Pending,38.0,2.6
TKT507885,2025-02-15,Chat,Payments,Account Access,Negative,High,Resolved,23.6,2.3
TKT508085,2025-02-15,Email,Payments,App Bug,Negative,Low,Pending,43.6,2.8
TKT502187,2025-02-15,Email,Mobile App,Loan Query,Neutral,Medium,Pending,34.6,3.6
TKT510128,2025-02-15,Social,Mobile App,Payment Failed,Neutral,Critical,Pending,37.9,4.8
TKT507881,2025-02-15,Email,Loans,Payment Failed,Negative,Low,Pending,47.1,2.0
TKT503678,2025-02-15,Chat,Mobile App,Account Access,Negative,High,Resolved,25.2,3.7
TKT505744,2025-02-15,Chat,Cards,Loan Query,Positive,High,Resolved,28.1,3.6
TKT504914,2025-02-15,Email,Account,Login Issue,Positive,Medium,Pending,41.4,3.8
TKT502325,2025-02-15,Chat,Loans,Loan Query,Negative,Low,Resolved,17.8,3.1
TKT506290,2025-02-15,Chat,Payments,Account Access,Neutral,Medium,Resolved,16.3,4.3
TKT500118,2025-02-15,Phone,Account,Card Issue,Negative,Medium,Pending,41.6,3.4
TKT506542,2025-02-15,Chat,Cards,Login Issue,Positive,Low,Resolved,15.5,3.7
TKT510508,2025-02-15,Email,Payments,Refund Delay,Neutral,Low,Pending,39.9,3.4
TKT508447,2025-02-15,Chat,Mobile App,Loan Query,Negative,Medium,Resolved,22.0,2.3
TKT504574,2025-02-15,Phone,Mobile App,Card Issue,Negative,High,Pending,34.5,2.2
TKT505204,2025-02-15,Chat,Payments,Login Issue,Negative,Low,Resolved,16.9,2.4
TKT502828,2025-02-15,Email,Cards,Payment Failed,Negative,Critical,Escalated,68.1,1.2
TKT511596,2025-02-15,Email,Payments,Loan Query,Positive,Medium,Pending,42.1,4.9
TKT502405,2025-02-15,Social,Payments,Card Issue,Negative,High,Pending,41.4,2.5
TKT503928,2025-02-16,Email,Mobile App,Payment Failed,Neutral,Critical,Pending,48.7,3.9
TKT508775,2025-02-16,Chat,Mobile App,Card Issue,Negative,High,Pending,31.7,2.8
TKT500645,2025-02-16,Social,Cards,Refund Delay,Negative,High,Pending,47.5,2.0
TKT503885,2025-02-16,Chat,Mobile App,Login Issue,Positive,High,Resolved,28.8,3.9
TKT500009,2025-02-16,Phone,Mobile App,App Bug,Negative,Critical,Pending,34.8,3.1
TKT504650,2025-02-16,Chat,Account,Payment Failed,Negative,Medium,Resolved,14.4,1.4
TKT510019,2025-02-16,Chat,Payments,Refund Delay,Positive,High,Resolved,29.0,3.2
TKT502219,2025-02-16,Phone,Account,Refund Delay,Negative,High,Pending,33.1,2.0
TKT500663,2025-02-16,Chat,Payments,Payment Failed,Negative,Medium,Resolved,13.6,3.0
TKT506465,2025-02-16,Email,Payments,App Bug,Positive,Low,Pending,39.1,3.9
TKT500579,2025-02-16,Chat,Cards,Refund Delay,Positive,Low,Resolved,15.3,3.2
TKT502927,2025-02-16,Phone,Account,Card Issue,Neutral,Medium,Pending,31.0,4.9
TKT509227,2025-02-16,Chat,Account,Card Issue,Negative,Medium,Pending,32.7,2.9
TKT501948,2025-02-16,Chat,Payments,Loan Query,Neutral,Low,Resolved,26.8,2.6
TKT501954,2025-02-16,Phone,Payments,Refund Delay,Negative,High,Pending,35.5,2.8
TKT511833,2025-02-16,Email,Cards,App Bug,Negative,High,Pending,43.6,3.0
TKT508451,2025-02-16,Phone,Cards,Card Issue,Negative,Medium,Resolved,23.0,2.0
TKT503089,2025-02-16,Email,Mobile App,Card Issue,Positive,Medium,Escalated,64.8,3.0
TKT508651,2025-02-16,Email,Mobile App,App Bug,Neutral,High,Pending,41.7,4.9
TKT511810,2025-02-16,Chat,Payments,App Bug,Negative,Low,Resolved,22.1,2.6
TKT502143,2025-02-17,Email,Payments,Refund Delay,Positive,Medium,Pending,41.0,3.0
TKT501404,2025-02-17,Chat,Cards,Account Access,Positive,High,Resolved,27.5,4.7
TKT509046,2025-02-17,Email,Mobile App,Card Issue,Negative,High,Pending,38.7,1.4
TKT506594,2025-02-17,Social,Mobile App,Refund Delay,Negative,Critical,Pending,41.6,2.4
TKT501207,2025-02-17,Chat,Payments,Payment Failed,Neutral,Low,Resolved,26.1,3.1
TKT501830,2025-02-17,Email,Account,Login Issue,Positive,High,Pending,50.9,4.6
TKT500561,2025-02-17,Email,Account,Refund Delay,Negative,High,Pending,46.7,3.4
TKT501392,2025-02-17,Chat,Account,Card Issue,Positive,Low,Pending,35.5,4.0
TKT506650,2025-02-17,Social,Mobile App,Loan Query,Negative,High,Escalated,57.1,2.1
TKT511936,2025-02-17,Email,Mobile App,Payment Failed,Negative,High,Pending,39.9,1.8
TKT502560,2025-02-17,Chat,Mobile App,Account Access,Negative,Low,Resolved,13.2,3.2
TKT508865,2025-02-17,Chat,Mobile App,Payment Failed,Positive,Low,Resolved,29.0,3.8
TKT502226,2025-02-17,Social,Account,Payment Failed,Neutral,High,Pending,41.1,3.3
TKT505189,2025-02-17,Chat,Payments,Payment Failed,Negative,Medium,Pending,30.3,2.9
TKT500980,2025-02-17,Social,Payments,Login Issue,Negative,Low,Resolved,26.1,3.1
TKT504225,2025-02-17,Email,Mobile App,Card Issue,Neutral,High,Pending,43.3,3.1
TKT503962,2025-02-17,Chat,Loans,Account Access,Negative,High,Pending,32.0,2.8
TKT500510,2025-02-17,Chat,Payments,Loan Query,Neutral,Low,Resolved,18.6,3.5
TKT500491,2025-02-18,Email,Account,Loan Query,Neutral,Medium,Pending,42.0,3.6
TKT511710,2025-02-18,Social,Account,Payment Failed,Positive,Low,Pending,42.9,3.9
TKT510301,2025-02-18,Email,Mobile App,App Bug,Positive,Low,Pending,34.1,4.4
TKT507537,2025-02-18,Email,Payments,Refund Delay,Negative,Low,Pending,32.7,3.5
TKT504116,2025-02-18,Email,Payments,Login Issue,Neutral,Low,Pending,41.4,3.4
TKT504580,2025-02-18,Email,Loans,Account Access,Negative,High,Pending,46.5,2.0
TKT503580,2025-02-18,Phone,Mobile App,Refund Delay,Negative,Critical,Pending,50.0,2.4
TKT505673,2025-02-18,Email,Loans,Payment Failed,Negative,Critical,Pending,47.6,3.0
TKT500829,2025-02-18,Phone,Mobile App,Login Issue,Negative,Medium,Resolved,27.0,3.6
TKT508040,2025-02-18,Chat,Loans,Login Issue,Negative,Critical,Pending,39.0,2.1
TKT505956,2025-02-18,Email,Mobile App,Login Issue,Negative,High,Escalated,59.4,1.7
TKT501124,2025-02-18,Phone,Mobile App,Account Access,Neutral,Critical,Pending,36.5,5.0
TKT501085,2025-02-18,Chat,Mobile App,Card Issue,Negative,High,Escalated,66.6,2.1
TKT511563,2025-02-18,Phone,Loans,Refund Delay,Positive,Low,Resolved,19.6,3.9
TKT508118,2025-02-18,Chat,Mobile App,Card Issue,Neutral,Low,Resolved,23.4,3.6
TKT505055,2025-02-18,Social,Mobile App,Payment Failed,Negative,Low,Pending,35.8,1.8
TKT506413,2025-02-19,Email,Account,Login Issue,Positive,Low,Pending,42.9,2.8
TKT510656,2025-02-19,Phone,Mobile App,Refund Delay,Neutral,Low,Resolved,24.8,4.0
TKT505312,2025-02-19,Email,Loans,Account Access,Neutral,High,Pending,51.6,3.6
TKT507265,2025-02-19,Email,Cards,App Bug,Negative,High,Pending,43.6,2.9
TKT506174,2025-02-19,Social,Mobile App,Payment Failed,Negative,High,Pending,53.5,2.2
TKT506904,2025-02-19,Chat,Payments,Card Issue,Negative,High,Resolved,23.6,3.0
TKT503296,2025-02-19,Email,Loans,Payment Failed,Positive,Critical,Escalated,56.4,3.3
TKT511417,2025-02-19,Chat,Cards,Account Access,Neutral,Medium,Resolved,18.1,4.6
TKT509452,2025-02-19,Chat,Cards,App Bug,Negative,High,Resolved,27.3,1.9
TKT506607,2025-02-19,Chat,Cards,Account Access,Positive,High,Pending,30.0,4.1
TKT505802,2025-02-19,Chat,Account,App Bug,Negative,High,Resolved,27.8,2.8
TKT504210,2025-02-19,Chat,Loans,App Bug,Negative,High,Resolved,20.9,3.2
TKT507591,2025-02-19,Phone,Account,Loan Query,Neutral,Medium,Pending,38.5,3.9
TKT509348,2025-02-19,Email,Payments,Login Issue,Negative,High,Pending,45.0,1.4
TKT504346,2025-02-20,Social,Account,Login Issue,Negative,Low,Pending,31.6,2.2
TKT511303,2025-02-20,Social,Loans,Login Issue,Neutral,High,Resolved,29.2,4.0
TKT509387,2025-02-20,Email,Payments,Refund Delay,Negative,High,Pending,54.9,2.5
TKT510428,2025-02-20,Chat,Payments,Account Access,Neutral,High,Pending,37.3,2.8
TKT500941,2025-02-20,Email,Account,App Bug,Negative,Low,Pending,33.9,3.2
TKT509537,2025-02-20,Email,Cards,Login Issue,Neutral,Medium,Pending,34.5,3.9
TKT508417,2025-02-20,Phone,Mobile App,Refund Delay,Negative,High,Pending,40.2,2.8
TKT510249,2025-02-20,Email,Payments,App Bug,Negative,High,Pending,51.2,2.9
TKT509833,2025-02-20,Chat,Payments,Card Issue,Positive,Medium,Resolved,21.4,3.3
TKT500142,2025-02-20,Social,Cards,App Bug,Negative,High,Pending,33.3,2.9
TKT507597,2025-02-20,Social,Mobile App,App Bug,Negative,Low,Resolved,21.2,2.9
TKT507450,2025-02-20,Chat,Mobile App,Login Issue,Negative,High,Pending,31.2,2.4
TKT502758,2025-02-20,Phone,Mobile App,Login Issue,Negative,High,Pending,38.0,2.6
TKT500674,2025-02-20,Phone,Account,Login Issue,Positive,Low,Pending,36.8,5.0
TKT501068,2025-02-20,Email,Payments,Card Issue,Negative,High,Pending,43.4,3.1
TKT507104,2025-02-20,Email,Account,Card Issue,Neutral,High,Pending,44.9,3.9
TKT502251,2025-02-20,Phone,Loans,Card Issue,Positive,Medium,Resolved,21.6,2.5
TKT510725,2025-02-20,Chat,Mobile App,App Bug,Negative,High,Pending,48.3,1.8
TKT506502,2025-02-20,Phone,Loans,Login Issue,Positive,Low,Pending,36.4,3.7
TKT510063,2025-02-20,Chat,Payments,Card Issue,Neutral,Medium,Resolved,24.3,3.9
TKT506684,2025-02-20,Chat,Mobile App,Card Issue,Positive,Low,Resolved,20.7,3.2
TKT503943,2025-02-20,Email,Mobile App,Loan Query,Negative,Low,Pending,32.3,2.6
TKT503207,2025-02-20,Chat,Loans,Login Issue,Positive,Low,Pending,36.6,3.6
TKT508367,2025-02-20,Email,Mobile App,Refund Delay,Neutral,Medium,Pending,38.2,3.2
TKT500111,2025-02-21,Chat,Mobile App,Login Issue,Negative,Medium,Resolved,16.6,2.2
TKT500251,2025-02-21,Chat,Payments,Payment Failed,Neutral,Medium,Resolved,18.7,3.1
TKT502958,2025-02-21,Chat,Mobile App,Payment Failed,Positive,Low,Resolved,18.4,3.9
TKT505174,2025-02-21,Chat,Mobile App,Login Issue,Negative,Low,Resolved,13.9,2.0
TKT507799,2025-02-21,Chat,Loans,Payment Failed,Positive,High,Resolved,25.4,3.9
TKT501607,2025-02-21,Chat,Mobile App,Payment Failed,Negative,Low,Resolved,17.8,1.9
TKT511008,2025-02-21,Chat,Cards,Card Issue,Negative,Low,Resolved,16.0,2.4
TKT501190,2025-02-21,Social,Account,Login Issue,Neutral,Critical,Pending,37.6,3.5
TKT506589,2025-02-21,Email,Loans,Payment Failed,Negative,High,Escalated,58.6,2.1
TKT508060,2025-02-21,Phone,Payments,Loan Query,Negative,High,Resolved,29.1,3.3
TKT506970,2025-02-21,Phone,Loans,Payment Failed,Negative,Low,Resolved,26.8,2.8
TKT503744,2025-02-21,Phone,Account,Login Issue,Negative,High,Pending,35.0,2.6
TKT501682,2025-02-21,Social,Cards,Card Issue,Negative,High,Pending,54.3,2.8
TKT505549,2025-02-21,Email,Payments,Login Issue,Neutral,Medium,Pending,31.6,3.1
TKT510139,2025-02-21,Phone,Payments,Account Access,Negative,Low,Resolved,25.2,2.6
TKT511577,2025-02-22,Email,Loans,Card Issue,Positive,Medium,Escalated,57.6,3.4
TKT511167,2025-02-22,Email,Payments,Loan Query,Positive,Low,Pending,47.0,3.8
TKT508967,2025-02-22,Chat,Account,Loan Query,Neutral,High,Resolved,21.9,2.8
TKT507327,2025-02-22,Phone,Account,Login Issue,Negative,Medium,Pending,35.3,2.6
TKT507842,2025-02-22,Phone,Account,Payment Failed,Negative,Critical,Pending,42.0,2.4
TKT501586,2025-02-22,Email,Mobile App,Refund Delay,Neutral,Critical,Pending,54.8,3.8
TKT506403,2025-02-22,Chat,Mobile App,Payment Failed,Neutral,Medium,Resolved,25.8,4.6
TKT500194,2025-02-22,Chat,Payments,Refund Delay,Neutral,High,Resolved,24.2,3.1
TKT500373,2025-02-22,Chat,Payments,Card Issue,Positive,Medium,Pending,47.2,3.9
TKT506332,2025-02-22,Email,Cards,Account Access,Neutral,Medium,Pending,46.0,3.6
TKT502865,2025-02-22,Social,Loans,Refund Delay,Neutral,Low,Resolved,21.6,3.3
TKT504629,2025-02-22,Email,Mobile App,App Bug,Negative,Medium,Pending,31.4,2.7
TKT509339,2025-02-22,Chat,Cards,Card Issue,Neutral,Medium,Pending,30.9,3.6
TKT511479,2025-02-22,Email,Payments,Payment Failed,Positive,Critical,Escalated,60.3,3.0
TKT505731,2025-02-22,Social,Cards,Login Issue,Positive,Low,Pending,32.6,3.6
TKT509490,2025-02-22,Phone,Cards,Loan Query,Positive,High,Pending,35.0,2.9
TKT508570,2025-02-22,Email,Mobile App,Account Access,Neutral,Low,Pending,34.4,3.7
TKT506150,2025-02-22,Chat,Mobile App,Payment Failed,Negative,High,Resolved,25.4,2.3
TKT500700,2025-02-22,Social,Payments,Card Issue,Negative,Medium,Resolved,25.0,2.0
TKT506327,2025-02-22,Social,Loans,App Bug,Negative,Low,Resolved,25.8,2.4
TKT502326,2025-02-23,Phone,Payments,App Bug,Neutral,Medium,Resolved,23.9,3.6
TKT510652,2025-02-23,Chat,Mobile App,Payment Failed,Negative,High,Pending,32.5,3.6
TKT504093,2025-02-23,Email,Payments,Login Issue,Negative,Low,Pending,40.0,3.6
TKT503858,2025-02-23,Chat,Account,Account Access,Negative,Medium,Pending,36.3,3.1
TKT508076,2025-02-23,Phone,Account,Login Issue,Neutral,Medium,Pending,32.0,2.9
TKT505506,2025-02-23,Chat,Payments,App Bug,Negative,Medium,Resolved,20.3,2.5
TKT510094,2025-02-23,Email,Payments,Card Issue,Neutral,Medium,Pending,45.2,4.0
TKT510123,2025-02-23,Chat,Mobile App,App Bug,Negative,Medium,Resolved,13.6,2.7
TKT506501,2025-02-23,Chat,Mobile App,Card Issue,Neutral,High,Pending,39.7,3.2
TKT505045,2025-02-23,Email,Account,App Bug,Negative,Critical,Escalated,56.1,1.5
TKT502528,2025-02-23,Phone,Mobile App,Card Issue,Negative,Low,Resolved,24.9,2.8
TKT506702,2025-02-23,Chat,Payments,Refund Delay,Negative,High,Resolved,24.1,2.5
TKT510608,2025-02-23,Social,Mobile App,Account Access,Positive,Low,Pending,53.5,3.3
TKT509395,2025-02-23,Chat,Cards,Refund Delay,Neutral,High,Resolved,21.2,4.1
TKT505583,2025-02-23,Email,Payments,Card Issue,Neutral,Medium,Pending,36.7,3.2
TKT504731,2025-02-23,Chat,Mobile App,App Bug,Negative,Low,Resolved,15.7,3.2
TKT503478,2025-02-23,Email,Cards,Payment Failed,Positive,Medium,Pending,38.2,3.2
TKT504491,2025-02-23,Phone,Loans,Refund Delay,Positive,Low,Resolved,27.5,3.4
TKT505602,2025-02-23,Email,Payments,App Bug,Negative,High,Pending,42.2,2.4
TKT509847,2025-02-23,Chat,Loans,Loan Query,Positive,Medium,Resolved,14.5,3.1
TKT505996,2025-02-23,Phone,Mobile App,App Bug,Negative,Low,Resolved,22.2,3.1
TKT511711,2025-02-23,Email,Mobile App,Card Issue,Neutral,Medium,Pending,44.1,2.8
TKT502053,2025-02-24,Phone,Payments,Refund Delay,Positive,Medium,Pending,37.4,3.1
TKT503450,2025-02-24,Chat,Loans,Payment Failed,Positive,Low,Resolved,13.4,3.4
TKT501248,2025-02-24,Chat,Payments,Refund Delay,Neutral,Low,Resolved,22.7,3.9
TKT511761,2025-02-24,Phone,Mobile App,Refund Delay,Positive,High,Pending,34.9,3.1
TKT505864,2025-02-24,Phone,Loans,Loan Query,Positive,High,Resolved,27.8,3.9
TKT502142,2025-02-24,Phone,Payments,App Bug,Negative,High,Pending,52.0,2.9
TKT502168,2025-02-24,Phone,Mobile App,Card Issue,Neutral,Medium,Resolved,29.3,4.1
TKT504692,2025-02-24,Chat,Mobile App,Card Issue,Negative,High,Pending,37.1,2.6
TKT504236,2025-02-24,Email,Payments,Login Issue,Negative,High,Pending,49.7,2.2
TKT504215,2025-02-24,Phone,Mobile App,Card Issue,Positive,Low,Pending,30.9,3.5
TKT500992,2025-02-24,Email,Cards,Payment Failed,Negative,Medium,Pending,37.5,2.4
TKT501053,2025-02-24,Chat,Loans,App Bug,Neutral,Medium,Resolved,13.6,3.8
TKT511687,2025-02-24,Chat,Account,App Bug,Neutral,Low,Pending,32.1,4.0
TKT500123,2025-02-24,Chat,Cards,Login Issue,Negative,Medium,Resolved,13.9,2.4
TKT500331,2025-02-24,Email,Mobile App,Payment Failed,Neutral,High,Pending,49.2,3.3
TKT509459,2025-02-24,Email,Mobile App,Payment Failed,Negative,Critical,Pending,49.4,1.3
TKT502959,2025-02-24,Email,Payments,Payment Failed,Positive,Low,Pending,44.8,4.8
TKT501878,2025-02-24,Email,Payments,Payment Failed,Positive,Critical,Pending,51.6,3.6
TKT504239,2025-02-24,Social,Cards,Login Issue,Negative,High,Pending,46.8,3.2
TKT506903,2025-02-24,Email,Mobile App,Card Issue,Negative,Critical,Pending,53.5,2.3
TKT502336,2025-02-24,Social,Mobile App,Login Issue,Negative,High,Pending,34.5,1.4
TKT506126,2025-02-24,Chat,Payments,Login Issue,Negative,Low,Resolved,17.4,3.2
TKT511199,2025-02-24,Email,Payments,Refund Delay,Negative,Medium,Pending,35.2,3.4
TKT500221,2025-02-24,Phone,Account,Card Issue,Negative,High,Pending,40.8,2.2
TKT502396,2025-02-25,Social,Cards,Loan Query,Positive,Low,Resolved,25.1,3.6
TKT509758,2025-02-25,Email,Payments,Login Issue,Positive,Low,Pending,34.1,3.9
TKT500305,2025-02-25,Social,Cards,Loan Query,Negative,Low,Resolved,29.1,2.2
TKT508252,2025-02-25,Chat,Mobile App,Payment Failed,Negative,Medium,Resolved,14.0,3.1
TKT510173,2025-02-25,Chat,Cards,Login Issue,Negative,Low,Resolved,29.3,2.2
TKT507382,2025-02-25,Phone,Mobile App,Login Issue,Negative,High,Resolved,29.2,2.1
TKT509577,2025-02-25,Email,Mobile App,Payment Failed,Negative,Critical,Pending,52.3,2.9
TKT509638,2025-02-25,Email,Payments,Payment Failed,Negative,Critical,Pending,54.7,2.6
TKT503228,2025-02-25,Social,Loans,Refund Delay,Neutral,Low,Resolved,26.6,3.7
TKT508903,2025-02-25,Email,Loans,Card Issue,Neutral,Medium,Pending,39.6,3.3
TKT505815,2025-02-25,Email,Cards,Payment Failed,Negative,High,Pending,41.8,2.3
TKT501982,2025-02-25,Email,Mobile App,Card Issue,Positive,High,Pending,40.6,3.8
TKT504703,2025-02-25,Chat,Payments,Payment Failed,Negative,Critical,Pending,49.6,2.6
TKT502907,2025-02-25,Email,Payments,Payment Failed,Negative,Low,Pending,33.5,3.0
TKT509405,2025-02-25,Email,Payments,App Bug,Negative,Low,Pending,35.0,2.3
TKT506272,2025-02-25,Social,Cards,Account Access,Negative,Medium,Resolved,22.1,2.5
TKT509372,2025-02-25,Chat,Account,Payment Failed,Neutral,Medium,Resolved,22.9,3.5
TKT509727,2025-02-25,Chat,Cards,Payment Failed,Negative,High,Resolved,29.4,1.3
TKT503902,2025-02-25,Phone,Cards,Card Issue,Positive,High,Pending,39.4,4.3
TKT511242,2025-02-25,Email,Account,Payment Failed,Neutral,Low,Pending,46.0,4.1
TKT508921,2025-02-25,Chat,Payments,Loan Query,Negative,High,Pending,33.0,3.2
TKT501377,2025-02-25,Email,Cards,Loan Query,Neutral,Medium,Pending,43.2,4.1
TKT501125,2025-02-25,Email,Account,Login Issue,Positive,Low,Pending,39.2,3.1
TKT509751,2025-02-26,Social,Payments,Account Access,Negative,Medium,Resolved,26.5,2.4
TKT508353,2025-02-26,Chat,Cards,Payment Failed,Negative,Medium,Resolved,13.4,3.2
TKT504245,2025-02-26,Chat,Loans,Login Issue,Positive,Medium,Resolved,25.2,4.2
TKT511653,2025-02-26,Phone,Loans,Account Access,Neutral,Medium,Resolved,26.2,4.9
TKT500903,2025-02-26,Chat,Cards,Login Issue,Negative,High,Pending,30.9,2.8
TKT500393,2025-02-26,Email,Mobile App,Login Issue,Positive,High,Pending,42.0,3.5
TKT504526,2025-02-26,Phone,Mobile App,Login Issue,Neutral,Medium,Resolved,27.1,4.3
TKT505846,2025-02-26,Email,Account,Refund Delay,Negative,High,Pending,46.8,1.8
TKT511029,2025-02-26,Phone,Mobile App,Login Issue,Negative,Medium,Resolved,24.4,2.2
TKT511065,2025-02-26,Phone,Payments,Card Issue,Neutral,High,Pending,47.9,3.4
TKT501293,2025-02-26,Email,Account,Loan Query,Neutral,Medium,Pending,33.5,4.4
TKT510090,2025-02-26,Email,Account,Account Access,Neutral,High,Pending,49.2,3.2
TKT510439,2025-02-26,Chat,Payments,Account Access,Positive,Medium,Resolved,19.1,3.4
TKT506714,2025-02-26,Phone,Account,Login Issue,Negative,Low,Resolved,22.2,2.0
TKT507311,2025-02-26,Phone,Cards,Card Issue,Neutral,Low,Pending,30.9,3.5
TKT508878,2025-02-26,Chat,Loans,Card Issue,Negative,High,Pending,38.9,2.8
TKT509583,2025-02-26,Chat,Loans,Account Access,Positive,Medium,Resolved,15.5,4.0
TKT505112,2025-02-26,Chat,Payments,Account Access,Positive,Low,Resolved,23.7,3.7
TKT508952,2025-02-26,Email,Mobile App,App Bug,Negative,Medium,Pending,41.1,3.5
TKT505688,2025-02-26,Email,Payments,App Bug,Negative,High,Pending,44.2,2.3
TKT507408,2025-02-26,Phone,Payments,App Bug,Positive,Medium,Pending,36.8,4.6
TKT501724,2025-02-26,Chat,Account,Refund Delay,Neutral,Medium,Resolved,13.4,3.0
TKT500185,2025-02-27,Phone,Mobile App,Refund Delay,Negative,Medium,Resolved,27.4,1.7
TKT503772,2025-02-27,Phone,Cards,Card Issue,Neutral,Low,Resolved,24.4,4.2
TKT509258,2025-02-27,Chat,Account,Payment Failed,Negative,High,Pending,31.1,2.1
TKT500104,2025-02-27,Email,Loans,Loan Query,Positive,Medium,Pending,42.6,3.9
TKT503913,2025-02-27,Social,Loans,Refund Delay,Negative,High,Pending,54.6,1.8
TKT503946,2025-02-27,Social,Loans,Refund Delay,Neutral,Low,Pending,31.6,2.1
TKT500338,2025-02-27,Chat,Account,Payment Failed,Neutral,Medium,Resolved,21.1,4.1
TKT508628,2025-02-27,Chat,Cards,Loan Query,Negative,High,Resolved,20.9,2.4
TKT508855,2025-02-27,Social,Account,Login Issue,Neutral,High,Pending,42.3,3.2
TKT504665,2025-02-27,Phone,Mobile App,App Bug,Negative,Medium,Resolved,22.7,3.4
TKT504418,2025-02-27,Social,Account,App Bug,Negative,Medium,Pending,36.2,3.1
TKT505840,2025-02-27,Email,Cards,App Bug,Neutral,High,Pending,48.7,4.6
TKT511109,2025-02-27,Social,Account,Card Issue,Neutral,Medium,Resolved,20.7,2.6
TKT503307,2025-02-27,Chat,Account,Account Access,Negative,Low,Resolved,28.5,3.2
TKT503884,2025-02-27,Chat,Account,Loan Query,Neutral,Medium,Pending,33.6,4.1
TKT507451,2025-02-27,Email,Cards,Payment Failed,Negative,High,Pending,51.1,3.2
TKT502268,2025-02-27,Phone,Mobile App,Card Issue,Neutral,Medium,Resolved,20.5,3.4
TKT508567,2025-02-27,Chat,Loans,Loan Query,Neutral,Low,Resolved,25.2,3.0
TKT504038,2025-02-27,Chat,Payments,Login Issue,Negative,Medium,Resolved,25.6,3.2
TKT508703,2025-02-27,Social,Mobile App,Account Access,Negative,High,Pending,37.8,2.9
TKT505800,2025-02-28,Social,Mobile App,Login Issue,Positive,Medium,Pending,42.9,4.4
TKT505487,2025-02-28,Social,Payments,Card Issue,Neutral,Low,Pending,37.0,3.6
TKT510463,2025-02-28,Chat,Account,Login Issue,Negative,High,Resolved,28.3,3.3
TKT503739,2025-02-28,Chat,Account,App Bug,Neutral,High,Resolved,24.4,3.8
TKT505880,2025-02-28,Social,Loans,Payment Failed,Negative,Medium,Pending,42.1,1.7
TKT508320,2025-02-28,Chat,Cards,Card Issue,Positive,Critical,Pending,48.3,3.1
TKT509449,2025-02-28,Chat,Mobile App,Account Access,Positive,Medium,Resolved,16.3,4.3
TKT502367,2025-02-28,Email,Cards,Login Issue,Positive,Medium,Pending,38.7,3.6
TKT502231,2025-02-28,Social,Payments,Login Issue,Neutral,Medium,Resolved,27.8,3.6
TKT509735,2025-02-28,Phone,Cards,Payment Failed,Neutral,Medium,Resolved,23.3,4.0
TKT506415,2025-02-28,Chat,Cards,Login Issue,Negative,High,Pending,31.3,2.2
TKT508763,2025-02-28,Chat,Account,Refund Delay,Positive,Medium,Resolved,27.1,4.4
TKT511725,2025-02-28,Chat,Mobile App,Login Issue,Neutral,Low,Resolved,21.2,4.5
TKT511746,2025-02-28,Phone,Payments,Login Issue,Negative,Low,Pending,32.1,3.1
TKT511409,2025-02-28,Social,Loans,Payment Failed,Negative,Medium,Pending,31.9,1.7
TKT510069,2025-02-28,Phone,Mobile App,Login Issue,Positive,Medium,Resolved,29.1,3.7
TKT502736,2025-02-28,Chat,Payments,Payment Failed,Negative,Critical,Pending,54.7,2.7
TKT501306,2025-02-28,Email,Mobile App,Account Access,Positive,Medium,Pending,34.5,3.8
TKT501963,2025-02-28,Chat,Account,Login Issue,Neutral,Low,Resolved,18.6,3.7
TKT510820,2025-02-28,Email,Payments,Login Issue,Negative,Low,Pending,30.4,3.4
TKT502286,2025-02-28,Chat,Mobile App,Card Issue,Negative,High,Resolved,23.2,3.4
TKT506361,2025-02-28,Phone,Mobile App,Account Access,Neutral,High,Pending,35.1,3.5
TKT508488,2025-02-28,Chat,Account,Refund Delay,Positive,High,Pending,33.8,4.3
TKT500912,2025-03-01,Email,Mobile App,Login Issue,Neutral,Low,Pending,35.1,3.7
TKT508270,2025-03-01,Chat,Payments,Login Issue,Negative,Medium,Resolved,17.1,1.9
TKT504253,2025-03-01,Chat,Loans,App Bug,Neutral,Low,Pending,35.4,4.4
TKT503352,2025-03-01,Email,Mobile App,Refund Delay,Negative,Low,Pending,33.4,2.8
TKT502319,2025-03-01,Chat,Mobile App,App Bug,Negative,High,Resolved,21.9,2.4
TKT505335,2025-03-01,Email,Payments,Account Access,Positive,High,Pending,50.2,4.2
TKT501431,2025-03-01,Chat,Payments,Card Issue,Negative,High,Pending,30.1,1.6
TKT507662,2025-03-01,Chat,Mobile App,Login Issue,Negative,High,Resolved,29.5,2.3
TKT511626,2025-03-01,Email,Payments,Card Issue,Negative,Medium,Pending,30.9,2.5
TKT505910,2025-03-01,Phone,Cards,Loan Query,Positive,Low,Resolved,25.0,2.9
TKT509535,2025-03-01,Phone,Cards,Loan Query,Positive,Medium,Resolved,28.9,2.7
TKT509330,2025-03-01,Social,Loans,Payment Failed,Negative,Medium,Pending,33.1,3.1
TKT511599,2025-03-01,Phone,Payments,Login Issue,Negative,Low,Resolved,24.3,2.7
TKT501288,2025-03-01,Chat,Account,Card Issue,Neutral,Low,Resolved,19.0,4.3
TKT507483,2025-03-01,Phone,Mobile App,Login Issue,Neutral,Critical,Pending,34.5,3.9
TKT506844,2025-03-01,Chat,Payments,Login Issue,Neutral,Critical,Pending,43.1,3.4
TKT500068,2025-03-01,Social,Mobile App,Payment Failed,Negative,Low,Pending,32.1,2.2
TKT500787,2025-03-01,Chat,Account,Refund Delay,Neutral,Medium,Resolved,25.6,3.7
TKT506245,2025-03-01,Email,Payments,Login Issue,Negative,Critical,Pending,54.6,3.2
TKT504099,2025-03-01,Phone,Mobile App,Loan Query,Negative,Critical,Pending,35.4,2.4
TKT509014,2025-03-01,Phone,Mobile App,Card Issue,Neutral,Critical,Pending,32.7,3.5
TKT510507,2025-03-01,Social,Payments,Loan Query,Positive,High,Pending,36.0,3.1
TKT511503,2025-03-01,Phone,Account,Login Issue,Negative,High,Pending,52.3,2.3
TKT503710,2025-03-01,Email,Cards,Card Issue,Positive,Critical,Escalated,75.4,4.0
TKT510085,2025-03-01,Chat,Payments,Loan Query,Positive,Medium,Resolved,18.0,3.8
TKT502946,2025-03-01,Social,Account,Refund Delay,Positive,Low,Resolved,22.4,3.9
TKT508404,2025-03-01,Chat,Account,Card Issue,Positive,Medium,Resolved,19.7,3.7
TKT501436,2025-03-02,Phone,Account,Refund Delay,Negative,High,Pending,46.0,3.1
TKT511050,2025-03-02,Phone,Loans,App Bug,Negative,High,Pending,36.0,2.8
TKT507238,2025-03-02,Phone,Loans,Loan Query,Positive,Low,Resolved,28.6,4.0
TKT510926,2025-03-02,Chat,Account,Refund Delay,Positive,Medium,Resolved,22.5,4.1
TKT510871,2025-03-02,Phone,Loans,Payment Failed,Negative,Critical,Pending,38.1,2.5
TKT505061,2025-03-02,Chat,Cards,Loan Query,Negative,Low,Resolved,27.9,2.1
TKT500023,2025-03-02,Social,Loans,Refund Delay,Positive,Medium,Pending,33.2,4.1
TKT510060,2025-03-02,Chat,Payments,Account Access,Neutral,High,Pending,30.5,4.0
TKT504520,2025-03-02,Chat,Account,Payment Failed,Negative,High,Resolved,26.4,2.6
TKT503143,2025-03-02,Social,Account,Account Access,Neutral,Low,Pending,42.4,3.0
TKT511197,2025-03-02,Phone,Account,Refund Delay,Neutral,Critical,Pending,35.8,4.1
TKT503244,2025-03-02,Phone,Mobile App,Card Issue,Neutral,Medium,Pending,38.3,3.9
TKT507455,2025-03-02,Chat,Mobile App,Loan Query,Neutral,High,Resolved,25.0,4.0
TKT500094,2025-03-02,Chat,Loans,Payment Failed,Negative,High,Pending,34.8,3.0
TKT505535,2025-03-02,Email,Mobile App,Login Issue,Negative,Medium,Pending,51.3,3.3
TKT500112,2025-03-02,Email,Loans,Refund Delay,Neutral,Low,Pending,48.2,3.7
TKT500846,2025-03-02,Chat,Account,Card Issue,Negative,Low,Resolved,28.2,2.0
TKT500092,2025-03-02,Chat,Mobile App,Login Issue,Negative,High,Pending,36.9,2.7
TKT506409,2025-03-02,Phone,Cards,Card Issue,Neutral,Medium,Resolved,24.8,4.5
TKT501340,2025-03-02,Chat,Account,Account Access,Negative,Low,Resolved,15.0,2.6
TKT501822,2025-03-02,Chat,Payments,Refund Delay,Neutral,Medium,Resolved,22.4,3.9
TKT509788,2025-03-02,Phone,Mobile App,App Bug,Negative,High,Resolved,29.6,3.1
TKT501953,2025-03-02,Email,Cards,Account Access,Neutral,Critical,Pending,43.1,3.2
TKT501409,2025-03-03,Phone,Account,Card Issue,Negative,High,Resolved,28.9,2.5
TKT501210,2025-03-03,Phone,Cards,Login Issue,Positive,Low,Resolved,21.5,4.4
TKT507388,2025-03-03,Email,Payments,Login Issue,Negative,Medium,Pending,48.0,2.8
TKT507090,2025-03-03,Chat,Account,Login Issue,Positive,High,Resolved,23.9,3.7
TKT506579,2025-03-03,Social,Cards,Login Issue,Negative,Medium,Pending,39.4,2.7
TKT509496,2025-03-03,Chat,Mobile App,Account Access,Negative,Low,Resolved,15.2,2.4
TKT500810,2025-03-03,Email,Payments,Account Access,Neutral,High,Pending,49.4,2.9
TKT501031,2025-03-03,Social,Payments,Account Access,Positive,Low,Resolved,26.7,3.4
TKT505590,2025-03-03,Chat,Payments,Payment Failed,Negative,Critical,Resolved,29.3,2.3
TKT507737,2025-03-03,Chat,Payments,App Bug,Neutral,Medium,Resolved,16.1,4.6
TKT507765,2025-03-03,Email,Payments,Account Access,Negative,Low,Pending,46.0,3.2
TKT507626,2025-03-03,Phone,Mobile App,Payment Failed,Positive,Low,Resolved,21.6,3.8
TKT510431,2025-03-04,Phone,Payments,Payment Failed,Negative,High,Pending,32.9,3.7
TKT500108,2025-03-04,Chat,Cards,Refund Delay,Positive,Medium,Resolved,22.7,3.7
TKT505470,2025-03-04,Email,Cards,Login Issue,Positive,Medium,Pending,50.9,4.3
TKT500659,2025-03-04,Chat,Payments,Card Issue,Negative,Medium,Resolved,14.6,2.9
TKT508284,2025-03-04,Social,Payments,Payment Failed,Neutral,High,Pending,39.6,3.8
TKT503879,2025-03-04,Phone,Mobile App,Payment Failed,Negative,Medium,Resolved,24.7,1.9
TKT509538,2025-03-04,Email,Cards,Refund Delay,Positive,Low,Pending,38.5,3.7
TKT506619,2025-03-04,Email,Mobile App,Login Issue,Negative,High,Escalated,57.0,2.1
TKT508476,2025-03-04,Social,Loans,Account Access,Neutral,Critical,Pending,46.0,5.0
TKT511507,2025-03-04,Phone,Payments,Login Issue,Negative,High,Pending,35.9,2.7
TKT509179,2025-03-04,Phone,Payments,Card Issue,Neutral,Low,Resolved,23.9,3.3
TKT511010,2025-03-04,Chat,Payments,Account Access,Negative,High,Resolved,27.7,3.2
TKT503255,2025-03-04,Social,Loans,Payment Failed,Negative,High,Escalated,57.5,3.0
TKT507699,2025-03-04,Email,Loans,Loan Query,Neutral,High,Pending,42.6,3.8
TKT505134,2025-03-04,Phone,Account,Refund Delay,Positive,High,Pending,44.4,3.3
TKT510524,2025-03-04,Chat,Cards,Account Access,Positive,Low,Resolved,24.6,4.2
TKT500336,2025-03-04,Chat,Mobile App,Loan Query,Negative,High,Pending,44.5,3.6
TKT511547,2025-03-04,Phone,Payments,Refund Delay,Positive,High,Pending,36.5,3.7
TKT510708,2025-03-04,Email,Payments,Refund Delay,Neutral,Medium,Pending,50.1,3.9
TKT504192,2025-03-04,Email,Cards,App Bug,Neutral,High,Pending,41.6,4.1
TKT505328,2025-03-04,Email,Payments,App Bug,Negative,Medium,Pending,33.6,2.8
TKT510738,2025-03-04,Email,Mobile App,Payment Failed,Neutral,Medium,Pending,44.8,4.3
TKT509650,2025-03-04,Chat,Mobile App,App Bug,Negative,Low,Resolved,17.6,2.5
TKT505420,2025-03-04,Social,Payments,Loan Query,Positive,High,Pending,35.8,2.8
TKT508261,2025-03-04,Phone,Payments,Card Issue,Positive,Medium,Resolved,22.8,3.3
TKT504472,2025-03-04,Email,Account,Refund Delay,Neutral,Low,Pending,37.4,3.3
TKT511845,2025-03-04,Chat,Loans,Login Issue,Neutral,Medium,Resolved,26.9,3.6
TKT510943,2025-03-04,Chat,Mobile App,Account Access,Positive,Medium,Resolved,15.1,3.2
TKT511148,2025-03-05,Chat,Loans,Login Issue,Neutral,High,Pending,30.7,3.2
TKT511170,2025-03-05,Email,Cards,Loan Query,Neutral,Low,Pending,34.3,4.4
TKT508607,2025-03-05,Phone,Loans,Loan Query,Neutral,Low,Resolved,24.0,4.3
TKT505042,2025-03-05,Phone,Account,Login Issue,Negative,High,Pending,30.1,1.3
TKT500960,2025-03-05,Chat,Mobile App,Login Issue,Positive,High,Resolved,25.2,3.1
TKT501548,2025-03-05,Email,Mobile App,Payment Failed,Negative,Medium,Escalated,68.5,2.8
TKT511786,2025-03-05,Chat,Mobile App,Login Issue,Neutral,Low,Resolved,16.8,3.8
TKT508147,2025-03-05,Phone,Cards,Card Issue,Positive,Medium,Pending,32.1,4.1
TKT504570,2025-03-05,Chat,Mobile App,Refund Delay,Positive,Medium,Resolved,28.8,4.6
TKT510226,2025-03-05,Email,Account,Login Issue,Neutral,Critical,Pending,46.9,3.2
TKT507255,2025-03-05,Chat,Loans,Payment Failed,Positive,Low,Resolved,20.4,4.3
TKT502567,2025-03-05,Chat,Loans,Login Issue,Positive,High,Pending,31.5,4.2
TKT506146,2025-03-05,Chat,Mobile App,App Bug,Negative,High,Resolved,22.9,3.5
TKT500220,2025-03-05,Social,Mobile App,Loan Query,Negative,High,Pending,31.0,2.8
TKT506854,2025-03-05,Chat,Payments,Account Access,Positive,Medium,Resolved,17.2,3.5
TKT503614,2025-03-05,Chat,Mobile App,Card Issue,Neutral,High,Pending,34.4,4.3
TKT508217,2025-03-05,Phone,Payments,Payment Failed,Positive,Medium,Resolved,28.1,3.4
TKT505515,2025-03-05,Phone,Payments,Account Access,Positive,Medium,Resolved,29.7,3.6
TKT507807,2025-03-06,Email,Cards,Loan Query,Positive,Low,Pending,40.2,3.5
TKT503505,2025-03-06,Email,Mobile App,Payment Failed,Negative,High,Escalated,65.3,2.2
TKT511339,2025-03-06,Chat,Account,Login Issue,Positive,High,Pending,40.2,3.6
TKT509940,2025-03-06,Chat,Account,Login Issue,Negative,High,Resolved,20.9,3.0
TKT506116,2025-03-06,Chat,Mobile App,Account Access,Negative,High,Pending,45.1,2.5
TKT503760,2025-03-06,Email,Loans,Login Issue,Neutral,Low,Pending,34.7,4.3
TKT503024,2025-03-06,Chat,Payments,App Bug,Negative,High,Pending,31.5,2.7
TKT508742,2025-03-06,Email,Mobile App,Login Issue,Neutral,Medium,Pending,54.7,4.7
TKT500662,2025-03-06,Social,Mobile App,Card Issue,Neutral,Medium,Resolved,21.8,3.3
TKT504220,2025-03-06,Social,Mobile App,Loan Query,Negative,High,Pending,36.0,2.5
TKT500762,2025-03-06,Phone,Payments,Refund Delay,Positive,Medium,Resolved,29.2,3.9
TKT500733,2025-03-06,Chat,Payments,Payment Failed,Neutral,Critical,Pending,46.8,3.7
TKT509530,2025-03-06,Phone,Account,Card Issue,Negative,Low,Resolved,22.3,2.1
TKT502963,2025-03-06,Chat,Account,Account Access,Negative,Low,Resolved,20.6,3.3
TKT510464,2025-03-06,Chat,Loans,Login Issue,Negative,High,Pending,35.0,2.1
TKT510081,2025-03-06,Chat,Cards,Payment Failed,Negative,Medium,Resolved,13.9,2.4
TKT511685,2025-03-06,Phone,Mobile App,App Bug,Negative,Medium,Resolved,22.3,1.5
TKT505313,2025-03-06,Phone,Loans,Account Access,Negative,High,Pending,37.2,2.1
TKT509551,2025-03-06,Email,Loans,Payment Failed,Positive,Low,Pending,38.1,2.9
TKT503328,2025-03-07,Phone,Payments,Loan Query,Positive,Medium,Pending,32.0,4.1
TKT508480,2025-03-07,Phone,Payments,Account Access,Neutral,Low,Pending,33.1,3.7
TKT508563,2025-03-07,Chat,Payments,Card Issue,Negative,High,Pending,33.7,2.3
TKT508299,2025-03-07,Phone,Account,Refund Delay,Positive,Low,Resolved,23.5,3.0
TKT502896,2025-03-07,Chat,Cards,App Bug,Negative,High,Resolved,29.7,2.3
TKT504321,2025-03-07,Social,Mobile App,Refund Delay,Neutral,Low,Resolved,26.7,5.0
TKT503855,2025-03-07,Phone,Mobile App,Payment Failed,Neutral,Critical,Escalated,74.3,2.5
TKT502846,2025-03-07,Email,Account,Login Issue,Neutral,Medium,Pending,46.7,3.1
TKT511576,2025-03-07,Email,Cards,Card Issue,Positive,Low,Pending,36.9,4.0
TKT506699,2025-03-07,Chat,Mobile App,Card Issue,Negative,Low,Resolved,13.9,3.2
TKT504015,2025-03-07,Phone,Mobile App,Payment Failed,Neutral,Medium,Resolved,28.2,4.3
TKT504927,2025-03-07,Chat,Mobile App,Login Issue,Negative,Medium,Resolved,26.1,2.6
TKT505653,2025-03-07,Chat,Payments,Login Issue,Negative,High,Resolved,29.8,2.8
TKT503545,2025-03-07,Email,Account,Refund Delay,Negative,Medium,Pending,44.9,1.7
TKT508676,2025-03-07,Chat,Payments,Login Issue,Negative,High,Resolved,28.4,2.4
TKT510350,2025-03-07,Phone,Mobile App,Card Issue,Negative,Low,Pending,31.1,2.5
TKT505421,2025-03-07,Social,Cards,Login Issue,Positive,Medium,Resolved,26.1,3.1
TKT500753,2025-03-07,Phone,Account,Payment Failed,Positive,High,Pending,31.8,4.3
TKT506068,2025-03-07,Email,Account,Payment Failed,Neutral,Critical,Escalated,62.2,4.4
TKT501137,2025-03-07,Phone,Account,Loan Query,Positive,Medium,Pending,33.7,3.2
TKT510181,2025-03-07,Chat,Mobile App,Loan Query,Negative,Medium,Resolved,23.5,3.1
TKT509095,2025-03-07,Phone,Payments,App Bug,Neutral,Low,Resolved,24.0,3.7
TKT503153,2025-03-07,Email,Loans,Account Access,Negative,High,Pending,48.1,2.9
TKT502774,2025-03-07,Chat,Mobile App,Login Issue,Negative,High,Resolved,24.5,3.9
TKT511651,2025-03-07,Phone,Loans,Refund Delay,Neutral,Medium,Resolved,21.7,4.1
TKT511382,2025-03-07,Chat,Loans,Account Access,Negative,High,Pending,45.5,2.0
TKT510167,2025-03-07,Social,Payments,Account Access,Positive,Low,Pending,35.4,4.2
TKT503590,2025-03-07,Social,Payments,Account Access,Positive,Low,Resolved,21.2,4.2
TKT510879,2025-03-08,Social,Mobile App,Payment Failed,Positive,High,Pending,40.6,3.3
TKT507306,2025-03-08,Chat,Payments,Payment Failed,Negative,High,Escalated,60.1,1.8
TKT500542,2025-03-08,Phone,Loans,Login Issue,Neutral,Medium,Pending,40.1,3.6
TKT508467,2025-03-08,Chat,Mobile App,Account Access,Negative,High,Resolved,27.5,2.5
TKT504019,2025-03-08,Email,Payments,Account Access,Positive,Low,Escalated,55.6,3.1
TKT501894,2025-03-08,Chat,Mobile App,Refund Delay,Positive,High,Resolved,19.9,4.2
TKT507840,2025-03-08,Phone,Account,Payment Failed,Negative,Critical,Pending,37.6,2.6
TKT501481,2025-03-08,Chat,Mobile App,Loan Query,Neutral,High,Pending,44.7,2.8
TKT511974,2025-03-08,Phone,Account,Refund Delay,Negative,High,Pending,40.8,3.2
TKT509378,2025-03-08,Chat,Mobile App,Payment Failed,Neutral,High,Pending,33.8,3.7
TKT500559,2025-03-08,Phone,Account,Card Issue,Negative,Critical,Pending,41.4,1.7
TKT505676,2025-03-08,Phone,Mobile App,Card Issue,Neutral,Low,Resolved,21.7,4.6
TKT502547,2025-03-08,Social,Loans,Login Issue,Neutral,High,Pending,39.0,3.5
TKT502351,2025-03-08,Email,Account,Card Issue,Neutral,Critical,Pending,51.6,2.8
TKT508466,2025-03-08,Chat,Mobile App,Login Issue,Negative,Low,Resolved,13.5,3.1
TKT503890,2025-03-08,Email,Account,App Bug,Negative,Medium,Pending,33.7,1.9
TKT509960,2025-03-08,Chat,Account,Card Issue,Negative,Low,Resolved,20.1,2.6
TKT506882,2025-03-08,Phone,Cards,Login Issue,Negative,Low,Resolved,25.6,3.2
TKT503740,2025-03-08,Social,Mobile App,App Bug,Negative,High,Pending,30.6,1.9
TKT511222,2025-03-08,Chat,Payments,Payment Failed,Neutral,High,Pending,38.7,4.2
TKT500266,2025-03-08,Chat,Account,Loan Query,Negative,High,Pending,36.1,3.8
TKT505561,2025-03-08,Email,Mobile App,Card Issue,Neutral,High,Pending,52.3,4.3
TKT506560,2025-03-08,Email,Mobile App,Account Access,Positive,Low,Escalated,56.2,2.3
TKT500817,2025-03-08,Social,Mobile App,App Bug,Negative,High,Pending,44.7,2.2
TKT501206,2025-03-08,Phone,Account,Payment Failed,Neutral,Medium,Resolved,19.4,3.6
TKT504420,2025-03-09,Phone,Payments,Loan Query,Negative,High,Resolved,28.3,3.3
TKT510441,2025-03-09,Chat,Payments,Payment Failed,Neutral,High,Pending,31.7,4.0
TKT511134,2025-03-09,Email,Mobile App,Login Issue,Negative,High,Pending,44.9,2.3
TKT506345,2025-03-09,Phone,Cards,Refund Delay,Negative,High,Resolved,28.3,3.3
TKT507747,2025-03-09,Social,Loans,Payment Failed,Negative,High,Pending,30.6,3.0
TKT502955,2025-03-09,Chat,Payments,Card Issue,Neutral,Low,Resolved,15.3,4.3
TKT501386,2025-03-09,Social,Mobile App,Card Issue,Positive,Low,Pending,34.2,3.0
TKT507117,2025-03-09,Social,Loans,Loan Query,Negative,High,Pending,37.0,2.6
TKT503408,2025-03-09,Social,Account,Refund Delay,Positive,Critical,Pending,41.7,3.9
TKT505560,2025-03-09,Email,Mobile App,Refund Delay,Positive,Low,Pending,43.0,3.5
TKT500122,2025-03-09,Phone,Loans,Loan Query,Positive,Low,Pending,36.4,3.3
TKT509028,2025-03-09,Phone,Mobile App,Card Issue,Negative,Low,Pending,38.6,3.0
TKT506348,2025-03-09,Chat,Payments,Loan Query,Positive,Low,Resolved,14.5,4.4
TKT502507,2025-03-09,Social,Cards,Payment Failed,Negative,High,Pending,31.5,3.1
TKT511516,2025-03-09,Chat,Mobile App,Payment Failed,Negative,Low,Resolved,16.9,3.2
TKT505227,2025-03-09,Email,Loans,App Bug,Neutral,Low,Pending,36.4,4.3
TKT511562,2025-03-09,Phone,Payments,Card Issue,Positive,High,Pending,32.4,3.8
TKT502314,2025-03-09,Email,Payments,Payment Failed,Neutral,Medium,Pending,35.8,3.6
TKT511665,2025-03-09,Email,Payments,Login Issue,Neutral,Low,Pending,44.0,3.7
TKT502467,2025-03-09,Chat,Loans,Card Issue,Negative,High,Resolved,27.3,3.0
TKT501296,2025-03-09,Chat,Payments,Login Issue,Negative,Low,Resolved,22.5,3.0
TKT507047,2025-03-09,Email,Account,Login Issue,Neutral,Low,Pending,51.1,4.2
TKT511172,2025-03-09,Phone,Account,Loan Query,Neutral,High,Pending,40.3,3.6
TKT503020,2025-03-09,Phone,Account,App Bug,Negative,Medium,Resolved,26.9,3.2
TKT504661,2025-03-10,Email,Account,Refund Delay,Negative,High,Escalated,75.8,2.4
TKT502415,2025-03-10,Email,Mobile App,Card Issue,Negative,Critical,Escalated,61.0,1.5
TKT507604,2025-03-10,Social,Account,Refund Delay,Neutral,High,Pending,48.9,4.3
TKT507094,2025-03-10,Chat,Mobile App,Login Issue,Negative,High,Pending,51.2,2.1
TKT501373,2025-03-10,Chat,Account,Card Issue,Neutral,Medium,Resolved,27.5,4.8
TKT507616,2025-03-10,Phone,Mobile App,Payment Failed,Negative,Medium,Pending,30.7,3.2
TKT502816,2025-03-10,Email,Account,Login Issue,Negative,Low,Pending,32.4,1.8
TKT507202,2025-03-10,Phone,Mobile App,Payment Failed,Negative,High,Resolved,28.6,3.0
TKT508633,2025-03-10,Chat,Payments,Payment Failed,Negative,Low,Resolved,24.5,2.4
TKT503243,2025-03-10,Chat,Loans,Login Issue,Positive,Low,Resolved,21.5,3.5
TKT510842,2025-03-10,Chat,Payments,App Bug,Positive,High,Resolved,28.5,4.3
TKT500086,2025-03-10,Email,Payments,Loan Query,Neutral,Low,Pending,41.2,4.3
TKT511924,2025-03-10,Social,Cards,Loan Query,Neutral,Medium,Pending,30.9,3.7
TKT507172,2025-03-10,Social,Payments,Account Access,Negative,Low,Pending,33.3,2.3
TKT504062,2025-03-10,Phone,Account,Account Access,Positive,Low,Resolved,20.4,4.5
TKT501254,2025-03-10,Email,Payments,Loan Query,Positive,Medium,Pending,42.1,5.0
TKT505672,2025-03-10,Phone,Payments,Login Issue,Positive,Medium,Resolved,26.9,3.8
TKT505684,2025-03-10,Phone,Payments,Login Issue,Positive,Low,Resolved,21.4,3.1
TKT508534,2025-03-10,Chat,Account,Account Access,Negative,High,Pending,31.1,1.8
TKT507372,2025-03-10,Chat,Loans,Account Access,Neutral,High,Pending,33.1,3.1
TKT509473,2025-03-10,Chat,Payments,Loan Query,Neutral,Medium,Resolved,21.9,3.4
TKT504497,2025-03-10,Email,Payments,Login Issue,Negative,High,Pending,41.6,2.3
TKT506159,2025-03-10,Email,Mobile App,Payment Failed,Neutral,High,Pending,39.9,4.2
TKT508528,2025-03-10,Email,Mobile App,Card Issue,Neutral,Low,Pending,53.8,3.3
TKT501995,2025-03-11,Chat,Loans,Login Issue,Neutral,Medium,Resolved,22.7,3.6
TKT502252,2025-03-11,Email,Cards,Account Access,Neutral,Low,Pending,40.5,3.1
TKT504022,2025-03-11,Phone,Mobile App,Payment Failed,Neutral,Medium,Pending,30.9,4.1
TKT503810,2025-03-11,Email,Cards,Payment Failed,Positive,Medium,Pending,46.9,3.7
TKT503823,2025-03-11,Email,Loans,Refund Delay,Negative,Medium,Pending,36.9,1.7
TKT506677,2025-03-11,Email,Account,Card Issue,Negative,Medium,Pending,34.6,3.0
TKT506525,2025-03-11,Phone,Payments,Loan Query,Negative,High,Pending,54.2,2.7
TKT508369,2025-03-11,Phone,Cards,Payment Failed,Negative,Low,Resolved,21.1,2.0
TKT501403,2025-03-11,Chat,Mobile App,Account Access,Neutral,Medium,Resolved,14.8,4.5
TKT503562,2025-03-11,Social,Loans,Payment Failed,Negative,Medium,Resolved,24.0,2.7
TKT511678,2025-03-11,Chat,Payments,App Bug,Positive,Low,Resolved,16.9,4.0
TKT501026,2025-03-11,Phone,Mobile App,Card Issue,Negative,High,Pending,33.5,2.9
TKT511103,2025-03-11,Chat,Payments,Payment Failed,Neutral,Critical,Pending,31.2,2.7
TKT506865,2025-03-11,Email,Payments,Account Access,Negative,Medium,Pending,38.0,2.2
TKT507748,2025-03-11,Chat,Cards,Payment Failed,Negative,High,Resolved,26.5,2.1
TKT501304,2025-03-11,Email,Account,Payment Failed,Negative,High,Pending,40.3,2.4
TKT501361,2025-03-12,Email,Account,Account Access,Positive,Low,Pending,36.4,4.5
TKT505640,2025-03-12,Chat,Cards,Loan Query,Neutral,Medium,Resolved,21.5,3.9
TKT509198,2025-03-12,Phone,Account,Account Access,Positive,Medium,Pending,30.1,3.7
TKT500008,2025-03-12,Chat,Payments,Payment Failed,Negative,High,Resolved,28.4,3.4
TKT506715,2025-03-12,Email,Account,Login Issue,Negative,Medium,Pending,32.9,3.0
TKT507809,2025-03-12,Phone,Account,Loan Query,Neutral,Low,Resolved,26.1,4.0
TKT508008,2025-03-12,Email,Mobile App,Login Issue,Neutral,Medium,Pending,51.0,4.3
TKT504896,2025-03-12,Chat,Payments,Payment Failed,Neutral,Medium,Pending,32.5,3.8
TKT510207,2025-03-12,Email,Loans,Refund Delay,Negative,High,Pending,48.2,2.3
TKT501450,2025-03-12,Phone,Payments,Card Issue,Negative,High,Pending,50.1,2.5
TKT505943,2025-03-12,Chat,Mobile App,Login Issue,Negative,High,Pending,45.7,2.7
TKT509306,2025-03-12,Chat,Cards,Payment Failed,Negative,High,Resolved,22.4,2.7
TKT504780,2025-03-12,Chat,Cards,Payment Failed,Neutral,Low,Resolved,16.0,3.7
TKT500807,2025-03-12,Chat,Loans,Card Issue,Neutral,Critical,Resolved,29.1,3.6
TKT510154,2025-03-12,Email,Payments,App Bug,Negative,High,Pending,40.7,2.8
TKT505536,2025-03-13,Email,Account,Refund Delay,Positive,Low,Pending,38.4,3.3
TKT510242,2025-03-13,Chat,Payments,Login Issue,Negative,Medium,Pending,45.3,2.3
TKT509211,2025-03-13,Chat,Account,Refund Delay,Negative,Medium,Resolved,22.5,2.8
TKT509114,2025-03-13,Social,Payments,App Bug,Positive,Low,Resolved,27.1,3.2
TKT508622,2025-03-13,Social,Loans,Login Issue,Positive,Low,Resolved,29.8,3.1
TKT509709,2025-03-13,Email,Loans,App Bug,Neutral,Medium,Pending,46.5,5.0
TKT510682,2025-03-13,Email,Payments,Login Issue,Negative,High,Pending,42.9,2.8
TKT504808,2025-03-13,Chat,Mobile App,Payment Failed,Neutral,Medium,Resolved,17.0,4.0
TKT511294,2025-03-13,Chat,Payments,Login Issue,Neutral,Medium,Resolved,16.6,2.6
TKT502705,2025-03-13,Email,Cards,App Bug,Neutral,Medium,Pending,32.8,2.9
TKT507655,2025-03-13,Phone,Account,Payment Failed,Negative,Low,Resolved,29.6,2.1
TKT506832,2025-03-13,Email,Account,Card Issue,Positive,Low,Pending,44.6,4.1
TKT504926,2025-03-13,Chat,Mobile App,Payment Failed,Negative,High,Resolved,23.2,2.5
TKT504282,2025-03-13,Email,Loans,Loan Query,Neutral,High,Pending,44.8,3.4
TKT501094,2025-03-13,Chat,Mobile App,App Bug,Negative,High,Resolved,21.3,3.2
TKT511497,2025-03-13,Chat,Account,Loan Query,Positive,Medium,Resolved,19.8,3.4
TKT501091,2025-03-13,Social,Payments,Login Issue,Negative,Medium,Resolved,23.1,2.4
TKT504534,2025-03-13,Email,Mobile App,Card Issue,Neutral,Critical,Pending,53.4,4.0
TKT502589,2025-03-13,Email,Payments,Payment Failed,Neutral,Critical,Escalated,58.9,3.3
TKT507514,2025-03-13,Chat,Mobile App,Payment Failed,Negative,High,Pending,30.3,2.8
TKT500325,2025-03-13,Chat,Payments,App Bug,Neutral,High,Resolved,26.9,3.5
TKT504408,2025-03-13,Chat,Mobile App,Refund Delay,Positive,Medium,Resolved,23.3,3.9
TKT501057,2025-03-13,Phone,Account,Account Access,Negative,High,Resolved,27.0,2.6
TKT510904,2025-03-13,Email,Payments,Login Issue,Negative,Low,Pending,37.1,2.6
TKT501313,2025-03-13,Email,Account,Account Access,Neutral,Low,Escalated,56.8,1.7
TKT508635,2025-03-14,Chat,Cards,Payment Failed,Positive,Critical,Resolved,28.9,3.9
TKT509928,2025-03-14,Phone,Loans,Login Issue,Neutral,Low,Pending,34.1,3.7
TKT502222,2025-03-14,Chat,Payments,Login Issue,Negative,High,Resolved,28.3,2.8
TKT500538,2025-03-14,Email,Mobile App,App Bug,Negative,Medium,Pending,34.0,3.0
TKT502667,2025-03-14,Phone,Loans,Account Access,Negative,High,Pending,40.7,2.6
TKT502254,2025-03-14,Phone,Account,Login Issue,Negative,High,Pending,34.8,3.1
TKT505162,2025-03-14,Phone,Account,Refund Delay,Negative,Low,Resolved,20.7,1.2
TKT511149,2025-03-14,Email,Mobile App,Refund Delay,Neutral,Low,Pending,37.8,2.9
TKT510387,2025-03-14,Email,Loans,Loan Query,Neutral,Critical,Pending,49.5,3.5
TKT509618,2025-03-14,Social,Loans,Account Access,Neutral,Medium,Resolved,21.8,3.3
TKT507164,2025-03-14,Chat,Payments,Login Issue,Negative,High,Pending,38.3,3.7
TKT507711,2025-03-14,Chat,Cards,Payment Failed,Neutral,Low,Resolved,17.2,3.5
TKT505762,2025-03-14,Social,Cards,Account Access,Neutral,High,Resolved,29.8,4.3
TKT500999,2025-03-14,Phone,Mobile App,Login Issue,Negative,High,Pending,30.3,3.8
TKT502506,2025-03-14,Chat,Cards,Login Issue,Neutral,Low,Resolved,13.7,4.6
TKT504750,2025-03-14,Email,Mobile App,Payment Failed,Negative,High,Pending,51.8,2.7
TKT501704,2025-03-14,Chat,Mobile App,Account Access,Negative,High,Pending,38.5,2.6
TKT511398,2025-03-14,Email,Account,Payment Failed,Negative,High,Pending,38.0,3.1
TKT504176,2025-03-14,Email,Mobile App,App Bug,Negative,High,Pending,39.8,2.6
TKT504980,2025-03-14,Chat,Account,Account Access,Negative,High,Resolved,24.6,1.9
TKT502153,2025-03-14,Email,Cards,Payment Failed,Positive,Medium,Pending,37.3,3.0
TKT504705,2025-03-14,Chat,Cards,App Bug,Negative,High,Resolved,29.6,2.7
TKT507792,2025-03-14,Chat,Account,Payment Failed,Negative,Critical,Pending,34.7,2.3
TKT509966,2025-03-14,Email,Account,Loan Query,Positive,Low,Pending,39.7,3.9
TKT509111,2025-03-14,Email,Cards,Payment Failed,Neutral,Medium,Pending,46.1,4.0
TKT511465,2025-03-14,Phone,Payments,App Bug,Negative,Medium,Resolved,21.6,2.3
TKT506037,2025-03-14,Chat,Payments,Login Issue,Positive,Medium,Resolved,15.7,3.6
TKT503900,2025-03-14,Chat,Mobile App,Refund Delay,Negative,Medium,Resolved,26.5,2.5
TKT501284,2025-03-15,Phone,Loans,Account Access,Neutral,Medium,Resolved,20.6,3.5
TKT511564,2025-03-15,Chat,Mobile App,Login Issue,Neutral,High,Resolved,22.7,4.0
TKT501171,2025-03-15,Email,Cards,Account Access,Negative,High,Pending,38.4,2.3
TKT504013,2025-03-15,Phone,Loans,Login Issue,Negative,Low,Resolved,22.9,2.0
TKT506871,2025-03-15,Phone,Account,Card Issue,Positive,Medium,Resolved,26.0,4.0
TKT509231,2025-03-15,Chat,Payments,Payment Failed,Negative,High,Pending,35.0,2.2
TKT500453,2025-03-15,Chat,Mobile App,Login Issue,Negative,High,Pending,32.6,2.0
TKT502260,2025-03-15,Phone,Mobile App,Refund Delay,Negative,Medium,Resolved,19.0,2.4
TKT509421,2025-03-15,Chat,Mobile App,Card Issue,Positive,Medium,Resolved,24.0,3.5
TKT500862,2025-03-15,Email,Account,Payment Failed,Negative,High,Pending,44.2,2.7
TKT504938,2025-03-15,Phone,Mobile App,Refund Delay,Negative,Low,Resolved,20.0,3.1
TKT500208,2025-03-15,Phone,Cards,Login Issue,Neutral,Medium,Pending,33.2,4.1
TKT507150,2025-03-15,Chat,Mobile App,Card Issue,Positive,Medium,Resolved,29.3,4.1
TKT504844,2025-03-15,Phone,Loans,Refund Delay,Positive,Critical,Pending,37.2,3.9
TKT511539,2025-03-15,Email,Account,Refund Delay,Positive,Medium,Pending,43.3,4.7
TKT505875,2025-03-15,Phone,Account,Account Access,Negative,High,Pending,41.8,2.8
TKT504027,2025-03-15,Phone,Mobile App,Account Access,Negative,Medium,Resolved,21.8,3.3
TKT504356,2025-03-16,Phone,Account,App Bug,Negative,Medium,Resolved,22.8,3.4
TKT511058,2025-03-16,Email,Mobile App,Loan Query,Negative,High,Pending,44.4,2.7
TKT503464,2025-03-16,Chat,Cards,Loan Query,Positive,Low,Resolved,19.6,4.8
TKT508979,2025-03-16,Phone,Payments,Refund Delay,Positive,Low,Resolved,24.6,3.9
TKT508930,2025-03-16,Phone,Payments,Refund Delay,Negative,Medium,Resolved,23.2,1.9
TKT509593,2025-03-16,Chat,Payments,Account Access,Negative,High,Resolved,23.2,2.8
TKT504325,2025-03-16,Chat,Payments,Refund Delay,Positive,High,Resolved,22.6,4.0
TKT505735,2025-03-16,Chat,Payments,Refund Delay,Negative,High,Pending,32.6,2.1
TKT511984,2025-03-16,Phone,Cards,Refund Delay,Positive,Medium,Pending,33.1,3.8
TKT502950,2025-03-16,Phone,Payments,Card Issue,Positive,High,Pending,36.3,3.2
TKT508849,2025-03-16,Chat,Cards,Payment Failed,Negative,Low,Resolved,22.2,2.1
TKT502072,2025-03-16,Email,Loans,Login Issue,Neutral,Low,Pending,41.7,4.2
TKT502872,2025-03-16,Email,Mobile App,Account Access,Neutral,High,Pending,41.7,2.9
TKT506782,2025-03-16,Chat,Account,App Bug,Neutral,Medium,Resolved,21.7,3.8
TKT505377,2025-03-16,Social,Loans,Account Access,Negative,Medium,Resolved,23.5,3.2
TKT503959,2025-03-16,Social,Cards,Loan Query,Negative,High,Pending,35.9,3.2
TKT510779,2025-03-16,Chat,Loans,Refund Delay,Positive,Medium,Pending,52.1,4.8
TKT504843,2025-03-16,Chat,Payments,Payment Failed,Neutral,Medium,Resolved,15.3,4.1
TKT504213,2025-03-16,Social,Account,App Bug,Negative,High,Pending,47.3,2.2
TKT508546,2025-03-17,Email,Cards,App Bug,Neutral,High,Pending,41.7,3.4
TKT510549,2025-03-17,Social,Loans,Refund Delay,Neutral,Low,Resolved,21.7,3.7
TKT501663,2025-03-17,Chat,Payments,Login Issue,Neutral,High,Resolved,23.2,4.2
TKT503327,2025-03-17,Phone,Payments,Refund Delay,Negative,High,Pending,35.4,3.1
TKT503227,2025-03-17,Phone,Mobile App,Login Issue,Neutral,Medium,Resolved,25.9,3.6
TKT501842,2025-03-17,Chat,Mobile App,Account Access,Neutral,Critical,Pending,33.7,2.8
TKT505461,2025-03-17,Chat,Payments,Refund Delay,Negative,Medium,Resolved,17.3,2.7
TKT509648,2025-03-17,Email,Account,Login Issue,Neutral,Medium,Pending,45.5,4.0
TKT508292,2025-03-17,Phone,Mobile App,Loan Query,Positive,Low,Resolved,24.2,4.9
TKT502014,2025-03-17,Email,Mobile App,Refund Delay,Neutral,Medium,Pending,43.1,4.6
TKT505895,2025-03-17,Chat,Mobile App,Loan Query,Positive,High,Resolved,24.8,4.4
TKT510016,2025-03-17,Chat,Payments,Account Access,Positive,Medium,Pending,30.6,4.6
TKT504933,2025-03-17,Chat,Mobile App,Login Issue,Negative,Medium,Resolved,20.5,2.4
TKT511556,2025-03-17,Chat,Mobile App,App Bug,Negative,High,Pending,34.8,2.9
TKT511555,2025-03-17,Phone,Account,Payment Failed,Neutral,Medium,Pending,44.1,3.0
TKT507676,2025-03-17,Chat,Mobile App,Payment Failed,Neutral,Low,Resolved,23.1,3.1
TKT511935,2025-03-17,Chat,Mobile App,Payment Failed,Neutral,Low,Resolved,20.5,2.9
TKT508640,2025-03-17,Chat,Mobile App,Card Issue,Negative,High,Resolved,26.2,2.7
TKT509864,2025-03-18,Chat,Account,Refund Delay,Negative,High,Resolved,24.1,2.9
TKT504715,2025-03-18,Phone,Cards,Payment Failed,Neutral,Medium,Resolved,21.4,3.9
TKT504880,2025-03-18,Email,Payments,Payment Failed,Neutral,High,Pending,41.3,3.6
TKT504240,2025-03-18,Email,Loans,Login Issue,Negative,High,Pending,43.1,1.1
TKT508133,2025-03-18,Email,Loans,Payment Failed,Negative,High,Pending,54.2,2.3
TKT501182,2025-03-18,Phone,Account,Card Issue,Negative,Medium,Pending,32.9,2.0
TKT502682,2025-03-18,Email,Payments,App Bug,Negative,High,Pending,50.7,2.6
TKT503732,2025-03-18,Chat,Loans,Login Issue,Positive,Medium,Resolved,23.1,3.0
TKT509159,2025-03-18,Phone,Cards,Account Access,Neutral,Low,Pending,30.4,3.4
TKT502079,2025-03-18,Chat,Payments,Payment Failed,Neutral,Critical,Pending,44.4,3.8
TKT503790,2025-03-18,Chat,Payments,Payment Failed,Negative,High,Resolved,20.9,2.5
TKT511250,2025-03-18,Phone,Payments,Refund Delay,Positive,Medium,Resolved,22.2,3.6
TKT504747,2025-03-18,Phone,Account,Payment Failed,Neutral,Low,Pending,37.8,3.7
TKT507968,2025-03-18,Social,Cards,Payment Failed,Negative,Medium,Resolved,25.2,2.4
TKT502808,2025-03-18,Chat,Payments,Payment Failed,Positive,Medium,Resolved,29.0,4.0
TKT502450,2025-03-18,Chat,Payments,Login Issue,Neutral,High,Pending,30.6,3.9
TKT508462,2025-03-18,Phone,Cards,Refund Delay,Neutral,Low,Resolved,21.7,3.9
TKT509253,2025-03-18,Email,Cards,Account Access,Positive,Low,Pending,30.6,3.0
TKT508436,2025-03-18,Email,Payments,App Bug,Negative,Medium,Pending,40.6,2.3
TKT505216,2025-03-18,Social,Payments,Card Issue,Neutral,Low,Resolved,22.8,3.6
TKT510266,2025-03-18,Email,Payments,Loan Query,Neutral,Low,Pending,40.1,3.1
TKT506685,2025-03-18,Social,Loans,Payment Failed,Negative,High,Pending,38.5,2.7
TKT510885,2025-03-19,Chat,Cards,App Bug,Neutral,Low,Resolved,17.0,2.9
TKT500502,2025-03-19,Chat,Mobile App,Loan Query,Neutral,High,Pending,34.7,3.5
TKT503944,2025-03-19,Email,Account,Refund Delay,Positive,Medium,Pending,41.6,2.8
TKT506909,2025-03-19,Email,Payments,Card Issue,Neutral,Medium,Pending,48.6,2.8
TKT507443,2025-03-19,Social,Payments,Account Access,Neutral,High,Pending,35.7,4.3
TKT506414,2025-03-19,Phone,Payments,Refund Delay,Positive,Medium,Resolved,23.9,3.0
TKT506694,2025-03-19,Email,Mobile App,Refund Delay,Neutral,High,Pending,44.4,3.8
TKT508091,2025-03-19,Email,Payments,Account Access,Positive,Low,Pending,44.0,3.8
TKT501798,2025-03-19,Email,Loans,Login Issue,Negative,High,Pending,52.7,2.8
TKT505510,2025-03-19,Phone,Account,Account Access,Negative,Low,Pending,33.9,2.8
TKT500007,2025-03-19,Chat,Loans,Login Issue,Negative,Low,Resolved,20.4,3.6
TKT509907,2025-03-19,Chat,Payments,Card Issue,Neutral,Low,Pending,32.6,4.4
TKT501783,2025-03-19,Social,Payments,Loan Query,Negative,High,Pending,40.2,3.3
TKT502382,2025-03-19,Email,Payments,Login Issue,Positive,Medium,Pending,38.0,4.8
TKT501517,2025-03-19,Email,Cards,Login Issue,Positive,Critical,Pending,46.3,3.2
TKT508974,2025-03-19,Chat,Loans,Card Issue,Neutral,Medium,Resolved,19.5,3.8
TKT503617,2025-03-19,Chat,Loans,Payment Failed,Negative,Critical,Pending,34.2,2.9
TKT504070,2025-03-19,Phone,Cards,Card Issue,Negative,Medium,Resolved,21.2,2.6
TKT508501,2025-03-19,Phone,Payments,Payment Failed,Negative,High,Resolved,28.3,2.2
TKT500048,2025-03-19,Social,Mobile App,Card Issue,Neutral,High,Escalated,80.8,3.4
TKT510544,2025-03-19,Email,Account,Refund Delay,Negative,High,Pending,37.6,2.0
TKT508680,2025-03-19,Chat,Account,Login Issue,Negative,Low,Resolved,22.8,3.4
TKT510949,2025-03-19,Email,Mobile App,Refund Delay,Neutral,Low,Pending,36.7,4.1
TKT507780,2025-03-19,Social,Account,Loan Query,Positive,High,Pending,32.6,4.7
TKT509020,2025-03-19,Chat,Account,Login Issue,Neutral,Medium,Resolved,13.2,4.6
TKT506298,2025-03-19,Chat,Payments,App Bug,Negative,Low,Resolved,16.1,2.8
TKT500307,2025-03-19,Phone,Payments,Card Issue,Positive,Medium,Pending,40.6,3.7
TKT510260,2025-03-19,Social,Mobile App,Account Access,Neutral,Medium,Pending,35.1,4.0
TKT508896,2025-03-20,Chat,Payments,Loan Query,Negative,High,Resolved,27.6,2.8
TKT509879,2025-03-20,Email,Cards,Login Issue,Negative,Low,Pending,35.3,2.7
TKT503782,2025-03-20,Social,Loans,Account Access,Negative,Low,Resolved,23.7,1.8
TKT503454,2025-03-20,Chat,Loans,Card Issue,Negative,Medium,Resolved,25.4,2.5
TKT506642,2025-03-20,Email,Cards,Payment Failed,Neutral,Medium,Pending,44.3,3.7
TKT508011,2025-03-20,Phone,Loans,Loan Query,Negative,Low,Resolved,28.1,3.0
TKT505078,2025-03-20,Email,Cards,Refund Delay,Positive,High,Pending,43.5,4.3
TKT511538,2025-03-20,Phone,Loans,Payment Failed,Negative,Low,Resolved,29.1,2.7
TKT503776,2025-03-20,Chat,Account,Payment Failed,Neutral,Low,Resolved,26.4,3.4
TKT504864,2025-03-20,Social,Account,App Bug,Negative,High,Pending,38.5,3.1
TKT504670,2025-03-20,Chat,Cards,Loan Query,Negative,High,Pending,34.5,3.0
TKT502687,2025-03-20,Email,Mobile App,Payment Failed,Negative,Medium,Pending,35.7,2.6
TKT502315,2025-03-20,Email,Cards,App Bug,Neutral,High,Pending,42.2,4.1
TKT508789,2025-03-20,Phone,Loans,Loan Query,Positive,High,Pending,49.6,4.3
TKT503164,2025-03-20,Phone,Mobile App,App Bug,Neutral,Medium,Resolved,29.5,4.4
TKT501488,2025-03-20,Social,Mobile App,Payment Failed,Negative,Medium,Resolved,26.4,2.9
TKT511487,2025-03-20,Chat,Account,Payment Failed,Negative,Medium,Resolved,24.2,2.4
TKT506492,2025-03-20,Social,Payments,Login Issue,Neutral,High,Resolved,27.5,4.2
TKT505291,2025-03-20,Social,Loans,Account Access,Negative,High,Pending,42.2,2.3
TKT508824,2025-03-20,Phone,Mobile App,Refund Delay,Positive,Low,Pending,32.1,4.4
TKT507961,2025-03-20,Chat,Loans,Login Issue,Negative,Medium,Resolved,15.4,1.9
TKT505276,2025-03-20,Email,Loans,Card Issue,Positive,Medium,Pending,36.6,3.6
TKT511228,2025-03-20,Social,Account,Loan Query,Neutral,Critical,Pending,33.9,3.6
TKT502518,2025-03-21,Chat,Mobile App,App Bug,Neutral,Medium,Resolved,22.1,4.3
TKT500207,2025-03-21,Chat,Payments,Payment Failed,Neutral,Medium,Resolved,22.0,4.4
TKT500253,2025-03-21,Social,Account,Login Issue,Neutral,Low,Resolved,24.4,3.4
TKT501198,2025-03-21,Chat,Mobile App,App Bug,Neutral,Low,Resolved,15.5,3.8
TKT508569,2025-03-21,Social,Payments,Account Access,Neutral,Low,Pending,30.9,4.5
TKT501752,2025-03-21,Social,Mobile App,Loan Query,Positive,Low,Escalated,55.2,2.9
TKT505157,2025-03-21,Email,Loans,Login Issue,Neutral,Medium,Pending,34.7,3.9
TKT505781,2025-03-21,Chat,Account,Loan Query,Neutral,High,Pending,36.7,4.1
TKT510230,2025-03-21,Phone,Account,Account Access,Positive,High,Pending,31.9,3.8
TKT504971,2025-03-21,Phone,Loans,Card Issue,Positive,High,Pending,34.1,3.6
TKT505851,2025-03-21,Social,Mobile App,Refund Delay,Neutral,High,Pending,37.9,5.0
TKT510961,2025-03-21,Phone,Loans,Payment Failed,Positive,Critical,Pending,36.0,4.3
TKT504376,2025-03-21,Phone,Account,Refund Delay,Negative,Medium,Resolved,19.4,2.5
TKT511429,2025-03-21,Chat,Mobile App,App Bug,Neutral,Medium,Resolved,20.6,3.3
TKT506561,2025-03-21,Chat,Account,Refund Delay,Negative,High,Pending,32.2,2.7
TKT509226,2025-03-21,Email,Loans,Login Issue,Negative,Low,Pending,37.8,2.3
TKT506999,2025-03-21,Phone,Cards,Refund Delay,Negative,High,Pending,38.9,1.9
TKT504981,2025-03-21,Chat,Mobile App,Payment Failed,Negative,Medium,Resolved,20.5,2.8
TKT505820,2025-03-21,Social,Payments,Refund Delay,Negative,High,Pending,33.7,2.5
TKT504123,2025-03-21,Email,Account,Payment Failed,Neutral,Low,Pending,36.4,3.4
TKT507736,2025-03-21,Social,Mobile App,App Bug,Positive,High,Pending,35.4,3.9
TKT505818,2025-03-21,Phone,Mobile App,Payment Failed,Negative,Critical,Pending,45.6,3.2
TKT509443,2025-03-21,Chat,Payments,Card Issue,Negative,High,Resolved,19.8,3.4
TKT503137,2025-03-21,Social,Payments,Loan Query,Negative,High,Pending,33.5,3.3
TKT510624,2025-03-21,Chat,Cards,Loan Query,Negative,High,Resolved,25.3,3.3
TKT501876,2025-03-21,Social,Payments,Account Access,Neutral,Low,Pending,44.6,3.6
TKT502223,2025-03-22,Phone,Account,App Bug,Positive,High,Resolved,29.7,4.2
TKT503318,2025-03-22,Social,Loans,Account Access,Positive,High,Pending,38.1,4.2
TKT503975,2025-03-22,Social,Cards,Login Issue,Negative,Medium,Pending,39.6,2.2
TKT502864,2025-03-22,Phone,Mobile App,Card Issue,Negative,Low,Pending,30.1,3.3
TKT505916,2025-03-22,Email,Loans,Loan Query,Positive,Medium,Pending,42.9,3.7
TKT509722,2025-03-22,Phone,Payments,Loan Query,Positive,Medium,Resolved,24.3,3.0
TKT511883,2025-03-22,Social,Loans,Login Issue,Negative,Low,Resolved,25.0,2.4
TKT510673,2025-03-22,Email,Payments,Refund Delay,Neutral,Low,Escalated,55.2,4.5
TKT504713,2025-03-22,Email,Payments,Loan Query,Neutral,Low,Pending,37.4,3.4
TKT500497,2025-03-22,Chat,Cards,Card Issue,Neutral,Medium,Resolved,21.5,3.7
TKT504777,2025-03-22,Email,Payments,Refund Delay,Negative,High,Pending,52.7,2.1
TKT501472,2025-03-22,Social,Cards,Payment Failed,Negative,High,Pending,39.0,2.3
TKT504169,2025-03-22,Chat,Mobile App,Payment Failed,Positive,Medium,Pending,32.2,4.6
TKT506190,2025-03-22,Email,Loans,App Bug,Negative,High,Pending,41.1,2.1
TKT505732,2025-03-22,Email,Account,Payment Failed,Negative,High,Pending,51.7,2.1
TKT508325,2025-03-22,Email,Cards,Payment Failed,Negative,Critical,Pending,48.1,3.7
TKT507900,2025-03-22,Phone,Mobile App,Payment Failed,Negative,Critical,Pending,46.3,2.3
TKT511070,2025-03-22,Email,Cards,Login Issue,Positive,High,Pending,39.2,4.3
TKT511595,2025-03-22,Social,Payments,App Bug,Neutral,Medium,Resolved,22.7,4.4
TKT504892,2025-03-22,Phone,Account,Payment Failed,Negative,Critical,Pending,43.5,3.3
TKT503522,2025-03-22,Email,Cards,Login Issue,Neutral,High,Pending,45.4,3.6
TKT505058,2025-03-22,Phone,Account,App Bug,Neutral,Critical,Pending,37.8,4.6
TKT500895,2025-03-22,Chat,Account,App Bug,Negative,Low,Resolved,16.9,2.8
TKT507663,2025-03-22,Phone,Payments,Payment Failed,Neutral,Low,Resolved,21.8,4.3
TKT507467,2025-03-22,Email,Account,Account Access,Positive,Medium,Pending,37.4,3.4
TKT507205,2025-03-22,Email,Mobile App,App Bug,Negative,High,Pending,51.6,1.8
TKT507462,2025-03-22,Phone,Mobile App,Login Issue,Neutral,Medium,Resolved,24.8,4.3
TKT503417,2025-03-22,Email,Payments,Card Issue,Negative,Medium,Pending,53.9,3.4
TKT511037,2025-03-22,Chat,Mobile App,Payment Failed,Negative,Low,Resolved,14.2,3.0
TKT504311,2025-03-22,Phone,Payments,Payment Failed,Negative,High,Resolved,29.4,3.6
TKT502606,2025-03-23,Phone,Account,App Bug,Negative,High,Pending,30.8,3.1
TKT509738,2025-03-23,Chat,Account,Payment Failed,Negative,Critical,Pending,33.1,2.5
TKT502614,2025-03-23,Social,Loans,Payment Failed,Positive,High,Pending,42.1,3.7
TKT502935,2025-03-23,Social,Cards,Loan Query,Neutral,Medium,Resolved,28.1,3.8
TKT500637,2025-03-23,Social,Payments,Card Issue,Neutral,Low,Pending,41.6,3.4
TKT507010,2025-03-23,Email,Account,Login Issue,Negative,High,Pending,49.1,2.5
TKT502041,2025-03-23,Social,Loans,Loan Query,Neutral,Medium,Pending,40.0,3.6
TKT503750,2025-03-23,Email,Cards,Login Issue,Positive,Medium,Pending,43.1,5.0
TKT510857,2025-03-23,Email,Payments,Login Issue,Positive,High,Pending,46.2,2.8
TKT503223,2025-03-23,Email,Account,Payment Failed,Negative,High,Pending,51.7,3.6
TKT502127,2025-03-23,Email,Payments,Account Access,Negative,Medium,Pending,38.1,2.7
TKT504976,2025-03-23,Email,Mobile App,Login Issue,Positive,Low,Pending,42.4,4.3
TKT503475,2025-03-23,Chat,Mobile App,Login Issue,Negative,Low,Resolved,14.1,2.9
TKT504597,2025-03-23,Phone,Loans,Refund Delay,Negative,High,Pending,30.9,2.7
TKT509369,2025-03-23,Email,Mobile App,Card Issue,Neutral,Medium,Pending,50.0,4.1
TKT511427,2025-03-23,Email,Mobile App,Card Issue,Negative,Medium,Pending,40.9,2.4
TKT504202,2025-03-23,Phone,Payments,Card Issue,Neutral,Medium,Resolved,28.1,4.5
TKT510964,2025-03-23,Email,Payments,Account Access,Negative,High,Escalated,73.1,2.6
TKT507496,2025-03-23,Chat,Account,Account Access,Neutral,Medium,Resolved,18.3,3.8
TKT501853,2025-03-23,Chat,Account,Payment Failed,Neutral,Low,Resolved,14.4,3.6
TKT504706,2025-03-23,Chat,Loans,Refund Delay,Positive,Low,Resolved,29.1,3.2
TKT504961,2025-03-23,Phone,Account,Card Issue,Neutral,High,Pending,35.9,4.7
TKT507679,2025-03-23,Chat,Loans,Card Issue,Negative,Medium,Resolved,20.9,2.2
TKT509969,2025-03-23,Email,Payments,Loan Query,Negative,High,Pending,47.9,3.2
TKT507277,2025-03-23,Email,Account,Login Issue,Positive,Low,Pending,32.3,4.7
TKT506481,2025-03-23,Social,Payments,App Bug,Neutral,High,Pending,34.5,4.7
TKT506449,2025-03-24,Phone,Cards,Login Issue,Neutral,Low,Resolved,22.8,3.5
TKT500288,2025-03-24,Phone,Mobile App,Card Issue,Negative,Medium,Pending,32.5,2.5
TKT510448,2025-03-24,Email,Account,Payment Failed,Negative,High,Pending,43.7,2.9
TKT510322,2025-03-24,Phone,Mobile App,Card Issue,Positive,High,Pending,38.5,3.9
TKT500101,2025-03-24,Chat,Account,App Bug,Positive,Medium,Resolved,26.8,4.6
TKT500036,2025-03-24,Phone,Payments,Refund Delay,Negative,Low,Resolved,23.0,2.2
TKT509070,2025-03-24,Chat,Account,Loan Query,Positive,High,Resolved,23.7,3.8
TKT509445,2025-03-24,Email,Mobile App,Login Issue,Negative,High,Pending,44.3,2.2
TKT507212,2025-03-24,Chat,Cards,App Bug,Negative,High,Pending,37.2,2.7
TKT503611,2025-03-24,Chat,Cards,Refund Delay,Negative,Low,Resolved,18.6,2.9
TKT507814,2025-03-24,Social,Mobile App,Card Issue,Negative,High,Pending,49.5,2.9
TKT503610,2025-03-24,Email,Payments,Payment Failed,Neutral,Medium,Pending,39.2,3.8
TKT501242,2025-03-24,Social,Loans,Payment Failed,Positive,Medium,Pending,32.7,3.0
TKT501016,2025-03-24,Chat,Account,Refund Delay,Neutral,High,Pending,36.8,4.9
TKT501504,2025-03-24,Email,Payments,Refund Delay,Negative,Medium,Pending,37.4,3.2
TKT510302,2025-03-24,Chat,Account,Account Access,Positive,Medium,Resolved,20.9,3.6
TKT507240,2025-03-24,Phone,Mobile App,Account Access,Positive,Low,Pending,32.2,3.9
TKT504696,2025-03-24,Social,Mobile App,Loan Query,Positive,Medium,Pending,30.1,4.8
TKT505341,2025-03-24,Chat,Mobile App,Payment Failed,Positive,High,Resolved,26.6,2.9
TKT500159,2025-03-24,Chat,Loans,Payment Failed,Negative,Critical,Pending,50.7,2.6
TKT502010,2025-03-24,Phone,Mobile App,Login Issue,Negative,Low,Resolved,25.8,2.6
TKT510892,2025-03-24,Social,Mobile App,Refund Delay,Negative,Low,Resolved,28.4,3.2
TKT510855,2025-03-24,Chat,Loans,Card Issue,Neutral,High,Pending,34.1,4.0
TKT503190,2025-03-24,Phone,Account,Login Issue,Neutral,High,Pending,39.7,3.7
TKT502243,2025-03-24,Social,Account,Loan Query,Negative,Low,Resolved,22.4,3.0
TKT505408,2025-03-24,Email,Mobile App,Login Issue,Neutral,Medium,Escalated,65.2,3.6
TKT501865,2025-03-25,Phone,Payments,Login Issue,Positive,Low,Pending,52.7,3.8
TKT508998,2025-03-25,Email,Mobile App,Loan Query,Positive,Low,Pending,33.5,3.5
TKT506371,2025-03-25,Chat,Mobile App,Payment Failed,Negative,Medium,Resolved,27.9,2.9
TKT509132,2025-03-25,Chat,Mobile App,Loan Query,Positive,Medium,Resolved,17.7,2.7
TKT510191,2025-03-25,Email,Loans,Loan Query,Positive,Low,Pending,32.3,3.3
TKT509810,2025-03-25,Social,Cards,Refund Delay,Negative,Medium,Pending,35.4,2.1
TKT506953,2025-03-25,Chat,Cards,App Bug,Neutral,High,Pending,48.6,4.5
TKT509034,2025-03-25,Chat,Mobile App,App Bug,Positive,Low,Resolved,29.6,3.4
TKT507246,2025-03-25,Email,Loans,Account Access,Positive,High,Pending,46.3,5.0
TKT509805,2025-03-25,Phone,Mobile App,Login Issue,Positive,Medium,Resolved,25.7,4.2
TKT505712,2025-03-25,Social,Mobile App,App Bug,Neutral,Medium,Pending,36.3,3.4
TKT500897,2025-03-25,Chat,Mobile App,Payment Failed,Negative,Low,Resolved,22.3,2.1
TKT510163,2025-03-25,Email,Cards,Payment Failed,Positive,Critical,Pending,45.5,4.1
TKT501147,2025-03-25,Email,Loans,Login Issue,Negative,High,Pending,53.7,2.2
TKT508986,2025-03-25,Phone,Account,Account Access,Positive,Low,Resolved,20.9,3.9
TKT500566,2025-03-25,Chat,Mobile App,Card Issue,Negative,Medium,Resolved,19.4,2.4
TKT503436,2025-03-25,Chat,Account,Refund Delay,Negative,Medium,Resolved,15.8,1.8
TKT505156,2025-03-25,Chat,Payments,Account Access,Negative,Medium,Resolved,26.8,3.4
TKT503737,2025-03-25,Chat,Account,Payment Failed,Negative,High,Pending,33.0,3.0
TKT507650,2025-03-25,Email,Account,Payment Failed,Neutral,Critical,Escalated,85.0,3.4
TKT507854,2025-03-25,Email,Mobile App,Payment Failed,Negative,Low,Pending,32.6,1.9
TKT505791,2025-03-25,Phone,Mobile App,Refund Delay,Neutral,Medium,Resolved,26.1,4.1
TKT507719,2025-03-25,Chat,Payments,Payment Failed,Neutral,High,Pending,46.3,3.4
TKT510630,2025-03-25,Phone,Account,App Bug,Neutral,High,Pending,42.9,4.0
TKT511612,2025-03-25,Chat,Account,Refund Delay,Neutral,Medium,Resolved,12.6,3.3
TKT500923,2025-03-25,Email,Payments,Payment Failed,Positive,Low,Pending,49.4,3.5
TKT505898,2025-03-25,Email,Payments,Loan Query,Positive,High,Pending,45.2,4.3
TKT507858,2025-03-25,Email,Payments,Payment Failed,Neutral,Critical,Pending,48.7,3.8
TKT504090,2025-03-26,Phone,Mobile App,Login Issue,Negative,Medium,Resolved,21.9,2.3
TKT501583,2025-03-26,Phone,Payments,Login Issue,Positive,Low,Pending,35.3,3.6
TKT509998,2025-03-26,Email,Loans,Payment Failed,Neutral,High,Pending,41.8,2.6
TKT503839,2025-03-26,Email,Mobile App,App Bug,Negative,Medium,Pending,39.2,3.3
TKT505625,2025-03-26,Phone,Payments,Refund Delay,Negative,High,Pending,37.9,2.3
TKT511239,2025-03-26,Email,Mobile App,Refund Delay,Neutral,Low,Pending,43.5,3.6
TKT510720,2025-03-26,Chat,Loans,Login Issue,Negative,High,Resolved,26.2,3.1
TKT500965,2025-03-26,Email,Mobile App,Account Access,Positive,Low,Pending,33.4,4.2
TKT506820,2025-03-26,Phone,Cards,Login Issue,Positive,Medium,Resolved,29.7,4.0
TKT505133,2025-03-26,Social,Mobile App,Login Issue,Negative,Low,Resolved,23.5,2.6
TKT507856,2025-03-26,Phone,Cards,Card Issue,Positive,High,Resolved,27.6,3.4
TKT504487,2025-03-26,Email,Cards,Payment Failed,Neutral,Medium,Pending,33.4,3.3
TKT500350,2025-03-26,Social,Account,Account Access,Negative,High,Pending,32.7,2.0
TKT505452,2025-03-26,Chat,Mobile App,App Bug,Positive,High,Pending,32.6,4.2
TKT503056,2025-03-26,Phone,Account,Refund Delay,Neutral,High,Pending,31.9,4.1
TKT504484,2025-03-26,Phone,Account,App Bug,Negative,Low,Resolved,29.4,2.9
TKT502197,2025-03-26,Chat,Payments,Card Issue,Positive,Critical,Pending,44.9,3.5
TKT510073,2025-03-26,Phone,Mobile App,Login Issue,Negative,High,Pending,31.6,2.8
TKT509394,2025-03-27,Email,Payments,Card Issue,Neutral,Low,Pending,34.1,4.2
TKT504307,2025-03-27,Email,Account,Refund Delay,Neutral,Medium,Pending,41.0,4.7
TKT501951,2025-03-27,Chat,Mobile App,Payment Failed,Positive,Critical,Pending,38.0,3.8
TKT507740,2025-03-27,Email,Account,Login Issue,Positive,High,Escalated,59.4,3.4
TKT511597,2025-03-27,Phone,Cards,Login Issue,Negative,High,Pending,42.9,2.7
TKT509626,2025-03-27,Email,Loans,Card Issue,Positive,Medium,Pending,45.5,4.4
TKT501999,2025-03-27,Email,Account,Refund Delay,Positive,Medium,Pending,38.7,4.0
TKT503596,2025-03-27,Phone,Account,Card Issue,Negative,High,Resolved,26.4,1.6
TKT505869,2025-03-27,Phone,Payments,Payment Failed,Neutral,Critical,Pending,40.4,3.0
TKT509344,2025-03-27,Chat,Account,Loan Query,Positive,Medium,Resolved,16.3,4.8
TKT503393,2025-03-27,Phone,Cards,Login Issue,Negative,High,Pending,30.7,2.4
TKT504020,2025-03-27,Chat,Account,Card Issue,Negative,High,Pending,32.5,3.1
TKT502578,2025-03-27,Phone,Account,App Bug,Positive,Low,Resolved,28.8,2.5
TKT505144,2025-03-27,Chat,Account,Payment Failed,Positive,High,Pending,33.1,4.4
TKT508104,2025-03-27,Social,Payments,Account Access,Neutral,Medium,Resolved,24.7,3.3
TKT510798,2025-03-27,Chat,Account,Card Issue,Positive,Low,Resolved,14.3,3.2
TKT510787,2025-03-27,Phone,Payments,Refund Delay,Neutral,High,Resolved,29.1,3.5
TKT500749,2025-03-27,Phone,Account,App Bug,Neutral,Low,Pending,33.5,3.5
TKT508050,2025-03-27,Email,Payments,Login Issue,Neutral,Critical,Pending,48.5,4.2
TKT507944,2025-03-27,Chat,Loans,Account Access,Negative,Low,Resolved,28.8,3.5
TKT500444,2025-03-27,Social,Cards,Login Issue,Negative,Low,Resolved,29.5,2.6
TKT505645,2025-03-27,Social,Mobile App,Payment Failed,Positive,Medium,Resolved,25.8,3.2
TKT509869,2025-03-27,Social,Account,Payment Failed,Negative,Critical,Pending,39.0,2.3
TKT505669,2025-03-27,Chat,Payments,Refund Delay,Negative,Medium,Resolved,20.0,4.0
TKT510756,2025-03-27,Phone,Cards,App Bug,Neutral,Critical,Pending,44.2,4.0
TKT509744,2025-03-27,Phone,Mobile App,Payment Failed,Positive,Critical,Pending,36.9,3.2
TKT511346,2025-03-27,Email,Account,Payment Failed,Negative,High,Pending,42.3,2.7
TKT507149,2025-03-27,Email,Mobile App,Refund Delay,Negative,Low,Pending,41.4,2.8
TKT506204,2025-03-28,Email,Mobile App,App Bug,Negative,High,Pending,40.0,1.5
TKT505092,2025-03-28,Social,Mobile App,App Bug,Positive,High,Pending,33.5,2.9
TKT505771,2025-03-28,Chat,Payments,Login Issue,Neutral,Low,Resolved,28.9,3.3
TKT507764,2025-03-28,Email,Cards,Login Issue,Negative,High,Pending,40.9,2.7
TKT504476,2025-03-28,Email,Account,Account Access,Negative,Low,Pending,49.0,3.7
TKT503982,2025-03-28,Chat,Mobile App,Loan Query,Positive,Low,Pending,35.2,4.2
TKT509599,2025-03-28,Chat,Payments,Card Issue,Neutral,High,Pending,32.7,4.7
TKT500892,2025-03-28,Social,Payments,Loan Query,Positive,Medium,Pending,31.4,3.7
TKT510389,2025-03-28,Chat,Mobile App,Refund Delay,Negative,High,Pending,42.2,1.6
TKT511798,2025-03-28,Email,Account,Payment Failed,Negative,Critical,Pending,48.2,2.7
TKT504256,2025-03-28,Chat,Loans,Payment Failed,Negative,Medium,Resolved,18.7,3.4
TKT506115,2025-03-28,Email,Loans,Loan Query,Negative,High,Pending,42.1,2.8
TKT511059,2025-03-28,Email,Mobile App,Account Access,Neutral,Medium,Pending,53.0,4.0
TKT506898,2025-03-28,Social,Cards,Refund Delay,Positive,High,Pending,47.1,2.8
TKT511207,2025-03-28,Chat,Mobile App,App Bug,Negative,Medium,Resolved,22.3,2.4
TKT508390,2025-03-28,Chat,Account,Payment Failed,Negative,Critical,Pending,42.7,2.7
TKT508172,2025-03-28,Social,Payments,Card Issue,Neutral,Low,Resolved,29.9,4.1
TKT503216,2025-03-28,Phone,Account,Account Access,Positive,High,Pending,31.1,3.7
TKT507495,2025-03-28,Chat,Account,Card Issue,Positive,High,Pending,32.9,3.0
TKT503899,2025-03-28,Email,Cards,Payment Failed,Negative,Medium,Pending,51.0,3.0
TKT501129,2025-03-28,Email,Payments,Login Issue,Positive,Medium,Pending,45.8,4.5
TKT510702,2025-03-28,Social,Payments,Login Issue,Negative,High,Pending,31.4,1.9
TKT509234,2025-03-28,Email,Loans,Login Issue,Negative,High,Pending,38.2,2.5
TKT501225,2025-03-28,Phone,Mobile App,Payment Failed,Neutral,Medium,Resolved,20.7,4.0
TKT503331,2025-03-28,Chat,Cards,Login Issue,Neutral,Low,Resolved,20.1,3.8
TKT509947,2025-03-28,Email,Mobile App,Payment Failed,Negative,Medium,Pending,38.9,2.3
TKT509379,2025-03-28,Social,Cards,Card Issue,Negative,Low,Pending,48.2,2.4
TKT509474,2025-03-28,Phone,Cards,Payment Failed,Neutral,Medium,Pending,46.2,4.0
TKT507661,2025-03-29,Chat,Payments,Refund Delay,Neutral,High,Resolved,25.5,2.8
TKT510363,2025-03-29,Chat,Payments,Account Access,Neutral,Medium,Resolved,17.6,4.5
TKT502815,2025-03-29,Chat,Mobile App,Refund Delay,Positive,Low,Resolved,16.1,3.8
TKT507199,2025-03-29,Phone,Payments,Payment Failed,Positive,Medium,Resolved,27.2,4.4
TKT508678,2025-03-29,Chat,Cards,Loan Query,Neutral,Critical,Pending,41.4,4.2
TKT503097,2025-03-29,Email,Account,Card Issue,Negative,Medium,Pending,31.6,2.9
TKT505932,2025-03-29,Chat,Mobile App,Account Access,Neutral,Medium,Resolved,28.5,2.9
TKT503921,2025-03-29,Social,Mobile App,Refund Delay,Negative,High,Pending,46.1,2.3
TKT503449,2025-03-29,Email,Mobile App,App Bug,Positive,Medium,Pending,34.6,3.7
TKT500147,2025-03-29,Chat,Payments,Card Issue,Neutral,High,Pending,32.7,4.0
TKT500489,2025-03-29,Chat,Mobile App,Card Issue,Neutral,Low,Resolved,19.5,3.3
TKT508243,2025-03-29,Social,Account,Refund Delay,Positive,Low,Resolved,23.3,4.3
TKT502840,2025-03-29,Phone,Loans,Card Issue,Negative,Medium,Resolved,27.9,1.8
TKT510277,2025-03-29,Phone,Payments,Account Access,Positive,Low,Resolved,28.0,3.4
TKT501654,2025-03-29,Social,Mobile App,Payment Failed,Neutral,High,Pending,42.7,3.8
TKT510987,2025-03-29,Email,Loans,Card Issue,Negative,High,Pending,41.0,3.0
TKT506510,2025-03-29,Chat,Account,Login Issue,Neutral,Medium,Resolved,19.9,4.1
TKT506519,2025-03-29,Chat,Mobile App,Payment Failed,Neutral,Critical,Pending,37.3,3.9
TKT505094,2025-03-30,Chat,Payments,Account Access,Neutral,Low,Resolved,19.8,3.9
TKT503555,2025-03-30,Social,Mobile App,Card Issue,Negative,Low,Resolved,26.8,2.6
TKT501233,2025-03-30,Email,Cards,Account Access,Neutral,Medium,Pending,44.4,3.7
TKT500211,2025-03-30,Chat,Loans,Refund Delay,Negative,Medium,Pending,35.2,2.0
TKT505994,2025-03-30,Social,Loans,Payment Failed,Negative,Medium,Pending,30.7,2.6
TKT508175,2025-03-30,Chat,Loans,Card Issue,Positive,Critical,Pending,48.9,3.7
TKT501991,2025-03-30,Chat,Account,App Bug,Neutral,Low,Resolved,25.6,4.9
TKT510064,2025-03-30,Phone,Payments,Card Issue,Negative,High,Resolved,29.1,2.9
TKT507800,2025-03-30,Chat,Mobile App,Card Issue,Neutral,Medium,Resolved,21.4,3.9
TKT501161,2025-03-30,Phone,Payments,Login Issue,Negative,Low,Escalated,68.0,2.3
TKT511160,2025-03-30,Chat,Loans,Login Issue,Negative,High,Resolved,25.4,2.2
TKT509630,2025-03-30,Chat,Cards,Login Issue,Positive,Low,Pending,35.6,3.6
TKT509992,2025-03-30,Phone,Cards,Account Access,Negative,High,Pending,45.6,2.8
TKT506302,2025-03-30,Chat,Payments,App Bug,Neutral,Medium,Pending,32.7,3.0
TKT501744,2025-03-30,Chat,Loans,Payment Failed,Neutral,Critical,Pending,32.8,5.0
TKT509645,2025-03-30,Chat,Mobile App,Account Access,Negative,High,Resolved,26.8,2.2
TKT505519,2025-03-30,Email,Loans,App Bug,Negative,Low,Pending,39.3,2.8
TKT507936,2025-03-30,Phone,Loans,App Bug,Negative,Low,Resolved,25.2,2.0
TKT500256,2025-03-30,Phone,Mobile App,Refund Delay,Neutral,Medium,Resolved,28.1,3.3
TKT509897,2025-03-30,Chat,Mobile App,App Bug,Positive,Medium,Resolved,17.9,3.6
TKT507872,2025-03-30,Chat,Account,App Bug,Negative,Low,Resolved,22.5,1.9
TKT505927,2025-03-30,Email,Loans,App Bug,Neutral,Medium,Pending,31.0,4.0
TKT510886,2025-03-31,Chat,Mobile App,Card Issue,Negative,High,Pending,31.7,1.9
TKT508621,2025-03-31,Social,Mobile App,Refund Delay,Neutral,Medium,Pending,41.2,3.4
TKT505759,2025-03-31,Social,Cards,Payment Failed,Positive,Critical,Pending,33.8,3.6
TKT510985,2025-03-31,Email,Loans,Refund Delay,Neutral,High,Pending,46.6,3.6
TKT510236,2025-03-31,Social,Account,Login Issue,Neutral,Medium,Resolved,29.8,3.5
TKT504791,2025-03-31,Email,Loans,Loan Query,Negative,Medium,Pending,34.2,3.0
TKT508222,2025-03-31,Social,Account,Account Access,Negative,High,Pending,34.6,3.8
TKT509455,2025-03-31,Chat,Cards,Account Access,Positive,Medium,Resolved,16.9,3.9
TKT504998,2025-03-31,Chat,Payments,Account Access,Neutral,Low,Resolved,26.1,4.5
TKT508505,2025-03-31,Social,Mobile App,Loan Query,Neutral,Medium,Resolved,22.6,4.1
TKT501177,2025-03-31,Chat,Payments,Account Access,Negative,Medium,Resolved,19.9,2.5
TKT506063,2025-03-31,Email,Payments,Account Access,Neutral,Low,Pending,40.5,4.0
TKT501685,2025-03-31,Email,Loans,Loan Query,Negative,Low,Pending,51.0,2.4
TKT503937,2025-03-31,Phone,Payments,Login Issue,Negative,High,Pending,45.3,1.9
TKT503525,2025-03-31,Social,Payments,Payment Failed,Neutral,Critical,Pending,39.4,4.2
TKT505392,2025-03-31,Phone,Mobile App,Refund Delay,Negative,High,Pending,30.5,1.9
TKT502513,2025-03-31,Chat,Cards,Refund Delay,Neutral,High,Resolved,29.4,4.2
TKT507668,2025-03-31,Chat,Account,Card Issue,Positive,Low,Resolved,21.6,3.8
TKT507397,2025-03-31,Chat,Mobile App,Payment Failed,Positive,High,Resolved,24.3,3.4
TKT501862,2025-03-31,Email,Cards,Payment Failed,Negative,Critical,Escalated,67.8,1.9
TKT504743,2025-03-31,Chat,Payments,Login Issue,Neutral,Low,Resolved,13.9,4.7
TKT504783,2025-03-31,Email,Mobile App,Refund Delay,Neutral,Medium,Pending,33.9,4.1
TKT511980,2025-04-01,Email,Account,Card Issue,Negative,Low,Pending,48.1,2.4
TKT510415,2025-04-01,Email,Payments,Account Access,Negative,High,Pending,53.0,2.4
TKT502401,2025-04-01,Chat,Account,Loan Query,Negative,Medium,Resolved,26.4,2.3
TKT510250,2025-04-01,Chat,Payments,Card Issue,Positive,Low,Pending,35.3,2.9
TKT503994,2025-04-01,Email,Loans,Payment Failed,Negative,High,Pending,49.2,2.4
TKT509384,2025-04-01,Email,Mobile App,Payment Failed,Negative,Critical,Escalated,59.4,1.7
TKT501505,2025-04-01,Chat,Cards,Login Issue,Negative,Medium,Resolved,19.0,2.6
TKT511817,2025-04-01,Email,Cards,Login Issue,Negative,High,Escalated,59.6,2.9
TKT511981,2025-04-01,Chat,Account,App Bug,Neutral,Medium,Resolved,19.5,3.8
TKT510851,2025-04-01,Phone,Payments,Login Issue,Negative,Low,Pending,37.4,2.5
TKT500354,2025-04-01,Phone,Mobile App,Refund Delay,Neutral,Medium,Pending,33.7,4.3
TKT500368,2025-04-01,Social,Cards,Refund Delay,Negative,Medium,Resolved,28.7,2.2
TKT509566,2025-04-01,Social,Mobile App,Payment Failed,Positive,Medium,Pending,30.5,3.7
TKT507675,2025-04-01,Email,Payments,Card Issue,Neutral,High,Escalated,62.7,3.7
TKT501926,2025-04-01,Email,Cards,Card Issue,Positive,High,Escalated,58.2,2.9
TKT502273,2025-04-01,Chat,Loans,Payment Failed,Positive,Medium,Resolved,28.9,4.1
TKT500933,2025-04-01,Social,Loans,Payment Failed,Neutral,Critical,Pending,45.9,3.2
TKT503786,2025-04-01,Chat,Mobile App,Payment Failed,Neutral,High,Resolved,29.4,4.6
TKT508780,2025-04-01,Email,Payments,Refund Delay,Positive,Medium,Pending,46.5,4.2
TKT503789,2025-04-01,Chat,Loans,Payment Failed,Neutral,High,Pending,36.2,4.0
TKT503022,2025-04-01,Email,Payments,Account Access,Positive,Low,Escalated,62.0,2.8
TKT503791,2025-04-01,Chat,Payments,Payment Failed,Negative,High,Pending,44.2,1.9
TKT511795,2025-04-01,Phone,Account,Login Issue,Positive,Medium,Resolved,21.0,3.8
TKT508121,2025-04-01,Chat,Account,App Bug,Negative,Low,Resolved,28.2,1.3
TKT508948,2025-04-01,Social,Mobile App,Refund Delay,Positive,Medium,Pending,31.0,3.3
TKT510978,2025-04-01,Phone,Mobile App,Payment Failed,Negative,High,Pending,30.8,2.4
TKT506912,2025-04-02,Email,Cards,Refund Delay,Negative,Low,Pending,48.3,2.7
TKT502672,2025-04-02,Chat,Loans,Login Issue,Positive,Medium,Resolved,16.2,4.2
TKT511943,2025-04-02,Phone,Mobile App,App Bug,Neutral,High,Pending,33.7,4.7
TKT509318,2025-04-02,Social,Cards,Login Issue,Neutral,Critical,Pending,37.4,3.6
TKT502673,2025-04-02,Chat,Cards,Login Issue,Positive,Medium,Pending,38.5,3.9
TKT508459,2025-04-02,Phone,Cards,Loan Query,Positive,High,Resolved,25.6,4.9
TKT501832,2025-04-02,Email,Account,Login Issue,Negative,High,Pending,42.5,2.9
TKT501043,2025-04-02,Chat,Mobile App,Loan Query,Negative,Medium,Resolved,19.9,3.2
TKT509139,2025-04-02,Email,Loans,Payment Failed,Negative,Critical,Escalated,74.1,1.5
TKT505578,2025-04-02,Email,Payments,Payment Failed,Negative,Medium,Pending,37.5,1.4
TKT508383,2025-04-02,Chat,Loans,Payment Failed,Positive,Medium,Resolved,17.1,3.9
TKT504563,2025-04-02,Email,Mobile App,Account Access,Neutral,Medium,Pending,36.6,4.2
TKT510041,2025-04-02,Chat,Payments,Card Issue,Positive,High,Resolved,23.4,3.6
TKT500463,2025-04-02,Chat,Loans,Login Issue,Positive,Medium,Resolved,23.8,3.6
TKT507208,2025-04-02,Email,Account,App Bug,Negative,High,Pending,52.7,2.0
TKT511025,2025-04-02,Chat,Payments,App Bug,Negative,Low,Resolved,24.9,3.5
TKT502834,2025-04-02,Phone,Mobile App,Card Issue,Negative,High,Pending,40.3,2.3
TKT505213,2025-04-03,Chat,Mobile App,Login Issue,Positive,Medium,Resolved,19.0,4.2
TKT507535,2025-04-03,Email,Mobile App,Payment Failed,Negative,Low,Pending,41.6,2.3
TKT507787,2025-04-03,Phone,Loans,Payment Failed,Neutral,Medium,Pending,39.3,3.9
TKT511993,2025-04-03,Phone,Mobile App,Payment Failed,Negative,High,Pending,31.6,2.3
TKT502316,2025-04-03,Social,Payments,Account Access,Neutral,Medium,Pending,37.6,2.9
TKT502418,2025-04-03,Chat,Cards,Payment Failed,Negative,High,Pending,31.8,2.8
TKT501534,2025-04-03,Social,Payments,Login Issue,Positive,High,Pending,33.1,4.6
TKT504186,2025-04-03,Phone,Mobile App,Loan Query,Neutral,Medium,Resolved,28.0,4.1
TKT508882,2025-04-03,Chat,Cards,Login Issue,Negative,High,Pending,52.8,3.7
TKT504572,2025-04-03,Email,Loans,Loan Query,Positive,Medium,Pending,46.6,3.3
TKT511000,2025-04-03,Email,Mobile App,Login Issue,Negative,Medium,Pending,41.9,2.7
TKT509657,2025-04-03,Email,Payments,Refund Delay,Neutral,Low,Pending,43.2,4.0
TKT507176,2025-04-03,Email,Payments,Payment Failed,Negative,High,Pending,54.2,3.0
TKT508052,2025-04-03,Social,Loans,Refund Delay,Positive,Low,Pending,38.2,3.2
TKT503886,2025-04-03,Chat,Account,Loan Query,Positive,Low,Resolved,16.1,3.6
TKT508931,2025-04-04,Phone,Mobile App,Payment Failed,Neutral,Critical,Pending,43.6,4.5
TKT505958,2025-04-04,Chat,Mobile App,Payment Failed,Positive,Critical,Pending,35.4,3.7
TKT506777,2025-04-04,Chat,Mobile App,Card Issue,Negative,Medium,Pending,44.9,2.4
TKT500302,2025-04-04,Phone,Mobile App,Payment Failed,Negative,High,Resolved,26.8,2.2
TKT508652,2025-04-04,Phone,Mobile App,Payment Failed,Positive,High,Pending,37.6,3.2
TKT506161,2025-04-04,Chat,Account,Loan Query,Positive,High,Resolved,22.5,3.7
TKT503025,2025-04-04,Social,Payments,Loan Query,Negative,High,Pending,42.8,1.6
TKT502884,2025-04-04,Social,Mobile App,Card Issue,Neutral,Medium,Resolved,25.5,3.9
TKT507383,2025-04-04,Email,Payments,Refund Delay,Negative,High,Pending,42.9,3.0
TKT506337,2025-04-04,Chat,Account,Account Access,Negative,Low,Resolved,21.0,2.3
TKT500000,2025-04-04,Phone,Loans,Refund Delay,Neutral,Medium,Pending,30.6,3.6
TKT505111,2025-04-04,Chat,Payments,Payment Failed,Positive,High,Resolved,23.7,3.0
TKT504269,2025-04-04,Chat,Mobile App,Card Issue,Negative,High,Resolved,28.1,2.6
TKT511415,2025-04-04,Chat,Account,Payment Failed,Negative,Low,Resolved,13.5,2.8
TKT509736,2025-04-04,Phone,Loans,Refund Delay,Positive,Low,Resolved,23.0,4.0
TKT511051,2025-04-04,Chat,Mobile App,Login Issue,Negative,High,Resolved,23.9,2.0
TKT500480,2025-04-04,Phone,Loans,Payment Failed,Neutral,Medium,Pending,30.8,3.3
TKT505265,2025-04-04,Email,Cards,Payment Failed,Negative,Medium,Pending,39.9,1.6
TKT511692,2025-04-04,Email,Mobile App,Loan Query,Positive,Low,Pending,35.8,3.3
TKT501719,2025-04-04,Phone,Payments,Payment Failed,Neutral,Medium,Resolved,24.9,4.6
TKT503834,2025-04-04,Email,Payments,Login Issue,Negative,High,Escalated,56.9,2.2
TKT506399,2025-04-05,Phone,Mobile App,Payment Failed,Negative,Medium,Resolved,29.1,2.0
TKT504701,2025-04-05,Email,Cards,Payment Failed,Negative,Critical,Pending,49.6,2.3
TKT507134,2025-04-05,Chat,Payments,Refund Delay,Neutral,High,Pending,36.5,5.0
TKT508734,2025-04-05,Social,Mobile App,Payment Failed,Neutral,Critical,Pending,40.6,2.7
TKT507021,2025-04-05,Email,Cards,Payment Failed,Positive,Medium,Pending,40.0,4.8
TKT505445,2025-04-05,Chat,Cards,Account Access,Positive,Medium,Resolved,19.2,3.9
TKT507947,2025-04-05,Phone,Mobile App,App Bug,Negative,High,Resolved,26.7,2.7
TKT500710,2025-04-05,Email,Account,Refund Delay,Neutral,Low,Pending,49.1,3.6
TKT504124,2025-04-05,Phone,Payments,Refund Delay,Positive,High,Pending,31.2,3.5
TKT503142,2025-04-05,Chat,Account,Login Issue,Negative,Low,Resolved,24.0,2.4
TKT509804,2025-04-05,Phone,Loans,Refund Delay,Negative,High,Pending,38.9,2.7
TKT501185,2025-04-05,Chat,Account,Card Issue,Neutral,High,Pending,49.3,3.7
TKT500436,2025-04-05,Phone,Account,Payment Failed,Negative,Critical,Pending,37.2,2.7
TKT507611,2025-04-05,Social,Mobile App,Refund Delay,Neutral,High,Resolved,29.0,4.4
TKT503997,2025-04-05,Chat,Cards,App Bug,Neutral,High,Resolved,22.5,3.0
TKT510356,2025-04-05,Email,Account,Loan Query,Positive,Medium,Pending,53.1,4.4
TKT500664,2025-04-05,Social,Payments,Account Access,Neutral,Low,Pending,31.0,4.3
TKT506597,2025-04-05,Social,Payments,Card Issue,Positive,High,Pending,51.6,3.4
TKT505232,2025-04-05,Email,Mobile App,Account Access,Positive,Low,Pending,38.8,3.8
TKT505263,2025-04-05,Email,Account,Card Issue,Negative,High,Escalated,56.2,2.7
TKT510478,2025-04-05,Chat,Payments,Card Issue,Negative,High,Pending,30.3,2.4
TKT502034,2025-04-05,Email,Mobile App,Login Issue,Neutral,High,Pending,41.0,4.3
TKT500409,2025-04-05,Email,Loans,Payment Failed,Neutral,High,Escalated,62.4,2.9
TKT505942,2025-04-05,Phone,Loans,Login Issue,Negative,Medium,Resolved,27.0,3.7
TKT504302,2025-04-05,Chat,Mobile App,Account Access,Positive,Medium,Resolved,21.3,3.7
TKT502654,2025-04-06,Email,Loans,App Bug,Neutral,Low,Pending,45.2,3.8
TKT506224,2025-04-06,Phone,Mobile App,Refund Delay,Positive,High,Resolved,25.7,4.2
TKT500550,2025-04-06,Phone,Cards,Login Issue,Negative,High,Pending,31.2,2.9
TKT504565,2025-04-06,Email,Payments,Login Issue,Negative,High,Escalated,55.5,1.0
TKT506038,2025-04-06,Chat,Account,Account Access,Positive,Low,Resolved,22.5,2.2
TKT510573,2025-04-06,Phone,Cards,App Bug,Neutral,Medium,Pending,35.6,4.5
TKT502343,2025-04-06,Chat,Account,Account Access,Negative,Low,Resolved,21.9,3.3
TKT505767,2025-04-06,Social,Account,Card Issue,Positive,Low,Resolved,29.9,4.0
TKT509380,2025-04-06,Email,Cards,Payment Failed,Negative,High,Pending,43.4,3.1
TKT505439,2025-04-06,Chat,Mobile App,Payment Failed,Negative,High,Pending,38.8,1.5
TKT505760,2025-04-06,Phone,Mobile App,Card Issue,Negative,High,Pending,41.9,2.6
TKT507406,2025-04-06,Social,Mobile App,Loan Query,Positive,Medium,Resolved,28.2,4.0
TKT500631,2025-04-06,Phone,Payments,Refund Delay,Positive,Low,Pending,32.1,3.9
TKT508756,2025-04-06,Email,Mobile App,App Bug,Negative,High,Pending,52.9,3.3
TKT508422,2025-04-06,Email,Account,Payment Failed,Neutral,High,Pending,47.7,3.4
TKT504663,2025-04-06,Chat,Account,Payment Failed,Neutral,Low,Resolved,23.4,3.7
TKT506504,2025-04-06,Phone,Account,Card Issue,Negative,Medium,Escalated,77.5,1.3
TKT505469,2025-04-06,Email,Mobile App,Card Issue,Negative,Medium,Pending,45.7,2.2
TKT511769,2025-04-06,Phone,Loans,Card Issue,Negative,Low,Resolved,25.3,2.4
TKT509499,2025-04-06,Chat,Cards,Card Issue,Negative,High,Pending,31.6,2.0
TKT505903,2025-04-06,Social,Payments,Payment Failed,Negative,Medium,Pending,30.5,2.9
TKT507226,2025-04-06,Phone,Mobile App,Refund Delay,Positive,Low,Pending,35.8,3.7
TKT506237,2025-04-06,Chat,Payments,Refund Delay,Positive,High,Resolved,27.8,4.2
TKT508804,2025-04-06,Chat,Cards,Login Issue,Neutral,High,Resolved,20.6,3.7
TKT506945,2025-04-06,Email,Cards,Card Issue,Positive,Medium,Pending,46.6,4.2
TKT500589,2025-04-06,Chat,Account,Loan Query,Positive,Medium,Resolved,14.7,4.4
TKT511679,2025-04-06,Phone,Payments,Payment Failed,Neutral,Low,Resolved,20.6,3.1
TKT505183,2025-04-07,Social,Mobile App,Payment Failed,Positive,Medium,Resolved,23.2,4.8
TKT510035,2025-04-07,Chat,Loans,Refund Delay,Neutral,Medium,Resolved,21.0,3.6
TKT504956,2025-04-07,Email,Mobile App,Login Issue,Negative,High,Pending,48.4,2.3
TKT506893,2025-04-07,Phone,Mobile App,Card Issue,Neutral,Low,Resolved,24.0,4.7
TKT500439,2025-04-07,Social,Mobile App,Login Issue,Neutral,Medium,Pending,33.7,4.2
TKT505057,2025-04-07,Phone,Mobile App,App Bug,Negative,High,Resolved,29.0,2.3
TKT500891,2025-04-07,Social,Account,Login Issue,Negative,Medium,Pending,40.0,3.2
TKT504974,2025-04-07,Phone,Payments,Card Issue,Neutral,High,Resolved,28.6,4.5
TKT502183,2025-04-07,Chat,Loans,Payment Failed,Negative,High,Pending,32.2,2.3
TKT511884,2025-04-07,Chat,Payments,Card Issue,Neutral,Medium,Resolved,14.7,4.6
TKT507710,2025-04-07,Phone,Payments,Card Issue,Positive,Medium,Resolved,24.7,3.7
TKT506745,2025-04-07,Email,Loans,Loan Query,Positive,Low,Pending,35.9,3.3
TKT506055,2025-04-07,Social,Loans,Refund Delay,Negative,Low,Pending,37.2,3.1
TKT511886,2025-04-07,Phone,Loans,Login Issue,Negative,High,Pending,41.6,2.9
TKT501389,2025-04-07,Chat,Mobile App,Refund Delay,Negative,High,Pending,35.0,3.4
TKT508378,2025-04-07,Social,Account,Payment Failed,Negative,Critical,Pending,47.4,2.7
TKT505238,2025-04-07,Email,Account,Login Issue,Negative,High,Escalated,56.7,3.0
TKT500836,2025-04-07,Social,Account,Account Access,Neutral,Medium,Pending,31.3,4.0
TKT503814,2025-04-07,Chat,Payments,Login Issue,Negative,High,Pending,34.0,2.7
TKT508186,2025-04-07,Chat,Mobile App,Refund Delay,Negative,Medium,Resolved,23.8,3.0
TKT503224,2025-04-07,Social,Account,App Bug,Negative,Low,Resolved,26.9,2.0
TKT501672,2025-04-07,Chat,Loans,Card Issue,Negative,Medium,Resolved,17.3,3.4
TKT505610,2025-04-08,Chat,Mobile App,Account Access,Negative,Low,Resolved,12.8,1.6
TKT500156,2025-04-08,Chat,Payments,App Bug,Neutral,Medium,Resolved,12.9,4.6
TKT511879,2025-04-08,Email,Account,Card Issue,Negative,High,Escalated,81.8,1.6
TKT506171,2025-04-08,Chat,Account,Refund Delay,Negative,Low,Resolved,16.8,2.6
TKT504863,2025-04-08,Phone,Mobile App,Refund Delay,Positive,Low,Pending,35.4,3.3
TKT501045,2025-04-08,Chat,Account,Refund Delay,Negative,High,Pending,39.1,2.9
TKT507247,2025-04-08,Social,Account,Account Access,Positive,High,Escalated,69.2,3.8
TKT501335,2025-04-08,Chat,Account,Refund Delay,Positive,Low,Resolved,25.8,2.7
TKT505929,2025-04-08,Social,Mobile App,Login Issue,Neutral,Low,Resolved,25.7,3.4
TKT503014,2025-04-08,Email,Mobile App,Loan Query,Neutral,Low,Pending,35.1,4.5
TKT508702,2025-04-08,Email,Loans,Payment Failed,Negative,Low,Pending,40.4,2.1
TKT509553,2025-04-08,Chat,Cards,Card Issue,Negative,Low,Resolved,18.0,3.2
TKT503916,2025-04-08,Social,Cards,Login Issue,Negative,High,Pending,37.2,2.9
TKT504248,2025-04-08,Chat,Cards,Payment Failed,Negative,High,Resolved,25.0,2.7
TKT507368,2025-04-08,Phone,Payments,Payment Failed,Negative,High,Pending,33.6,2.5
TKT506781,2025-04-08,Social,Loans,Login Issue,Negative,Medium,Pending,33.4,3.0
TKT507190,2025-04-08,Email,Account,Payment Failed,Neutral,Medium,Pending,33.8,3.2
TKT510364,2025-04-09,Email,Mobile App,Card Issue,Neutral,Low,Pending,45.9,3.3
TKT503758,2025-04-09,Phone,Account,Payment Failed,Negative,Low,Resolved,20.8,2.4
TKT501807,2025-04-09,Chat,Mobile App,Loan Query,Positive,Medium,Resolved,18.8,5.0
TKT507385,2025-04-09,Phone,Loans,Payment Failed,Negative,Low,Resolved,25.5,2.2
TKT508525,2025-04-09,Email,Loans,Payment Failed,Negative,Medium,Pending,43.7,3.3
TKT508816,2025-04-09,Email,Loans,Refund Delay,Negative,High,Pending,43.2,2.7
TKT511856,2025-04-09,Chat,Payments,Refund Delay,Negative,Medium,Resolved,20.6,2.9
TKT500684,2025-04-09,Email,Payments,Account Access,Negative,High,Pending,50.0,2.6
TKT510503,2025-04-09,Chat,Payments,Login Issue,Neutral,Medium,Resolved,22.4,4.2
TKT505733,2025-04-09,Email,Account,Card Issue,Negative,Low,Pending,36.0,3.0
TKT501479,2025-04-09,Chat,Cards,Refund Delay,Neutral,Medium,Resolved,25.4,3.7
TKT507096,2025-04-09,Chat,Payments,Payment Failed,Negative,Critical,Pending,35.4,3.0
TKT511334,2025-04-09,Social,Mobile App,Loan Query,Negative,High,Pending,31.8,3.8
TKT504620,2025-04-09,Phone,Mobile App,Account Access,Negative,Low,Resolved,20.4,2.9
TKT508861,2025-04-09,Email,Mobile App,Account Access,Negative,High,Pending,39.0,2.1
TKT505427,2025-04-09,Email,Account,Payment Failed,Neutral,Critical,Pending,48.9,3.7
TKT507470,2025-04-09,Email,Mobile App,Refund Delay,Negative,High,Escalated,69.1,2.7
TKT508443,2025-04-09,Chat,Loans,Loan Query,Positive,Medium,Resolved,17.9,3.9
TKT511821,2025-04-09,Phone,Mobile App,Refund Delay,Neutral,Medium,Resolved,24.8,3.9
TKT511617,2025-04-09,Email,Cards,Card Issue,Negative,High,Pending,51.8,2.6
TKT507250,2025-04-09,Email,Loans,Login Issue,Negative,Low,Pending,44.4,2.8
TKT511515,2025-04-09,Phone,Payments,Payment Failed,Neutral,High,Pending,38.9,4.5
TKT506960,2025-04-10,Email,Cards,Refund Delay,Negative,Medium,Pending,49.6,2.0
TKT511952,2025-04-10,Chat,Mobile App,Account Access,Positive,Low,Resolved,29.9,4.4
TKT507126,2025-04-10,Email,Account,Login Issue,Negative,Medium,Pending,43.8,3.7
TKT506507,2025-04-10,Chat,Cards,Payment Failed,Negative,High,Resolved,26.4,2.2
TKT504659,2025-04-10,Email,Loans,Login Issue,Neutral,Medium,Pending,32.2,3.6
TKT501491,2025-04-10,Social,Cards,Login Issue,Positive,High,Pending,38.0,4.3
TKT511495,2025-04-10,Chat,Loans,Loan Query,Negative,High,Pending,42.9,2.5
TKT507760,2025-04-10,Chat,Payments,Card Issue,Negative,High,Resolved,24.6,2.1
TKT506255,2025-04-10,Chat,Mobile App,Login Issue,Positive,Critical,Pending,42.9,3.1
TKT503824,2025-04-10,Email,Cards,App Bug,Negative,High,Pending,39.0,2.0
TKT509472,2025-04-10,Chat,Loans,Refund Delay,Negative,Low,Resolved,23.0,1.8
TKT503483,2025-04-10,Email,Loans,Payment Failed,Negative,High,Pending,44.2,2.8
TKT507325,2025-04-10,Chat,Loans,Card Issue,Negative,High,Resolved,23.3,3.3
TKT502831,2025-04-10,Phone,Mobile App,Card Issue,Neutral,High,Pending,42.3,3.3
TKT503138,2025-04-10,Phone,Cards,App Bug,Neutral,Medium,Pending,36.8,3.1
TKT503980,2025-04-10,Phone,Payments,Login Issue,Positive,Low,Resolved,27.9,3.3
TKT509784,2025-04-10,Chat,Payments,Card Issue,Neutral,Low,Resolved,15.2,3.7
TKT502211,2025-04-11,Social,Mobile App,Loan Query,Negative,High,Pending,37.7,3.7
TKT503756,2025-04-11,Phone,Cards,Payment Failed,Neutral,High,Pending,36.9,4.2
TKT511928,2025-04-11,Phone,Loans,Login Issue,Negative,Medium,Resolved,21.8,2.6
TKT503990,2025-04-11,Chat,Loans,Loan Query,Negative,High,Resolved,27.0,2.4
TKT503234,2025-04-11,Phone,Payments,Card Issue,Neutral,High,Pending,43.4,4.0
TKT502204,2025-04-11,Phone,Mobile App,Account Access,Negative,High,Pending,37.5,2.9
TKT510689,2025-04-11,Email,Cards,Login Issue,Positive,Critical,Escalated,60.1,3.0
TKT503882,2025-04-11,Chat,Payments,Login Issue,Positive,Low,Resolved,26.3,4.7
TKT508382,2025-04-11,Email,Loans,App Bug,Negative,High,Escalated,57.9,1.8
TKT505468,2025-04-11,Social,Payments,Login Issue,Positive,Medium,Pending,48.4,3.0
TKT503640,2025-04-11,Phone,Payments,Payment Failed,Neutral,Low,Resolved,19.4,4.5
TKT502361,2025-04-11,Email,Loans,Login Issue,Positive,Medium,Pending,39.2,3.8
TKT500133,2025-04-11,Phone,Cards,App Bug,Negative,High,Resolved,27.5,3.9
TKT500494,2025-04-11,Social,Mobile App,Card Issue,Neutral,Low,Resolved,23.1,3.4
TKT503120,2025-04-11,Chat,Payments,Refund Delay,Negative,High,Pending,36.2,2.9
TKT501131,2025-04-11,Email,Cards,Card Issue,Negative,High,Escalated,56.1,2.1
TKT500460,2025-04-11,Email,Account,Loan Query,Positive,Low,Pending,51.8,3.8
TKT500388,2025-04-11,Email,Payments,Refund Delay,Negative,High,Pending,47.2,3.1
TKT506925,2025-04-11,Chat,Cards,Card Issue,Neutral,Low,Pending,33.6,3.4
TKT500840,2025-04-11,Phone,Mobile App,App Bug,Negative,High,Pending,36.1,2.9
TKT506111,2025-04-11,Chat,Mobile App,Payment Failed,Neutral,High,Pending,39.3,3.7
TKT509363,2025-04-11,Phone,Loans,Login Issue,Negative,High,Pending,36.4,2.2
TKT502966,2025-04-11,Chat,Cards,Payment Failed,Negative,High,Resolved,26.6,3.1
TKT502339,2025-04-11,Chat,Payments,Account Access,Negative,High,Pending,31.6,1.8
TKT504096,2025-04-11,Chat,Loans,Refund Delay,Positive,Medium,Resolved,24.5,3.4
TKT507308,2025-04-11,Email,Payments,Account Access,Negative,High,Pending,45.3,3.0
TKT511419,2025-04-11,Chat,Cards,Account Access,Negative,Medium,Resolved,20.7,2.9
TKT504952,2025-04-11,Chat,Cards,Login Issue,Negative,Medium,Resolved,25.9,3.3
TKT506083,2025-04-11,Email,Account,Loan Query,Neutral,Medium,Pending,48.0,3.2
TKT503034,2025-04-11,Email,Account,Payment Failed,Neutral,High,Pending,51.9,3.1
TKT505374,2025-04-11,Email,Payments,Refund Delay,Negative,Medium,Pending,35.4,2.7
TKT505266,2025-04-12,Phone,Payments,Payment Failed,Positive,Medium,Resolved,25.8,5.0
TKT508336,2025-04-12,Email,Account,Payment Failed,Negative,Critical,Escalated,70.2,2.6
TKT503953,2025-04-12,Social,Mobile App,Payment Failed,Neutral,Medium,Resolved,25.0,4.0
TKT500832,2025-04-12,Email,Account,Refund Delay,Neutral,High,Pending,47.0,3.9
TKT510925,2025-04-12,Chat,Mobile App,Payment Failed,Negative,High,Resolved,26.2,3.2
TKT510833,2025-04-12,Phone,Mobile App,Refund Delay,Negative,Critical,Pending,40.9,3.0
TKT500027,2025-04-12,Email,Loans,Login Issue,Positive,Low,Pending,35.9,4.0
TKT503793,2025-04-12,Email,Payments,Payment Failed,Neutral,Low,Pending,36.9,3.8
TKT501640,2025-04-12,Social,Mobile App,Login Issue,Positive,Medium,Pending,48.5,3.3
TKT507659,2025-04-12,Chat,Account,Payment Failed,Negative,High,Resolved,27.9,2.1
TKT509180,2025-04-12,Email,Mobile App,Loan Query,Negative,High,Pending,42.9,2.2
TKT510283,2025-04-12,Social,Loans,App Bug,Negative,Critical,Pending,38.2,2.2
TKT500990,2025-04-12,Chat,Cards,Login Issue,Negative,Critical,Pending,32.3,1.2
TKT501074,2025-04-12,Email,Account,Account Access,Neutral,Critical,Pending,44.6,4.4
TKT503828,2025-04-12,Chat,Payments,Login Issue,Negative,High,Resolved,24.8,2.6
TKT505170,2025-04-12,Phone,Cards,Payment Failed,Negative,High,Pending,34.3,2.5
TKT500641,2025-04-12,Chat,Cards,Login Issue,Negative,High,Pending,30.0,2.1
TKT502013,2025-04-12,Chat,Cards,App Bug,Positive,Medium,Resolved,21.9,4.1
TKT502882,2025-04-12,Social,Loans,Payment Failed,Positive,Critical,Pending,39.5,3.8
TKT506355,2025-04-12,Social,Payments,App Bug,Negative,High,Pending,35.4,2.6
TKT504997,2025-04-12,Email,Mobile App,Refund Delay,Positive,Low,Pending,38.0,2.7
TKT500686,2025-04-12,Social,Account,Card Issue,Negative,High,Pending,34.8,2.8
TKT508835,2025-04-12,Chat,Cards,Login Issue,Neutral,High,Resolved,22.0,3.8
TKT500100,2025-04-12,Email,Mobile App,Loan Query,Positive,Medium,Pending,39.6,3.8
TKT500131,2025-04-12,Chat,Account,Card Issue,Negative,Low,Resolved,25.6,2.8
TKT500496,2025-04-12,Phone,Mobile App,App Bug,Negative,High,Pending,39.2,1.6
TKT501742,2025-04-13,Social,Mobile App,Refund Delay,Negative,High,Pending,30.0,3.6
TKT502372,2025-04-13,Email,Loans,Loan Query,Positive,Medium,Pending,37.5,3.6
TKT506411,2025-04-13,Email,Loans,Login Issue,Positive,High,Pending,40.8,3.9
TKT508548,2025-04-13,Chat,Mobile App,Login Issue,Neutral,Low,Resolved,22.5,3.6
TKT508668,2025-04-13,Social,Payments,Loan Query,Negative,High,Resolved,28.2,3.0
TKT505473,2025-04-13,Email,Payments,Payment Failed,Neutral,Medium,Pending,32.0,4.0
TKT503787,2025-04-13,Email,Payments,Login Issue,Neutral,High,Pending,47.0,3.8
TKT508707,2025-04-13,Chat,Loans,Refund Delay,Negative,High,Resolved,29.8,2.1
TKT504716,2025-04-13,Chat,Mobile App,Login Issue,Negative,High,Pending,34.1,3.5
TKT502732,2025-04-13,Phone,Cards,Refund Delay,Neutral,Low,Resolved,29.8,3.8
TKT507935,2025-04-13,Email,Mobile App,App Bug,Positive,High,Pending,37.8,3.7
TKT511064,2025-04-13,Social,Payments,App Bug,Positive,Low,Pending,41.6,3.6
TKT507996,2025-04-13,Email,Loans,Refund Delay,Neutral,Critical,Pending,52.3,4.1
TKT504944,2025-04-13,Email,Mobile App,Loan Query,Positive,Medium,Escalated,56.9,3.7
TKT511901,2025-04-13,Chat,Account,Account Access,Negative,High,Pending,38.8,1.5
TKT501201,2025-04-13,Phone,Cards,App Bug,Neutral,Critical,Pending,44.7,3.8
TKT507672,2025-04-13,Phone,Mobile App,Login Issue,Negative,Medium,Resolved,28.5,2.6
TKT511123,2025-04-13,Email,Mobile App,Login Issue,Negative,High,Pending,50.2,3.0
TKT511232,2025-04-13,Phone,Cards,Payment Failed,Negative,High,Pending,35.0,2.9
TKT504658,2025-04-13,Email,Mobile App,Card Issue,Neutral,High,Pending,47.9,4.4
TKT503264,2025-04-13,Email,Payments,Login Issue,Negative,Critical,Pending,45.4,2.6
TKT508291,2025-04-13,Email,Mobile App,App Bug,Neutral,Medium,Pending,35.8,4.0
TKT504901,2025-04-13,Email,Account,Payment Failed,Negative,Medium,Pending,42.2,1.5
TKT500914,2025-04-13,Chat,Mobile App,Card Issue,Neutral,Medium,Resolved,24.1,3.9
TKT500390,2025-04-13,Social,Cards,Payment Failed,Neutral,Critical,Pending,49.8,3.8
TKT509505,2025-04-13,Chat,Mobile App,Account Access,Negative,Low,Pending,35.1,1.6
TKT502991,2025-04-13,Social,Payments,Card Issue,Negative,Low,Resolved,27.2,2.2
TKT509943,2025-04-13,Chat,Loans,Payment Failed,Negative,High,Pending,32.5,3.0
TKT504043,2025-04-13,Email,Account,Loan Query,Negative,High,Pending,53.1,2.4
TKT504135,2025-04-14,Email,Loans,Payment Failed,Negative,Low,Pending,54.3,2.1
TKT506491,2025-04-14,Chat,Payments,App Bug,Negative,Medium,Resolved,12.8,2.7
TKT501082,2025-04-14,Chat,Mobile App,Refund Delay,Negative,High,Resolved,27.7,3.8
TKT509426,2025-04-14,Social,Cards,Account Access,Positive,Low,Resolved,28.2,3.8
TKT509641,2025-04-14,Email,Payments,Account Access,Neutral,High,Pending,50.8,3.4
TKT501015,2025-04-14,Chat,Cards,Account Access,Positive,High,Resolved,23.1,3.6
TKT507656,2025-04-14,Chat,Cards,Login Issue,Positive,Low,Resolved,22.2,4.2
TKT508739,2025-04-14,Email,Account,App Bug,Negative,Medium,Escalated,60.0,2.5
TKT507204,2025-04-14,Email,Payments,Account Access,Negative,Low,Pending,34.9,2.0
TKT504382,2025-04-14,Chat,Payments,App Bug,Negative,High,Resolved,20.4,3.6
TKT504785,2025-04-14,Social,Loans,App Bug,Neutral,Medium,Pending,32.1,3.0
TKT503775,2025-04-14,Social,Account,Login Issue,Positive,High,Resolved,27.9,4.4
TKT511785,2025-04-14,Chat,Loans,Account Access,Positive,Low,Resolved,29.5,3.9
TKT510373,2025-04-14,Phone,Payments,Payment Failed,Negative,Low,Resolved,24.0,2.5
TKT506213,2025-04-14,Phone,Loans,Account Access,Positive,Medium,Pending,30.7,4.0
TKT503435,2025-04-14,Chat,Payments,Login Issue,Negative,High,Resolved,24.7,1.9
TKT501490,2025-04-14,Phone,Cards,Payment Failed,Positive,Low,Resolved,21.8,4.7
TKT508226,2025-04-14,Chat,Cards,App Bug,Neutral,Medium,Resolved,26.1,3.5
TKT510414,2025-04-14,Chat,Payments,Refund Delay,Neutral,High,Resolved,28.0,3.9
TKT500597,2025-04-14,Email,Loans,Payment Failed,Positive,Low,Pending,44.1,3.8
TKT508125,2025-04-14,Email,Mobile App,App Bug,Negative,Medium,Pending,36.4,3.4
TKT509293,2025-04-14,Phone,Payments,Refund Delay,Negative,High,Resolved,27.1,3.2
TKT503951,2025-04-14,Chat,Cards,App Bug,Negative,Medium,Resolved,13.7,2.8
TKT509755,2025-04-14,Phone,Payments,Card Issue,Neutral,Medium,Pending,38.5,3.4
TKT505488,2025-04-15,Email,Payments,Refund Delay,Neutral,High,Pending,44.7,4.4
TKT501489,2025-04-15,Email,Mobile App,Payment Failed,Neutral,Medium,Escalated,65.3,4.0
TKT508344,2025-04-15,Phone,Payments,Card Issue,Positive,High,Resolved,29.9,3.4
TKT506540,2025-04-15,Chat,Payments,Refund Delay,Positive,Medium,Resolved,26.2,3.5
TKT509565,2025-04-15,Email,Mobile App,Refund Delay,Negative,High,Pending,50.9,2.4
TKT504681,2025-04-15,Phone,Cards,Payment Failed,Negative,Critical,Pending,35.7,2.1
TKT505778,2025-04-15,Chat,Loans,Login Issue,Neutral,High,Pending,41.9,4.7
TKT508426,2025-04-15,Social,Mobile App,Payment Failed,Neutral,Low,Resolved,28.0,3.9
TKT510922,2025-04-15,Phone,Cards,Account Access,Negative,Low,Pending,34.8,3.2
TKT504435,2025-04-15,Email,Cards,Login Issue,Negative,Medium,Pending,45.0,3.1
TKT510010,2025-04-15,Email,Account,Payment Failed,Neutral,High,Pending,44.0,4.3
TKT506363,2025-04-15,Chat,Cards,Login Issue,Positive,High,Resolved,27.8,3.5
TKT508764,2025-04-15,Chat,Payments,Refund Delay,Negative,Medium,Resolved,23.0,2.1
TKT507058,2025-04-15,Phone,Account,Account Access,Positive,High,Pending,39.4,4.0
TKT511212,2025-04-16,Phone,Mobile App,Refund Delay,Positive,Low,Resolved,29.2,4.3
TKT504821,2025-04-16,Chat,Payments,Login Issue,Negative,High,Pending,39.3,2.4
TKT501582,2025-04-16,Email,Loans,Login Issue,Neutral,Medium,Pending,42.6,4.2
TKT500599,2025-04-16,Social,Loans,App Bug,Negative,Critical,Pending,40.9,1.9
TKT504550,2025-04-16,Social,Payments,Login Issue,Negative,Low,Resolved,21.2,3.1
TKT510973,2025-04-16,Email,Account,Login Issue,Neutral,Medium,Pending,36.6,3.5
TKT508519,2025-04-16,Chat,Mobile App,App Bug,Positive,Medium,Resolved,15.5,3.2
TKT504250,2025-04-16,Chat,Payments,Card Issue,Negative,High,Pending,47.2,2.4
TKT500059,2025-04-16,Chat,Loans,Loan Query,Neutral,Low,Resolved,23.5,4.1
TKT505129,2025-04-16,Email,Mobile App,Card Issue,Negative,High,Pending,50.4,2.3
TKT505090,2025-04-16,Email,Mobile App,Payment Failed,Positive,Critical,Escalated,62.3,2.1
TKT500623,2025-04-16,Social,Payments,Refund Delay,Neutral,Medium,Pending,48.5,3.6
TKT508867,2025-04-16,Social,Cards,Payment Failed,Positive,Medium,Resolved,22.0,3.6
TKT509920,2025-04-16,Social,Mobile App,Refund Delay,Positive,Low,Pending,33.8,4.0
TKT505484,2025-04-16,Email,Cards,Loan Query,Negative,High,Pending,49.8,3.4
TKT509910,2025-04-16,Email,Loans,Refund Delay,Positive,High,Pending,40.3,4.3
TKT505746,2025-04-17,Chat,Account,Payment Failed,Negative,Low,Pending,41.9,2.2
TKT504212,2025-04-17,Chat,Mobile App,Card Issue,Negative,Low,Resolved,28.5,2.4
TKT509520,2025-04-17,Phone,Cards,Refund Delay,Negative,High,Resolved,28.0,2.4
TKT500065,2025-04-17,Phone,Loans,Payment Failed,Negative,Critical,Pending,36.7,2.9
TKT510893,2025-04-17,Social,Account,Login Issue,Neutral,High,Pending,36.1,3.7
TKT501512,2025-04-17,Chat,Mobile App,Login Issue,Negative,Low,Resolved,19.4,2.9
TKT502994,2025-04-17,Phone,Payments,Payment Failed,Neutral,Low,Resolved,25.9,4.4
TKT501965,2025-04-17,Email,Mobile App,App Bug,Neutral,Medium,Pending,37.1,3.3
TKT506801,2025-04-17,Social,Mobile App,App Bug,Neutral,Low,Resolved,29.1,3.8
TKT505383,2025-04-17,Social,Loans,Refund Delay,Positive,Low,Resolved,22.6,3.7
TKT500668,2025-04-17,Social,Account,Payment Failed,Negative,High,Pending,40.7,2.7
TKT509383,2025-04-17,Chat,Payments,Payment Failed,Positive,Medium,Pending,41.6,3.5
TKT503145,2025-04-17,Phone,Mobile App,Payment Failed,Negative,High,Pending,30.8,3.2
TKT506524,2025-04-17,Email,Account,Loan Query,Negative,High,Pending,54.6,2.7
TKT506841,2025-04-17,Email,Payments,App Bug,Negative,Low,Pending,34.9,2.2
TKT501376,2025-04-17,Phone,Payments,App Bug,Negative,Medium,Resolved,27.1,3.0
TKT500587,2025-04-17,Social,Payments,Payment Failed,Neutral,High,Pending,40.0,3.3
TKT501103,2025-04-17,Chat,Payments,Payment Failed,Neutral,High,Resolved,28.8,4.1
TKT502055,2025-04-17,Chat,Payments,Loan Query,Positive,Low,Resolved,17.8,4.5
TKT500721,2025-04-17,Social,Payments,Payment Failed,Negative,High,Pending,33.5,2.6
TKT507191,2025-04-17,Chat,Payments,Login Issue,Negative,High,Resolved,28.8,2.3
TKT500766,2025-04-17,Chat,Cards,Refund Delay,Positive,High,Pending,42.7,3.7
TKT510148,2025-04-17,Phone,Loans,App Bug,Positive,High,Resolved,28.3,4.1
TKT501553,2025-04-18,Chat,Mobile App,Login Issue,Negative,High,Resolved,21.3,3.2
TKT509265,2025-04-18,Chat,Cards,Login Issue,Negative,High,Pending,40.1,2.9
TKT500172,2025-04-18,Chat,Mobile App,Account Access,Negative,Low,Resolved,17.3,2.3
TKT510055,2025-04-18,Email,Account,Account Access,Negative,Low,Pending,35.4,2.9
TKT509048,2025-04-18,Email,Payments,Payment Failed,Negative,Medium,Pending,38.5,2.9
TKT503950,2025-04-18,Phone,Mobile App,Refund Delay,Neutral,High,Pending,35.0,4.4
TKT504155,2025-04-18,Social,Account,Login Issue,Negative,Medium,Resolved,23.5,1.2
TKT511853,2025-04-18,Email,Account,Payment Failed,Neutral,High,Pending,53.1,4.1
TKT506357,2025-04-18,Chat,Cards,Card Issue,Positive,Medium,Pending,37.3,3.4
TKT510510,2025-04-18,Email,Account,Login Issue,Negative,Medium,Pending,48.1,2.5
TKT511296,2025-04-18,Chat,Cards,App Bug,Neutral,High,Resolved,25.4,3.3
TKT509545,2025-04-18,Chat,Loans,App Bug,Negative,High,Resolved,24.1,3.1
TKT506856,2025-04-18,Social,Mobile App,Login Issue,Negative,Low,Resolved,28.8,2.4
TKT501056,2025-04-18,Email,Cards,Payment Failed,Negative,High,Pending,42.7,1.9
TKT501354,2025-04-18,Email,Mobile App,Refund Delay,Positive,Critical,Pending,47.8,3.9
TKT502492,2025-04-18,Social,Cards,Refund Delay,Neutral,High,Pending,34.1,3.4
TKT507428,2025-04-18,Chat,Cards,Login Issue,Negative,Low,Resolved,24.0,1.7
TKT502199,2025-04-18,Phone,Account,Payment Failed,Negative,Medium,Pending,38.4,3.1
TKT509160,2025-04-19,Chat,Loans,Payment Failed,Negative,High,Resolved,24.0,2.9
TKT506266,2025-04-19,Chat,Mobile App,App Bug,Positive,High,Resolved,19.7,4.9
TKT509338,2025-04-19,Chat,Account,Payment Failed,Negative,High,Resolved,26.0,2.6
TKT500134,2025-04-19,Email,Payments,Loan Query,Neutral,Low,Pending,48.1,3.9
TKT510459,2025-04-19,Chat,Payments,Refund Delay,Negative,High,Resolved,23.9,1.8
TKT506664,2025-04-19,Phone,Account,Refund Delay,Negative,Medium,Pending,32.1,2.5
TKT510734,2025-04-19,Phone,Payments,Refund Delay,Positive,Low,Resolved,24.3,3.3
TKT508377,2025-04-19,Chat,Mobile App,Refund Delay,Positive,Critical,Resolved,24.7,3.8
TKT511632,2025-04-19,Chat,Mobile App,Login Issue,Negative,Low,Pending,53.8,2.5
TKT508097,2025-04-19,Phone,Account,Refund Delay,Negative,Low,Resolved,27.9,2.5
TKT502264,2025-04-19,Phone,Account,Login Issue,Positive,High,Pending,30.3,4.4
TKT509996,2025-04-19,Email,Cards,App Bug,Negative,Medium,Pending,34.7,2.9
TKT505804,2025-04-19,Chat,Mobile App,Login Issue,Negative,High,Pending,34.2,2.1
TKT505033,2025-04-19,Email,Mobile App,Login Issue,Positive,Critical,Escalated,58.9,2.9
TKT509880,2025-04-19,Chat,Mobile App,Card Issue,Neutral,High,Pending,33.3,3.8
TKT505704,2025-04-19,Email,Cards,Refund Delay,Negative,Medium,Pending,38.7,2.7
TKT504877,2025-04-19,Chat,Cards,App Bug,Negative,Medium,Resolved,14.4,2.6
TKT510026,2025-04-19,Social,Payments,App Bug,Positive,Medium,Escalated,57.2,3.1
TKT510357,2025-04-19,Social,Payments,Login Issue,Negative,Medium,Resolved,27.6,3.0
TKT508331,2025-04-19,Email,Payments,Payment Failed,Negative,High,Escalated,59.7,2.2
TKT507665,2025-04-19,Social,Account,Login Issue,Positive,High,Pending,45.0,3.3
TKT503032,2025-04-19,Email,Payments,Loan Query,Positive,Medium,Pending,31.8,3.4
TKT509067,2025-04-19,Chat,Payments,Login Issue,Negative,Medium,Resolved,24.8,2.7
TKT510834,2025-04-19,Phone,Account,Login Issue,Neutral,High,Pending,32.2,4.4
TKT500237,2025-04-19,Phone,Payments,Refund Delay,Negative,Medium,Resolved,29.6,2.3
TKT510321,2025-04-19,Chat,Account,Refund Delay,Neutral,Medium,Pending,49.6,4.2
TKT501235,2025-04-20,Chat,Payments,Payment Failed,Positive,Low,Resolved,21.9,3.8
TKT509282,2025-04-20,Phone,Mobile App,Card Issue,Neutral,Low,Resolved,21.5,2.7
TKT510486,2025-04-20,Email,Mobile App,Refund Delay,Negative,High,Pending,42.7,2.3
TKT510455,2025-04-20,Social,Mobile App,App Bug,Neutral,Low,Pending,37.5,3.8
TKT503601,2025-04-20,Chat,Account,Card Issue,Positive,Medium,Pending,30.3,4.4
TKT510995,2025-04-20,Social,Account,Payment Failed,Positive,Medium,Pending,30.7,3.9
TKT510826,2025-04-20,Chat,Payments,Card Issue,Negative,Medium,Resolved,17.2,3.0
TKT505010,2025-04-20,Email,Loans,Account Access,Positive,Low,Pending,39.5,4.0
TKT506207,2025-04-20,Chat,Payments,Payment Failed,Negative,Low,Resolved,26.3,2.3
TKT502532,2025-04-20,Chat,Payments,Login Issue,Negative,High,Pending,50.0,1.6
TKT505248,2025-04-20,Chat,Account,Login Issue,Neutral,Low,Resolved,26.7,4.5
TKT501564,2025-04-20,Email,Mobile App,Refund Delay,Positive,Low,Pending,47.6,4.7
TKT501105,2025-04-20,Email,Account,Payment Failed,Negative,High,Pending,49.5,1.7
TKT505740,2025-04-20,Email,Cards,Login Issue,Negative,Medium,Pending,41.7,2.0
TKT504704,2025-04-20,Phone,Cards,Card Issue,Negative,Low,Pending,38.6,2.8
TKT504686,2025-04-20,Social,Account,Card Issue,Positive,Low,Resolved,28.7,3.9
TKT507934,2025-04-20,Chat,Payments,Payment Failed,Negative,Medium,Pending,30.6,2.1
TKT505787,2025-04-20,Email,Cards,Payment Failed,Negative,High,Pending,38.8,3.0
TKT510331,2025-04-20,Chat,Mobile App,Refund Delay,Negative,High,Resolved,28.6,2.0
TKT511161,2025-04-20,Email,Cards,Loan Query,Neutral,Medium,Pending,37.3,4.3
TKT505862,2025-04-20,Social,Loans,Refund Delay,Positive,Low,Resolved,29.9,2.9
TKT503532,2025-04-20,Social,Mobile App,Login Issue,Positive,Low,Escalated,55.0,3.3
TKT505547,2025-04-20,Email,Mobile App,Login Issue,Negative,High,Escalated,87.2,1.4
TKT503807,2025-04-20,Email,Payments,Payment Failed,Negative,Critical,Pending,48.5,2.4
TKT505963,2025-04-20,Email,Payments,App Bug,Negative,High,Pending,45.1,2.6
TKT501637,2025-04-20,Email,Account,Account Access,Neutral,High,Pending,42.2,4.2
TKT507054,2025-04-20,Chat,Mobile App,Loan Query,Positive,Medium,Resolved,16.0,3.9
TKT505817,2025-04-20,Email,Payments,Card Issue,Negative,Medium,Pending,31.2,2.1
TKT504263,2025-04-20,Email,Mobile App,Loan Query,Positive,Low,Pending,47.1,3.3
TKT505334,2025-04-20,Email,Account,Card Issue,Negative,High,Pending,49.6,2.0
TKT507835,2025-04-20,Email,Payments,Account Access,Neutral,High,Pending,45.8,3.9
TKT507085,2025-04-20,Email,Payments,Payment Failed,Negative,Medium,Pending,32.9,2.8
TKT501326,2025-04-21,Email,Cards,Refund Delay,Negative,Medium,Pending,33.5,2.8
TKT511707,2025-04-21,Phone,Account,Payment Failed,Negative,High,Resolved,25.7,2.4
TKT502804,2025-04-21,Chat,Mobile App,App Bug,Neutral,Low,Resolved,17.2,4.1
TKT511367,2025-04-21,Email,Cards,Refund Delay,Negative,Low,Pending,39.6,2.2
TKT508317,2025-04-21,Phone,Loans,App Bug,Positive,High,Pending,42.3,4.6
TKT500379,2025-04-21,Chat,Payments,Refund Delay,Negative,Medium,Resolved,17.7,2.2
TKT504021,2025-04-21,Chat,Cards,Login Issue,Negative,Low,Resolved,23.6,2.0
TKT509856,2025-04-21,Email,Payments,Payment Failed,Neutral,Medium,Pending,33.8,3.6
TKT500540,2025-04-21,Chat,Account,Payment Failed,Neutral,Medium,Resolved,20.8,3.1
TKT501260,2025-04-21,Email,Payments,Login Issue,Positive,Critical,Pending,50.4,3.6
TKT507371,2025-04-21,Email,Cards,Loan Query,Positive,Medium,Pending,47.4,4.4
TKT506863,2025-04-22,Phone,Payments,Loan Query,Positive,Low,Resolved,23.2,4.0
TKT510752,2025-04-22,Email,Loans,Login Issue,Neutral,Low,Pending,41.7,3.6
TKT508339,2025-04-22,Chat,Cards,Refund Delay,Negative,High,Resolved,24.2,3.2
TKT500021,2025-04-22,Email,Account,Refund Delay,Positive,Low,Escalated,58.9,3.1
TKT509814,2025-04-22,Email,Payments,Loan Query,Neutral,Low,Pending,36.8,4.3
TKT511787,2025-04-22,Email,Loans,Login Issue,Neutral,Medium,Pending,39.7,3.1
TKT509169,2025-04-22,Chat,Mobile App,Account Access,Positive,Low,Resolved,24.8,3.9
TKT507697,2025-04-22,Chat,Payments,Payment Failed,Negative,High,Resolved,27.2,2.0
TKT501108,2025-04-22,Phone,Payments,Login Issue,Neutral,Low,Resolved,27.0,3.7
TKT503485,2025-04-22,Chat,Loans,Card Issue,Negative,Critical,Escalated,56.6,2.7
TKT511540,2025-04-22,Email,Cards,App Bug,Negative,High,Pending,50.2,2.0
TKT503567,2025-04-22,Social,Cards,Card Issue,Neutral,High,Pending,43.5,4.0
TKT507152,2025-04-22,Phone,Account,Account Access,Neutral,Low,Resolved,22.5,3.6
TKT502976,2025-04-22,Email,Account,Payment Failed,Negative,Low,Pending,36.1,2.6
TKT504746,2025-04-22,Chat,Loans,Card Issue,Neutral,Medium,Resolved,20.1,3.6
TKT511399,2025-04-22,Email,Payments,Payment Failed,Negative,Low,Pending,37.8,2.6
TKT503496,2025-04-22,Social,Loans,App Bug,Negative,Low,Resolved,25.1,2.9
TKT503680,2025-04-22,Chat,Account,Refund Delay,Positive,Low,Resolved,20.9,3.3
TKT511737,2025-04-22,Phone,Mobile App,Loan Query,Neutral,Medium,Resolved,27.0,3.4
TKT507837,2025-04-22,Social,Payments,Loan Query,Positive,Low,Resolved,21.6,3.0
TKT504162,2025-04-22,Email,Payments,Loan Query,Neutral,Critical,Pending,51.6,4.1
TKT511069,2025-04-22,Chat,Loans,Payment Failed,Negative,Medium,Pending,33.0,2.7
TKT509859,2025-04-22,Chat,Mobile App,App Bug,Positive,Medium,Resolved,21.9,3.5
TKT501224,2025-04-22,Chat,Account,Card Issue,Positive,Medium,Resolved,22.8,4.0
TKT510183,2025-04-22,Phone,Payments,App Bug,Positive,Medium,Resolved,25.7,3.4
TKT509397,2025-04-22,Chat,Payments,Card Issue,Neutral,Low,Resolved,15.9,3.1
TKT504434,2025-04-22,Chat,Cards,Payment Failed,Positive,Medium,Resolved,24.9,3.5
TKT509984,2025-04-22,Phone,Mobile App,Payment Failed,Neutral,Low,Resolved,23.8,4.1
TKT504336,2025-04-22,Chat,Mobile App,Login Issue,Positive,High,Pending,35.6,4.1
TKT510097,2025-04-22,Chat,Cards,Loan Query,Negative,High,Resolved,21.4,3.3
TKT503447,2025-04-23,Social,Loans,Card Issue,Negative,High,Pending,38.5,2.4
TKT505764,2025-04-23,Email,Payments,Payment Failed,Neutral,Low,Pending,35.4,4.1
TKT500546,2025-04-23,Chat,Mobile App,Card Issue,Negative,High,Pending,37.8,4.2
TKT509302,2025-04-23,Email,Mobile App,Loan Query,Positive,Medium,Pending,53.8,2.9
TKT503961,2025-04-23,Social,Payments,Card Issue,Positive,Medium,Resolved,22.7,4.5
TKT509913,2025-04-23,Phone,Mobile App,Payment Failed,Negative,Critical,Escalated,56.2,2.4
TKT506805,2025-04-23,Email,Cards,Account Access,Negative,Medium,Pending,42.2,3.0
TKT508001,2025-04-23,Social,Mobile App,Loan Query,Positive,Low,Pending,33.3,4.0
TKT503251,2025-04-23,Social,Payments,Login Issue,Neutral,Low,Pending,33.9,4.0
TKT509418,2025-04-23,Social,Account,Account Access,Neutral,High,Pending,34.3,4.2
TKT500515,2025-04-23,Email,Account,Refund Delay,Positive,Medium,Pending,41.1,3.7
TKT506758,2025-04-23,Phone,Cards,Refund Delay,Negative,Low,Resolved,21.4,2.9
TKT504866,2025-04-23,Chat,Payments,App Bug,Neutral,High,Resolved,25.7,4.2
TKT502890,2025-04-23,Email,Mobile App,Account Access,Negative,Low,Pending,32.1,3.1
TKT510294,2025-04-23,Chat,Mobile App,Payment Failed,Negative,High,Pending,36.0,2.5
TKT508893,2025-04-23,Phone,Payments,Login Issue,Neutral,Low,Resolved,24.5,4.9
TKT503698,2025-04-23,Chat,Mobile App,Account Access,Positive,Low,Resolved,18.7,4.3
TKT511286,2025-04-23,Phone,Mobile App,Loan Query,Neutral,Medium,Resolved,26.9,4.3
TKT506563,2025-04-23,Chat,Payments,Card Issue,Positive,Low,Resolved,28.8,4.1
TKT511592,2025-04-23,Social,Payments,App Bug,Negative,Medium,Resolved,21.0,1.8
TKT500699,2025-04-23,Phone,Account,Refund Delay,Negative,High,Pending,37.9,2.6
TKT506765,2025-04-24,Phone,Account,Refund Delay,Positive,Low,Pending,32.2,3.6
TKT506029,2025-04-24,Chat,Payments,Account Access,Neutral,High,Pending,36.8,3.2
TKT511535,2025-04-24,Social,Mobile App,App Bug,Negative,Low,Pending,54.7,3.4
TKT510621,2025-04-24,Social,Mobile App,Payment Failed,Negative,Low,Pending,41.6,3.0
TKT500769,2025-04-24,Chat,Mobile App,App Bug,Negative,High,Pending,34.2,2.5
TKT503016,2025-04-24,Chat,Mobile App,Card Issue,Positive,Low,Resolved,22.3,4.2
TKT510863,2025-04-24,Chat,Cards,Card Issue,Negative,Medium,Resolved,13.4,2.5
TKT509463,2025-04-24,Social,Mobile App,App Bug,Neutral,Low,Pending,33.0,4.5
TKT510213,2025-04-24,Chat,Loans,Loan Query,Positive,Medium,Resolved,16.6,3.5
TKT505925,2025-04-24,Chat,Loans,Payment Failed,Neutral,Low,Resolved,18.2,4.1
TKT510560,2025-04-24,Chat,Payments,Payment Failed,Positive,Critical,Pending,31.4,3.3
TKT505224,2025-04-24,Chat,Payments,Login Issue,Negative,Medium,Resolved,15.3,2.0
TKT504689,2025-04-24,Email,Loans,Refund Delay,Neutral,Critical,Pending,47.4,3.5
TKT503671,2025-04-24,Phone,Loans,Card Issue,Neutral,Medium,Resolved,22.6,4.4
TKT505868,2025-04-24,Chat,Cards,Payment Failed,Neutral,Medium,Resolved,21.9,4.8
TKT507046,2025-04-24,Chat,Account,App Bug,Negative,Medium,Pending,30.6,2.9
TKT507569,2025-04-24,Email,Cards,Login Issue,Negative,High,Escalated,57.4,1.3
TKT504255,2025-04-24,Email,Account,App Bug,Negative,High,Pending,49.2,3.7
TKT510640,2025-04-24,Email,Payments,Loan Query,Negative,High,Pending,40.9,2.9
TKT503861,2025-04-24,Email,Loans,Loan Query,Neutral,High,Pending,43.8,3.6
TKT509501,2025-04-24,Phone,Cards,Login Issue,Neutral,Medium,Resolved,22.2,3.2
TKT502328,2025-04-24,Chat,Cards,Refund Delay,Positive,Medium,Pending,32.1,4.0
TKT503822,2025-04-24,Chat,Account,Account Access,Neutral,Medium,Resolved,15.4,3.2
TKT505568,2025-04-25,Chat,Account,Login Issue,Neutral,Medium,Pending,40.3,4.3
TKT503218,2025-04-25,Email,Loans,Payment Failed,Neutral,Medium,Pending,42.7,3.7
TKT501857,2025-04-25,Phone,Account,App Bug,Negative,High,Pending,40.2,2.7
TKT509789,2025-04-25,Email,Account,Account Access,Neutral,Low,Pending,41.7,5.0
TKT507522,2025-04-25,Chat,Mobile App,Card Issue,Neutral,Low,Resolved,24.8,4.1
TKT505960,2025-04-25,Social,Account,Refund Delay,Neutral,Medium,Resolved,26.8,4.3
TKT500626,2025-04-25,Phone,Payments,Account Access,Positive,Low,Pending,34.3,3.6
TKT509973,2025-04-25,Email,Account,App Bug,Negative,Critical,Escalated,57.9,1.9
TKT505890,2025-04-25,Chat,Cards,Payment Failed,Negative,Medium,Pending,35.5,1.7
TKT507324,2025-04-25,Email,Loans,Payment Failed,Neutral,Low,Pending,44.5,3.0
TKT502173,2025-04-25,Chat,Loans,Loan Query,Negative,High,Pending,31.0,3.1
TKT509550,2025-04-25,Email,Mobile App,Loan Query,Negative,High,Escalated,59.0,1.7
TKT500416,2025-04-25,Chat,Account,Loan Query,Positive,High,Resolved,26.8,4.2
TKT503955,2025-04-25,Chat,Cards,App Bug,Positive,High,Resolved,19.3,4.4
TKT509695,2025-04-25,Chat,Mobile App,Account Access,Negative,Low,Resolved,17.4,2.7
TKT502728,2025-04-25,Chat,Payments,Login Issue,Negative,Medium,Resolved,28.0,2.0
TKT507418,2025-04-25,Chat,Payments,Refund Delay,Negative,High,Pending,32.8,3.9
TKT503068,2025-04-25,Phone,Loans,Refund Delay,Negative,High,Pending,32.3,2.2
TKT505743,2025-04-25,Phone,Payments,App Bug,Negative,Medium,Resolved,23.5,3.5
TKT506367,2025-04-25,Email,Payments,Login Issue,Positive,High,Pending,53.1,3.1
TKT509061,2025-04-26,Chat,Account,Account Access,Neutral,High,Resolved,28.4,3.3
TKT501461,2025-04-26,Email,Account,Login Issue,Positive,Medium,Escalated,58.2,2.7
TKT511868,2025-04-26,Chat,Payments,App Bug,Neutral,Low,Resolved,19.4,4.0
TKT508818,2025-04-26,Phone,Account,Refund Delay,Negative,High,Pending,44.3,2.6
TKT503620,2025-04-26,Phone,Mobile App,Card Issue,Negative,Medium,Pending,42.4,2.9
TKT500571,2025-04-26,Social,Account,Payment Failed,Positive,Medium,Resolved,24.2,4.7
TKT507831,2025-04-26,Phone,Account,Login Issue,Negative,Medium,Resolved,24.0,3.0
TKT502023,2025-04-26,Phone,Mobile App,Payment Failed,Negative,Critical,Pending,54.9,2.4
TKT501587,2025-04-26,Chat,Payments,App Bug,Neutral,Low,Resolved,19.8,3.2
TKT505073,2025-04-26,Email,Payments,Card Issue,Negative,High,Pending,53.5,2.6
TKT504498,2025-04-26,Chat,Account,Payment Failed,Negative,High,Pending,31.1,2.5
TKT505321,2025-04-26,Email,Payments,Refund Delay,Negative,Low,Pending,38.2,2.7
TKT504150,2025-04-26,Chat,Payments,Login Issue,Neutral,Low,Resolved,26.5,4.8
TKT502692,2025-04-26,Chat,Payments,Card Issue,Negative,Low,Pending,34.2,2.9
TKT511585,2025-04-26,Email,Payments,Account Access,Negative,Medium,Pending,51.6,3.2
TKT503263,2025-04-26,Email,Mobile App,Card Issue,Negative,High,Escalated,59.2,2.3
TKT510774,2025-04-26,Phone,Loans,Payment Failed,Negative,Critical,Pending,42.9,2.0
TKT508028,2025-04-26,Phone,Loans,Refund Delay,Negative,Medium,Pending,40.7,2.3
TKT507022,2025-04-26,Chat,Mobile App,Login Issue,Neutral,Medium,Resolved,27.3,3.8
TKT506407,2025-04-26,Email,Payments,Card Issue,Negative,High,Pending,44.5,2.4
TKT502549,2025-04-27,Chat,Payments,Refund Delay,Negative,High,Resolved,28.5,2.5
TKT505303,2025-04-27,Phone,Account,App Bug,Negative,Medium,Resolved,19.0,3.6
TKT500790,2025-04-27,Chat,Cards,Card Issue,Neutral,High,Resolved,23.5,4.1
TKT509777,2025-04-27,Chat,Payments,App Bug,Negative,Medium,Resolved,16.7,2.2
TKT508977,2025-04-27,Social,Account,Login Issue,Neutral,Low,Resolved,23.3,3.1
TKT508122,2025-04-27,Email,Account,Payment Failed,Neutral,High,Pending,44.8,3.9
TKT511812,2025-04-27,Phone,Payments,Card Issue,Positive,Medium,Resolved,21.0,3.4
TKT503860,2025-04-27,Email,Loans,Refund Delay,Negative,Low,Pending,46.1,3.4
TKT506808,2025-04-27,Chat,Mobile App,Loan Query,Neutral,High,Pending,30.0,3.4
TKT501608,2025-04-27,Email,Mobile App,Card Issue,Negative,Medium,Pending,49.9,1.8
TKT510902,2025-04-27,Chat,Payments,Refund Delay,Negative,High,Resolved,21.1,1.7
TKT509855,2025-04-27,Email,Payments,App Bug,Negative,High,Escalated,71.3,2.2
TKT503260,2025-04-27,Social,Payments,Refund Delay,Negative,High,Pending,33.9,2.7
TKT503584,2025-04-27,Email,Payments,Account Access,Negative,Critical,Pending,52.2,3.1
TKT502244,2025-04-27,Email,Payments,Payment Failed,Neutral,High,Pending,48.8,4.1
TKT504361,2025-04-27,Phone,Payments,Login Issue,Negative,Low,Resolved,24.3,1.9
TKT505661,2025-04-27,Chat,Mobile App,Card Issue,Negative,High,Pending,34.0,3.5
TKT511552,2025-04-27,Email,Loans,Login Issue,Positive,High,Pending,44.3,3.6
TKT505657,2025-04-27,Phone,Loans,Refund Delay,Neutral,Medium,Pending,52.5,4.0
TKT511647,2025-04-27,Social,Mobile App,Login Issue,Negative,High,Pending,32.0,3.1
TKT504827,2025-04-27,Chat,Account,Loan Query,Positive,High,Resolved,22.3,3.8
TKT503523,2025-04-27,Chat,Mobile App,Payment Failed,Neutral,Low,Resolved,15.2,5.0
TKT506289,2025-04-27,Chat,Loans,Loan Query,Negative,Medium,Resolved,15.7,2.3
TKT510106,2025-04-27,Phone,Account,Login Issue,Positive,Low,Resolved,22.9,3.9
TKT511694,2025-04-27,Email,Payments,Loan Query,Negative,Low,Pending,38.8,2.7
TKT502203,2025-04-27,Email,Payments,Account Access,Positive,Critical,Pending,47.6,4.3
TKT505632,2025-04-27,Phone,Account,Loan Query,Negative,High,Pending,38.7,2.6
TKT511699,2025-04-28,Email,Mobile App,Login Issue,Negative,Low,Pending,39.4,2.1
TKT505860,2025-04-28,Email,Mobile App,Payment Failed,Negative,High,Pending,44.5,3.2
TKT506538,2025-04-28,Social,Mobile App,Loan Query,Positive,High,Pending,45.6,3.3
TKT506612,2025-04-28,Chat,Account,App Bug,Negative,Medium,Resolved,29.1,2.3
TKT502161,2025-04-28,Social,Cards,App Bug,Negative,Medium,Resolved,25.0,2.1
TKT509922,2025-04-28,Chat,Payments,Payment Failed,Neutral,High,Pending,36.2,3.6
TKT508970,2025-04-28,Phone,Payments,Loan Query,Neutral,Medium,Resolved,20.8,3.9
TKT508623,2025-04-28,Chat,Account,Card Issue,Negative,Low,Resolved,19.5,2.7
TKT503903,2025-04-28,Email,Cards,Loan Query,Positive,Low,Pending,52.6,4.2
TKT501191,2025-04-28,Chat,Mobile App,App Bug,Negative,High,Resolved,27.8,2.2
TKT501046,2025-04-28,Email,Cards,Login Issue,Negative,High,Pending,51.7,2.3
TKT511772,2025-04-28,Social,Payments,App Bug,Neutral,Low,Pending,30.8,3.9
TKT502981,2025-04-28,Chat,Account,Loan Query,Positive,Medium,Pending,31.0,3.2
TKT502661,2025-04-28,Email,Account,Login Issue,Negative,High,Pending,44.0,2.3
TKT509605,2025-04-28,Social,Mobile App,App Bug,Negative,High,Pending,37.0,2.3
TKT504087,2025-04-28,Chat,Mobile App,App Bug,Positive,High,Pending,30.8,3.5
TKT507456,2025-04-28,Email,Mobile App,Login Issue,Negative,High,Pending,54.5,1.7
TKT511514,2025-04-28,Social,Account,Payment Failed,Neutral,Low,Resolved,28.1,4.1
TKT506744,2025-04-28,Phone,Payments,Payment Failed,Negative,Low,Resolved,21.6,2.7
TKT508673,2025-04-28,Chat,Loans,Refund Delay,Negative,High,Resolved,29.6,2.1
TKT501800,2025-04-28,Chat,Mobile App,Payment Failed,Neutral,Low,Pending,30.3,4.0
TKT506389,2025-04-28,Social,Payments,Login Issue,Positive,Low,Resolved,27.3,3.3
TKT501030,2025-04-28,Phone,Cards,Login Issue,Negative,High,Pending,31.5,2.8
TKT503926,2025-04-29,Email,Mobile App,Loan Query,Positive,High,Pending,43.9,3.5
TKT509294,2025-04-29,Email,Payments,Login Issue,Negative,High,Pending,41.5,2.9
TKT504546,2025-04-29,Email,Mobile App,Payment Failed,Negative,Medium,Pending,44.5,1.9
TKT505221,2025-04-29,Email,Account,App Bug,Neutral,Low,Pending,41.3,3.6
TKT509948,2025-04-29,Phone,Loans,Loan Query,Neutral,High,Pending,34.2,3.6
TKT500063,2025-04-29,Chat,Account,Login Issue,Positive,Medium,Resolved,23.7,4.2
TKT503391,2025-04-29,Phone,Mobile App,Payment Failed,Neutral,Low,Pending,38.7,4.0
TKT500402,2025-04-29,Email,Payments,Card Issue,Negative,Medium,Pending,40.0,2.6
TKT507448,2025-04-29,Email,Loans,Card Issue,Positive,Critical,Pending,52.7,4.6
TKT508187,2025-04-29,Chat,Account,Login Issue,Negative,High,Resolved,21.2,2.8
TKT508247,2025-04-29,Chat,Account,Login Issue,Positive,Low,Resolved,18.3,3.8
TKT503575,2025-04-29,Phone,Mobile App,Payment Failed,Negative,Medium,Resolved,23.6,3.0
TKT500555,2025-04-29,Social,Payments,Account Access,Positive,Low,Resolved,28.7,4.0
TKT506638,2025-04-29,Social,Mobile App,Login Issue,Neutral,Critical,Pending,35.4,3.8
TKT506490,2025-04-29,Email,Account,Payment Failed,Negative,Medium,Pending,33.4,2.6
TKT501289,2025-04-29,Phone,Mobile App,Account Access,Negative,High,Escalated,58.0,1.3
TKT501366,2025-04-29,Email,Payments,Loan Query,Positive,Medium,Pending,42.9,3.9
TKT501805,2025-04-29,Phone,Payments,Payment Failed,Positive,Medium,Pending,34.2,3.7
TKT511903,2025-04-29,Social,Mobile App,Payment Failed,Negative,High,Pending,37.0,2.4
TKT508765,2025-04-29,Email,Account,Loan Query,Negative,High,Pending,44.0,2.7
TKT504500,2025-04-29,Social,Loans,Refund Delay,Negative,Critical,Pending,54.1,2.4
TKT507982,2025-04-30,Email,Cards,App Bug,Positive,Low,Pending,31.9,3.5
TKT507253,2025-04-30,Social,Cards,Payment Failed,Neutral,High,Pending,47.1,3.7
TKT509952,2025-04-30,Chat,Payments,Payment Failed,Positive,High,Resolved,22.5,4.2
TKT501004,2025-04-30,Phone,Account,Login Issue,Negative,High,Pending,35.7,3.0
TKT503779,2025-04-30,Phone,Account,Card Issue,Negative,High,Pending,30.5,1.8
TKT503705,2025-04-30,Social,Loans,Login Issue,Negative,High,Pending,39.6,2.5
TKT507034,2025-04-30,Chat,Account,Account Access,Positive,Medium,Pending,34.8,3.5
TKT507548,2025-04-30,Social,Payments,Refund Delay,Positive,Medium,Resolved,28.7,3.9
TKT504166,2025-04-30,Chat,Account,Refund Delay,Neutral,Medium,Resolved,15.8,4.0
TKT504427,2025-04-30,Phone,Mobile App,Payment Failed,Negative,High,Pending,36.8,2.5
TKT510649,2025-04-30,Chat,Mobile App,Refund Delay,Neutral,Low,Pending,41.4,4.2
TKT508051,2025-04-30,Email,Loans,Card Issue,Positive,High,Pending,51.6,3.2
TKT510741,2025-04-30,Chat,Mobile App,Account Access,Negative,High,Pending,30.8,3.2
TKT502419,2025-04-30,Phone,Payments,Login Issue,Neutral,Medium,Resolved,23.4,3.8
TKT502764,2025-04-30,Social,Payments,Login Issue,Negative,Medium,Resolved,22.4,3.0
TKT508425,2025-04-30,Phone,Account,Refund Delay,Neutral,Medium,Resolved,23.0,4.1
TKT509941,2025-04-30,Social,Account,Card Issue,Positive,High,Pending,35.4,4.3
TKT506641,2025-04-30,Chat,Cards,Card Issue,Negative,High,Resolved,29.9,3.3
TKT505967,2025-04-30,Phone,Account,Payment Failed,Negative,Medium,Pending,37.8,2.6
TKT508348,2025-04-30,Chat,Account,Login Issue,Negative,High,Pending,31.2,2.3
TKT501344,2025-04-30,Chat,Mobile App,Login Issue,Negative,Low,Resolved,24.3,1.9
TKT501520,2025-04-30,Social,Mobile App,Login Issue,Neutral,Critical,Pending,35.4,4.3
TKT505655,2025-04-30,Email,Cards,App Bug,Negative,Medium,Pending,41.8,2.7
TKT507384,2025-04-30,Chat,Cards,Payment Failed,Neutral,Critical,Pending,36.0,3.8
TKT504277,2025-05-01,Chat,Cards,Loan Query,Negative,High,Resolved,20.7,1.8
TKT508859,2025-05-01,Email,Cards,Payment Failed,Negative,Critical,Pending,42.4,1.9
TKT506557,2025-05-01,Phone,Payments,Refund Delay,Negative,Low,Pending,34.4,2.2
TKT508330,2025-05-01,Chat,Mobile App,Card Issue,Positive,High,Pending,37.7,3.4
TKT509607,2025-05-01,Email,Payments,Card Issue,Neutral,Medium,Pending,45.5,4.5
TKT510119,2025-05-01,Social,Cards,Refund Delay,Neutral,High,Pending,32.1,3.3
TKT504862,2025-05-01,Phone,Loans,Login Issue,Negative,Low,Resolved,23.8,1.9
TKT507276,2025-05-01,Chat,Mobile App,Card Issue,Negative,Medium,Resolved,15.3,3.5
TKT510828,2025-05-01,Email,Payments,Login Issue,Positive,Low,Pending,50.4,3.2
TKT505146,2025-05-01,Chat,Mobile App,Card Issue,Negative,Low,Resolved,16.5,2.6
TKT502988,2025-05-01,Email,Payments,Account Access,Positive,Low,Pending,51.7,4.7
TKT502360,2025-05-01,Social,Payments,App Bug,Negative,High,Pending,30.3,1.8
TKT501329,2025-05-01,Email,Mobile App,Account Access,Neutral,Critical,Pending,45.5,4.3
TKT507914,2025-05-01,Email,Loans,Login Issue,Neutral,High,Pending,42.4,3.9
TKT510238,2025-05-01,Phone,Payments,Payment Failed,Negative,High,Pending,48.3,2.5
TKT505668,2025-05-01,Chat,Mobile App,Payment Failed,Negative,Low,Resolved,14.3,2.4
TKT501787,2025-05-01,Social,Payments,Refund Delay,Positive,Low,Resolved,28.0,3.0
TKT505380,2025-05-01,Email,Loans,Account Access,Neutral,Medium,Pending,36.7,3.6
TKT510024,2025-05-01,Chat,Payments,Refund Delay,Negative,High,Escalated,57.1,2.7
TKT504781,2025-05-01,Phone,Payments,Login Issue,Negative,Low,Resolved,26.6,2.3
TKT504431,2025-05-01,Email,Payments,Payment Failed,Negative,Low,Pending,41.6,2.3
TKT505961,2025-05-01,Social,Cards,Account Access,Negative,High,Pending,48.0,2.0
TKT500176,2025-05-01,Social,Mobile App,Account Access,Positive,High,Resolved,29.4,4.2
TKT511049,2025-05-01,Email,Mobile App,App Bug,Negative,High,Pending,54.4,2.3
TKT503398,2025-05-01,Chat,Account,Refund Delay,Negative,Medium,Resolved,22.5,2.5
TKT500139,2025-05-01,Social,Loans,Refund Delay,Neutral,High,Pending,45.7,4.4
TKT509098,2025-05-01,Phone,Cards,Payment Failed,Positive,High,Pending,42.8,4.3
TKT505430,2025-05-01,Phone,Mobile App,App Bug,Negative,High,Pending,30.8,3.4
TKT504756,2025-05-01,Phone,Payments,Account Access,Neutral,Medium,Pending,31.7,4.2
TKT505528,2025-05-01,Email,Account,Login Issue,Neutral,Low,Pending,44.9,3.5
TKT500508,2025-05-01,Social,Mobile App,Login Issue,Neutral,High,Resolved,28.2,2.7
TKT501980,2025-05-01,Phone,Loans,Loan Query,Neutral,Low,Pending,43.7,3.8
TKT505360,2025-05-01,Chat,Cards,Payment Failed,Negative,High,Resolved,25.1,3.9
TKT510317,2025-05-01,Social,Payments,Card Issue,Neutral,Medium,Pending,41.4,4.0
TKT511464,2025-05-02,Phone,Mobile App,Refund Delay,Negative,High,Pending,31.9,1.7
TKT504200,2025-05-02,Chat,Cards,Card Issue,Neutral,High,Resolved,23.4,3.5
TKT501363,2025-05-02,Email,Payments,Payment Failed,Positive,Medium,Pending,38.8,3.7
TKT502471,2025-05-02,Phone,Mobile App,Loan Query,Negative,High,Escalated,61.7,2.3
TKT500481,2025-05-02,Phone,Mobile App,Card Issue,Neutral,Low,Resolved,27.3,4.3
TKT501769,2025-05-02,Chat,Cards,Payment Failed,Negative,High,Pending,32.7,2.4
TKT506640,2025-05-02,Chat,Loans,Login Issue,Negative,High,Escalated,57.6,2.8
TKT503088,2025-05-02,Chat,Account,App Bug,Negative,Medium,Pending,32.9,2.8
TKT511349,2025-05-02,Social,Mobile App,Card Issue,Positive,High,Pending,48.0,3.7
TKT505209,2025-05-02,Chat,Payments,Refund Delay,Negative,Medium,Resolved,26.6,3.3
TKT502536,2025-05-02,Email,Account,Payment Failed,Negative,Medium,Pending,39.0,3.1
TKT508111,2025-05-02,Phone,Loans,Refund Delay,Negative,Low,Resolved,29.3,2.6
TKT503867,2025-05-02,Chat,Loans,Refund Delay,Neutral,High,Resolved,22.4,3.5
TKT510543,2025-05-02,Chat,Cards,Payment Failed,Negative,High,Resolved,24.5,3.3
TKT501835,2025-05-02,Email,Cards,Login Issue,Neutral,Medium,Pending,38.6,4.1
TKT501227,2025-05-02,Email,Account,Loan Query,Neutral,High,Pending,46.1,4.0
TKT504095,2025-05-02,Email,Account,Card Issue,Positive,High,Escalated,63.6,3.4
TKT508965,2025-05-02,Chat,Payments,Payment Failed,Neutral,High,Resolved,26.7,4.7
TKT503841,2025-05-02,Email,Payments,App Bug,Neutral,Medium,Pending,33.6,3.8
TKT507508,2025-05-02,Chat,Cards,Payment Failed,Neutral,High,Resolved,20.1,3.3
TKT509711,2025-05-02,Phone,Payments,Refund Delay,Negative,Medium,Resolved,24.2,2.8
TKT504891,2025-05-02,Phone,Cards,Refund Delay,Negative,High,Pending,54.2,2.7
TKT511111,2025-05-02,Phone,Loans,App Bug,Negative,High,Pending,33.6,2.7
TKT510133,2025-05-02,Chat,Payments,Loan Query,Positive,Low,Resolved,27.7,4.2
TKT502296,2025-05-02,Chat,Loans,Card Issue,Negative,Medium,Resolved,21.7,2.9
TKT507497,2025-05-03,Phone,Loans,Refund Delay,Neutral,High,Resolved,27.6,3.9
TKT502956,2025-05-03,Chat,Mobile App,Account Access,Neutral,Medium,Resolved,22.1,4.2
TKT511471,2025-05-03,Social,Cards,App Bug,Negative,High,Pending,34.0,3.2
TKT511937,2025-05-03,Chat,Loans,Login Issue,Positive,High,Resolved,22.3,4.0
TKT502982,2025-05-03,Phone,Account,Card Issue,Neutral,Medium,Pending,31.0,3.9
TKT509564,2025-05-03,Chat,Payments,Loan Query,Negative,Medium,Resolved,26.6,1.7
TKT510991,2025-05-03,Chat,Cards,Refund Delay,Negative,High,Resolved,26.2,2.4
TKT504175,2025-05-03,Phone,Payments,Refund Delay,Neutral,Low,Pending,31.0,3.6
TKT505198,2025-05-03,Phone,Cards,Account Access,Negative,High,Pending,33.2,2.5
TKT503118,2025-05-03,Chat,Account,Login Issue,Neutral,High,Pending,33.1,3.9
TKT506385,2025-05-03,Social,Cards,Card Issue,Positive,Medium,Resolved,24.3,4.0
TKT509055,2025-05-03,Email,Mobile App,Refund Delay,Negative,Low,Pending,36.4,3.0
TKT505122,2025-05-03,Phone,Payments,Refund Delay,Negative,High,Pending,37.0,2.6
TKT504144,2025-05-03,Email,Loans,Login Issue,Negative,Low,Pending,46.7,3.5
TKT507438,2025-05-03,Chat,Loans,Loan Query,Positive,Medium,Resolved,23.1,3.1
TKT501241,2025-05-03,Chat,Mobile App,Payment Failed,Neutral,Medium,Pending,40.3,3.8
TKT501873,2025-05-03,Email,Loans,Refund Delay,Neutral,Critical,Pending,43.2,3.3
TKT504820,2025-05-03,Social,Account,Loan Query,Positive,Medium,Pending,40.9,3.1
TKT501359,2025-05-03,Email,Mobile App,App Bug,Neutral,Critical,Pending,43.4,4.1
TKT511697,2025-05-03,Phone,Account,Loan Query,Neutral,Low,Resolved,25.6,4.6
TKT503094,2025-05-03,Phone,Account,Login Issue,Negative,High,Pending,32.0,3.1
TKT511358,2025-05-03,Email,Loans,Card Issue,Positive,Low,Pending,37.6,3.0
TKT506256,2025-05-03,Phone,Mobile App,Payment Failed,Negative,Low,Pending,39.1,2.7
TKT511790,2025-05-04,Email,Payments,Login Issue,Negative,Low,Pending,36.8,2.2
TKT500170,2025-05-04,Phone,Mobile App,Card Issue,Neutral,High,Resolved,27.9,3.5
TKT507131,2025-05-04,Social,Account,Card Issue,Neutral,Low,Pending,34.4,5.0
TKT505945,2025-05-04,Chat,Loans,Payment Failed,Negative,Critical,Resolved,29.0,1.8
TKT501438,2025-05-04,Email,Mobile App,Payment Failed,Negative,High,Pending,37.7,2.9
TKT508868,2025-05-04,Email,Payments,Refund Delay,Positive,Medium,Pending,43.6,4.5
TKT505337,2025-05-04,Phone,Account,Card Issue,Neutral,Low,Resolved,22.9,4.0
TKT503754,2025-05-04,Email,Loans,Card Issue,Neutral,Medium,Pending,32.1,3.5
TKT503235,2025-05-04,Chat,Cards,Account Access,Positive,Medium,Pending,42.3,3.3
TKT508612,2025-05-04,Chat,Loans,Refund Delay,Positive,Medium,Resolved,22.1,4.1
TKT504664,2025-05-04,Chat,Account,Login Issue,Positive,Critical,Pending,41.4,4.0
TKT501051,2025-05-04,Phone,Cards,App Bug,Positive,Medium,Pending,48.5,2.8
TKT505794,2025-05-04,Chat,Mobile App,Payment Failed,Neutral,Critical,Pending,34.9,3.2
TKT507892,2025-05-04,Social,Mobile App,Login Issue,Neutral,Medium,Resolved,23.3,3.9
TKT502931,2025-05-04,Social,Account,Card Issue,Neutral,Medium,Pending,32.3,4.0
TKT508955,2025-05-04,Chat,Loans,Payment Failed,Negative,High,Pending,46.1,2.7
TKT505605,2025-05-04,Chat,Mobile App,Account Access,Negative,High,Pending,37.7,2.6
TKT501590,2025-05-04,Email,Account,Account Access,Negative,High,Pending,48.7,1.7
TKT506209,2025-05-04,Email,Payments,Payment Failed,Neutral,Medium,Pending,35.2,3.4
TKT508596,2025-05-04,Email,Account,Refund Delay,Positive,Medium,Pending,36.7,5.0
TKT503378,2025-05-04,Social,Payments,Refund Delay,Negative,Low,Pending,36.8,2.3
TKT501290,2025-05-04,Phone,Loans,App Bug,Negative,Low,Pending,42.8,2.9
TKT505751,2025-05-05,Phone,Payments,App Bug,Negative,Medium,Resolved,25.8,2.4
TKT507756,2025-05-05,Chat,Mobile App,Payment Failed,Neutral,Medium,Resolved,17.1,3.7
TKT505766,2025-05-05,Social,Loans,Card Issue,Negative,Medium,Resolved,21.2,1.0
TKT500501,2025-05-05,Phone,Account,Payment Failed,Negative,High,Pending,34.5,2.3
TKT507215,2025-05-05,Email,Loans,Account Access,Neutral,Low,Pending,51.7,4.2
TKT503508,2025-05-05,Email,Cards,Payment Failed,Negative,High,Escalated,61.4,2.5
TKT504973,2025-05-05,Chat,Cards,App Bug,Negative,High,Pending,34.0,2.2
TKT510100,2025-05-05,Social,Cards,Login Issue,Negative,High,Pending,33.6,2.8
TKT507296,2025-05-05,Social,Mobile App,Refund Delay,Positive,Low,Pending,37.8,3.9
TKT502224,2025-05-05,Chat,Payments,App Bug,Positive,Low,Resolved,24.5,3.4
TKT501754,2025-05-05,Chat,Cards,Payment Failed,Negative,High,Pending,35.7,2.5
TKT505271,2025-05-05,Chat,Payments,Payment Failed,Negative,Low,Resolved,14.7,2.3
TKT509911,2025-05-05,Chat,Mobile App,Card Issue,Positive,High,Resolved,20.4,3.4
TKT508257,2025-05-05,Email,Mobile App,Account Access,Positive,Low,Pending,35.2,4.0
TKT508493,2025-05-05,Chat,Cards,App Bug,Negative,Low,Resolved,29.4,1.7
TKT502546,2025-05-05,Chat,Payments,Loan Query,Neutral,High,Resolved,26.7,3.3
TKT502842,2025-05-05,Chat,Cards,Card Issue,Neutral,Medium,Pending,43.4,4.4
TKT503753,2025-05-05,Email,Cards,Payment Failed,Positive,Low,Pending,40.6,3.7
TKT510875,2025-05-05,Chat,Cards,Payment Failed,Neutral,Critical,Pending,39.9,4.4
TKT504375,2025-05-05,Social,Mobile App,Refund Delay,Neutral,Medium,Resolved,26.7,3.0
TKT507477,2025-05-05,Social,Account,Payment Failed,Neutral,Medium,Resolved,24.9,5.0
TKT504300,2025-05-05,Social,Cards,Account Access,Negative,Low,Pending,31.4,2.9
TKT509743,2025-05-05,Phone,Loans,Login Issue,Positive,Low,Resolved,26.7,3.2
TKT507939,2025-05-05,Phone,Mobile App,Loan Query,Negative,Low,Resolved,25.0,3.6
TKT504807,2025-05-05,Email,Mobile App,App Bug,Negative,Medium,Pending,38.1,2.5
TKT507028,2025-05-05,Phone,Account,Login Issue,Positive,Low,Pending,31.4,3.7
TKT507867,2025-05-05,Chat,Account,Refund Delay,Negative,Low,Resolved,14.6,2.4
TKT511047,2025-05-05,Social,Account,Login Issue,Positive,High,Pending,30.6,4.3
TKT503035,2025-05-05,Phone,Payments,Payment Failed,Neutral,High,Pending,40.9,3.6
TKT507694,2025-05-06,Email,Account,Refund Delay,Positive,Medium,Pending,43.7,4.0
TKT508687,2025-05-06,Social,Account,Account Access,Negative,High,Pending,31.6,2.6
TKT511673,2025-05-06,Chat,Cards,Refund Delay,Positive,Low,Resolved,21.4,4.7
TKT511997,2025-05-06,Chat,Account,Login Issue,Positive,High,Pending,33.3,3.1
TKT504273,2025-05-06,Chat,Mobile App,Loan Query,Positive,Medium,Resolved,21.1,3.8
TKT502470,2025-05-06,Email,Mobile App,Account Access,Negative,Low,Pending,37.9,1.1
TKT502392,2025-05-06,Email,Mobile App,Login Issue,Neutral,High,Escalated,84.9,3.8
TKT504292,2025-05-06,Phone,Cards,Payment Failed,Negative,Medium,Resolved,21.6,3.6
TKT503426,2025-05-06,Chat,Payments,Refund Delay,Positive,Medium,Resolved,20.8,4.0
TKT511474,2025-05-06,Chat,Account,Refund Delay,Negative,Critical,Pending,32.6,1.5
TKT502680,2025-05-06,Email,Mobile App,Login Issue,Negative,High,Pending,39.8,3.0
TKT510627,2025-05-06,Social,Account,Payment Failed,Negative,Medium,Pending,36.1,3.3
TKT508829,2025-05-06,Chat,Loans,App Bug,Positive,Low,Resolved,19.9,4.1
TKT500077,2025-05-06,Phone,Payments,Account Access,Neutral,Medium,Pending,33.8,3.5
TKT511071,2025-05-06,Email,Mobile App,Account Access,Positive,Low,Escalated,57.3,4.2
TKT510712,2025-05-06,Chat,Cards,Payment Failed,Neutral,High,Resolved,28.9,3.7
TKT509102,2025-05-06,Chat,Loans,Account Access,Negative,High,Resolved,21.6,2.5
TKT508180,2025-05-06,Phone,Payments,Login Issue,Neutral,Medium,Resolved,24.7,4.0
TKT500126,2025-05-06,Chat,Account,Account Access,Negative,High,Pending,30.3,3.0
TKT510707,2025-05-06,Phone,Account,App Bug,Positive,Medium,Pending,30.1,4.6
TKT510872,2025-05-06,Email,Payments,Payment Failed,Negative,Critical,Pending,45.5,3.0
TKT505828,2025-05-06,Phone,Mobile App,Account Access,Negative,High,Pending,45.6,2.3
TKT507292,2025-05-06,Chat,Cards,Card Issue,Positive,Medium,Pending,30.7,2.7
TKT505000,2025-05-07,Chat,Mobile App,Login Issue,Negative,Medium,Resolved,19.5,2.0
TKT507376,2025-05-07,Chat,Account,Payment Failed,Neutral,High,Pending,35.7,3.5
TKT510636,2025-05-07,Chat,Mobile App,Card Issue,Neutral,Low,Pending,30.8,3.4
TKT501558,2025-05-07,Chat,Payments,App Bug,Positive,High,Resolved,21.9,3.9
TKT500680,2025-05-07,Chat,Mobile App,Refund Delay,Positive,Low,Resolved,18.5,3.7
TKT505711,2025-05-07,Phone,Cards,Account Access,Positive,Medium,Resolved,26.9,3.9
TKT511205,2025-05-07,Chat,Loans,Refund Delay,Negative,High,Pending,30.5,3.1
TKT511264,2025-05-07,Phone,Mobile App,Login Issue,Positive,Low,Resolved,26.0,2.7
TKT500613,2025-05-07,Chat,Payments,Login Issue,Negative,Low,Resolved,29.5,2.5
TKT511401,2025-05-07,Phone,Mobile App,Payment Failed,Negative,Medium,Resolved,24.7,2.9
TKT500274,2025-05-07,Social,Loans,Login Issue,Positive,Medium,Resolved,29.7,5.0
TKT509514,2025-05-07,Social,Loans,Card Issue,Negative,Medium,Resolved,25.0,2.4
TKT507148,2025-05-07,Chat,Account,App Bug,Negative,Low,Resolved,20.5,2.9
TKT508852,2025-05-07,Chat,Cards,Payment Failed,Neutral,Low,Pending,43.6,4.1
TKT505983,2025-05-08,Social,Account,Loan Query,Negative,Low,Pending,34.3,3.4
TKT505202,2025-05-08,Email,Payments,Refund Delay,Neutral,Medium,Pending,35.1,3.5
TKT502973,2025-05-08,Email,Payments,Login Issue,Positive,Medium,Pending,33.8,4.0
TKT506372,2025-05-08,Email,Mobile App,Login Issue,Negative,High,Pending,45.5,1.7
TKT500381,2025-05-08,Phone,Payments,Account Access,Positive,Medium,Resolved,29.2,5.0
TKT502921,2025-05-08,Email,Mobile App,Refund Delay,Positive,Medium,Pending,35.4,3.2
TKT510269,2025-05-08,Chat,Cards,Card Issue,Neutral,Medium,Pending,32.5,3.7
TKT504798,2025-05-08,Chat,Mobile App,App Bug,Negative,Low,Pending,35.1,3.0
TKT502719,2025-05-08,Chat,Loans,Refund Delay,Neutral,Medium,Resolved,25.0,3.7
TKT501952,2025-05-08,Email,Mobile App,Login Issue,Positive,Medium,Pending,36.1,4.3
TKT503558,2025-05-08,Chat,Payments,App Bug,Neutral,Medium,Pending,36.7,3.9
TKT504403,2025-05-08,Social,Loans,Login Issue,Neutral,Medium,Pending,34.5,3.9
TKT510830,2025-05-08,Chat,Payments,Card Issue,Positive,Medium,Resolved,12.9,4.7
TKT504077,2025-05-08,Phone,Cards,Loan Query,Negative,High,Pending,31.6,2.8
TKT505866,2025-05-09,Email,Loans,Payment Failed,Negative,High,Pending,41.3,2.1
TKT504571,2025-05-09,Phone,Cards,Login Issue,Positive,Medium,Pending,47.0,3.6
TKT507285,2025-05-09,Social,Account,Card Issue,Positive,High,Pending,32.6,4.5
TKT502839,2025-05-09,Social,Payments,Refund Delay,Positive,Medium,Resolved,24.9,3.2
TKT506182,2025-05-09,Social,Loans,Login Issue,Negative,Medium,Pending,34.9,2.5
TKT510959,2025-05-09,Email,Payments,Login Issue,Positive,Medium,Pending,36.4,3.4
TKT506308,2025-05-09,Phone,Mobile App,Payment Failed,Negative,Low,Pending,36.2,2.1
TKT506536,2025-05-09,Phone,Cards,Card Issue,Negative,Medium,Pending,34.0,3.1
TKT511322,2025-05-09,Phone,Payments,Refund Delay,Negative,High,Pending,48.0,2.7
TKT506104,2025-05-09,Social,Mobile App,Refund Delay,Negative,Critical,Pending,43.4,1.3
TKT508020,2025-05-09,Social,Mobile App,Loan Query,Negative,High,Pending,52.8,3.4
TKT500611,2025-05-09,Social,Payments,Account Access,Neutral,High,Pending,33.2,4.0
TKT509677,2025-05-09,Phone,Account,Refund Delay,Negative,Low,Resolved,22.8,2.2
TKT508571,2025-05-09,Phone,Account,Loan Query,Neutral,High,Resolved,29.9,3.8
TKT500235,2025-05-09,Phone,Loans,Login Issue,Negative,High,Pending,50.8,2.1
TKT505318,2025-05-09,Email,Mobile App,Payment Failed,Neutral,Critical,Escalated,55.4,3.2
TKT506958,2025-05-09,Chat,Payments,App Bug,Negative,High,Pending,35.7,3.0
TKT505772,2025-05-09,Chat,Mobile App,Login Issue,Neutral,Critical,Pending,39.9,3.4
TKT502188,2025-05-09,Chat,Mobile App,Login Issue,Negative,High,Resolved,29.4,2.4
TKT508064,2025-05-09,Chat,Account,Payment Failed,Neutral,High,Pending,30.8,3.3
TKT505397,2025-05-09,Chat,Cards,Payment Failed,Negative,Medium,Resolved,15.5,2.9
TKT504654,2025-05-09,Phone,Loans,Card Issue,Neutral,Low,Resolved,24.1,4.4
TKT511889,2025-05-10,Chat,Mobile App,Loan Query,Neutral,Low,Resolved,29.7,3.8
TKT510730,2025-05-10,Social,Loans,Login Issue,Neutral,High,Pending,45.9,3.6
TKT507986,2025-05-10,Chat,Payments,Payment Failed,Negative,High,Pending,38.9,3.0
TKT507284,2025-05-10,Phone,Cards,Refund Delay,Negative,High,Pending,31.8,2.0
TKT505698,2025-05-10,Social,Cards,Card Issue,Negative,High,Pending,35.2,2.0
TKT502643,2025-05-10,Chat,Mobile App,Refund Delay,Negative,High,Resolved,23.5,2.8
TKT510873,2025-05-10,Email,Account,Account Access,Neutral,Medium,Pending,39.0,4.3
TKT507281,2025-05-10,Phone,Loans,Account Access,Neutral,Medium,Resolved,25.7,3.7
TKT509863,2025-05-10,Chat,Account,Account Access,Positive,Critical,Pending,31.2,4.5
TKT511081,2025-05-10,Phone,Account,Card Issue,Negative,Medium,Resolved,20.7,1.7
TKT503215,2025-05-10,Chat,Account,Refund Delay,Neutral,Low,Resolved,17.4,3.6
TKT502631,2025-05-10,Chat,Account,Refund Delay,Positive,Medium,Resolved,16.9,3.7
TKT504114,2025-05-10,Email,Cards,Card Issue,Negative,High,Escalated,58.9,1.3
TKT511664,2025-05-10,Social,Payments,Payment Failed,Neutral,Medium,Pending,45.8,3.8
TKT509858,2025-05-10,Chat,Account,Card Issue,Negative,Medium,Resolved,17.6,3.2
TKT509392,2025-05-10,Phone,Cards,Loan Query,Positive,Critical,Pending,54.8,4.6
TKT505844,2025-05-10,Phone,Payments,Payment Failed,Neutral,Medium,Pending,33.4,4.1
TKT508440,2025-05-10,Chat,Payments,Payment Failed,Positive,Medium,Resolved,16.0,4.6
TKT510272,2025-05-10,Chat,Mobile App,App Bug,Positive,High,Resolved,21.7,3.9
TKT508715,2025-05-10,Chat,Mobile App,Card Issue,Negative,High,Resolved,28.8,1.8
TKT505479,2025-05-10,Phone,Account,Login Issue,Positive,Medium,Resolved,29.6,3.0
TKT509672,2025-05-10,Phone,Payments,App Bug,Positive,High,Resolved,28.1,4.0
TKT507595,2025-05-10,Chat,Payments,Account Access,Negative,Medium,Pending,31.6,3.5
TKT503109,2025-05-10,Phone,Cards,Login Issue,Negative,High,Pending,39.9,2.4
TKT503113,2025-05-10,Phone,Mobile App,Loan Query,Negative,High,Pending,37.2,2.1
TKT501923,2025-05-10,Chat,Payments,Login Issue,Negative,Low,Resolved,26.7,2.2
TKT505052,2025-05-10,Email,Account,Account Access,Positive,Medium,Pending,33.3,3.5
TKT502070,2025-05-10,Chat,Loans,Card Issue,Neutral,Medium,Resolved,15.0,2.8
TKT511616,2025-05-10,Chat,Mobile App,Account Access,Negative,Low,Pending,31.3,2.9
TKT510170,2025-05-11,Chat,Loans,Card Issue,Neutral,Medium,Resolved,21.4,4.0
TKT508661,2025-05-11,Email,Mobile App,Card Issue,Negative,High,Escalated,88.7,1.8
TKT502965,2025-05-11,Social,Account,Payment Failed,Negative,High,Pending,38.6,2.9
TKT500814,2025-05-11,Chat,Payments,Login Issue,Positive,Medium,Resolved,26.8,4.1
TKT509987,2025-05-11,Phone,Cards,Login Issue,Positive,Medium,Resolved,18.5,4.3
TKT510506,2025-05-11,Chat,Loans,App Bug,Neutral,Medium,Resolved,14.6,3.9
TKT506306,2025-05-11,Chat,Payments,Payment Failed,Neutral,Medium,Resolved,18.8,4.4
TKT503938,2025-05-11,Email,Account,App Bug,Negative,High,Pending,49.8,2.7
TKT509939,2025-05-11,Email,Cards,Card Issue,Neutral,High,Pending,51.5,4.0
TKT509945,2025-05-11,Chat,Payments,Card Issue,Negative,High,Pending,30.2,2.9
TKT505191,2025-05-11,Social,Loans,Login Issue,Neutral,Medium,Resolved,29.1,4.0
TKT500241,2025-05-11,Chat,Account,Account Access,Neutral,Medium,Pending,30.0,4.3
TKT511650,2025-05-11,Phone,Cards,Refund Delay,Neutral,High,Pending,37.5,4.0
TKT506631,2025-05-11,Phone,Loans,Account Access,Negative,High,Pending,36.0,1.8
TKT508093,2025-05-11,Email,Loans,Loan Query,Neutral,Low,Pending,37.8,4.0
TKT511622,2025-05-11,Social,Account,Loan Query,Neutral,Low,Resolved,22.6,3.2
TKT504683,2025-05-11,Email,Mobile App,Payment Failed,Negative,High,Pending,42.8,3.1
TKT507475,2025-05-11,Phone,Payments,App Bug,Positive,Medium,Pending,34.0,5.0
TKT509019,2025-05-11,Chat,Mobile App,Refund Delay,Negative,High,Resolved,26.8,2.3
TKT501843,2025-05-11,Chat,Account,Login Issue,Negative,High,Pending,45.3,2.9
TKT504884,2025-05-11,Social,Mobile App,Payment Failed,Positive,Critical,Pending,45.0,3.7
TKT504069,2025-05-11,Chat,Cards,Login Issue,Neutral,Medium,Resolved,12.7,4.2
TKT500500,2025-05-11,Chat,Payments,Card Issue,Positive,Medium,Resolved,22.0,3.3
TKT509783,2025-05-11,Chat,Cards,Refund Delay,Neutral,Medium,Resolved,19.9,3.1
TKT506108,2025-05-11,Social,Loans,Account Access,Neutral,High,Pending,36.2,4.1
TKT509107,2025-05-11,Phone,Account,App Bug,Negative,High,Pending,31.5,2.8
TKT511122,2025-05-11,Chat,Account,Loan Query,Positive,Low,Resolved,25.9,3.1
TKT506935,2025-05-12,Phone,Mobile App,Payment Failed,Neutral,Low,Pending,32.1,4.5
TKT509068,2025-05-12,Chat,Mobile App,Payment Failed,Negative,High,Resolved,22.8,2.4
TKT510361,2025-05-12,Email,Cards,Login Issue,Neutral,Medium,Pending,40.9,3.6
TKT501695,2025-05-12,Chat,Loans,Loan Query,Positive,Critical,Resolved,28.6,2.8
TKT506473,2025-05-12,Email,Mobile App,Refund Delay,Negative,High,Pending,46.6,3.3
TKT506469,2025-05-12,Phone,Mobile App,Refund Delay,Negative,High,Resolved,25.8,2.7
TKT500052,2025-05-12,Email,Loans,Payment Failed,Neutral,Low,Pending,39.5,3.8
TKT510257,2025-05-12,Phone,Payments,App Bug,Negative,High,Resolved,27.5,3.3
TKT500786,2025-05-12,Chat,Payments,App Bug,Neutral,High,Pending,30.3,3.4
TKT501049,2025-05-12,Chat,Account,Loan Query,Positive,Medium,Resolved,21.1,2.3
TKT506586,2025-05-12,Phone,Cards,Refund Delay,Positive,Critical,Pending,47.3,4.5
TKT506828,2025-05-12,Chat,Payments,Refund Delay,Positive,High,Resolved,26.5,3.5
TKT510569,2025-05-12,Phone,Payments,Refund Delay,Neutral,Low,Resolved,29.3,3.8
TKT508332,2025-05-12,Chat,Account,Payment Failed,Neutral,High,Resolved,29.2,4.5
TKT510835,2025-05-12,Chat,Account,App Bug,Negative,High,Resolved,25.3,2.3
TKT502472,2025-05-12,Phone,Mobile App,App Bug,Neutral,Medium,Pending,32.2,4.0
TKT503986,2025-05-12,Social,Account,Refund Delay,Negative,High,Pending,39.1,2.0
TKT502510,2025-05-12,Social,Account,Login Issue,Negative,Critical,Pending,40.1,2.8
TKT507510,2025-05-12,Email,Cards,Card Issue,Neutral,High,Pending,52.1,3.4
TKT501203,2025-05-12,Email,Payments,Refund Delay,Positive,Medium,Pending,54.6,3.8
TKT501187,2025-05-12,Email,Payments,Card Issue,Positive,High,Pending,53.6,3.4
TKT509849,2025-05-13,Email,Cards,Payment Failed,Neutral,Low,Pending,51.9,3.9
TKT508027,2025-05-13,Chat,Cards,Refund Delay,Negative,High,Pending,37.0,2.7
TKT500760,2025-05-13,Social,Cards,Loan Query,Negative,Low,Resolved,22.4,2.8
TKT508241,2025-05-13,Phone,Payments,Payment Failed,Positive,Medium,Resolved,28.4,4.2
TKT505498,2025-05-13,Social,Cards,Card Issue,Neutral,Low,Pending,42.4,3.6
TKT502274,2025-05-13,Chat,Mobile App,App Bug,Negative,Low,Resolved,15.9,1.5
TKT504444,2025-05-13,Social,Account,Payment Failed,Neutral,Critical,Pending,48.5,4.4
TKT502354,2025-05-13,Phone,Cards,Card Issue,Neutral,Low,Resolved,21.9,4.4
TKT504167,2025-05-13,Chat,Cards,Loan Query,Negative,High,Pending,36.3,1.9
TKT511490,2025-05-13,Chat,Payments,Loan Query,Positive,Low,Resolved,15.0,4.1
TKT508527,2025-05-13,Phone,Loans,Login Issue,Neutral,Medium,Resolved,27.0,3.9
TKT500130,2025-05-13,Social,Mobile App,Payment Failed,Neutral,Medium,Resolved,26.6,3.3
TKT502995,2025-05-13,Email,Account,Account Access,Positive,High,Pending,42.1,3.8
TKT500868,2025-05-13,Phone,Payments,App Bug,Negative,High,Pending,44.9,2.5
TKT503573,2025-05-13,Chat,Loans,Loan Query,Positive,Medium,Resolved,18.6,3.5
TKT507883,2025-05-13,Phone,Loans,App Bug,Positive,High,Pending,35.1,3.5
TKT507906,2025-05-13,Phone,Loans,Login Issue,Negative,Medium,Resolved,26.8,2.2
TKT503115,2025-05-13,Chat,Mobile App,Payment Failed,Positive,Critical,Pending,30.8,4.4
TKT503121,2025-05-13,Chat,Loans,Card Issue,Negative,High,Resolved,20.8,1.6
TKT505247,2025-05-13,Social,Mobile App,Loan Query,Neutral,Low,Resolved,23.9,3.8
TKT510809,2025-05-13,Chat,Mobile App,Card Issue,Positive,Low,Resolved,22.2,4.4
TKT500015,2025-05-13,Social,Loans,App Bug,Neutral,High,Pending,36.0,3.5
TKT500487,2025-05-14,Email,Loans,Login Issue,Neutral,High,Escalated,73.4,2.8
TKT506932,2025-05-14,Social,Mobile App,Account Access,Positive,Medium,Pending,30.5,4.6
TKT506428,2025-05-14,Chat,Payments,Login Issue,Negative,Critical,Resolved,28.6,1.8
TKT503924,2025-05-14,Chat,Mobile App,Payment Failed,Negative,Medium,Resolved,16.3,2.3
TKT504582,2025-05-14,Phone,Cards,Loan Query,Positive,Low,Resolved,22.8,3.4
TKT506220,2025-05-14,Chat,Loans,Payment Failed,Neutral,Critical,Pending,36.5,3.3
TKT503774,2025-05-14,Phone,Account,Card Issue,Negative,High,Resolved,29.2,3.0
TKT502581,2025-05-14,Email,Mobile App,Login Issue,Neutral,Medium,Pending,44.4,4.0
TKT508918,2025-05-14,Social,Cards,Card Issue,Negative,Low,Resolved,24.5,2.9
TKT510846,2025-05-14,Phone,Payments,Login Issue,Negative,High,Pending,39.3,2.9
TKT509760,2025-05-14,Chat,Cards,App Bug,Positive,Medium,Resolved,20.7,3.4
TKT500064,2025-05-14,Email,Loans,Payment Failed,Neutral,Low,Pending,39.3,2.9
TKT511041,2025-05-14,Chat,Account,Refund Delay,Negative,Medium,Resolved,24.2,1.8
TKT509250,2025-05-14,Chat,Mobile App,Card Issue,Neutral,High,Resolved,25.2,4.3
TKT507804,2025-05-14,Chat,Payments,Account Access,Negative,High,Resolved,24.8,2.3
TKT501154,2025-05-14,Phone,Cards,Card Issue,Neutral,Low,Resolved,23.6,4.4
TKT504380,2025-05-14,Social,Mobile App,Account Access,Positive,High,Pending,34.9,3.8
TKT501656,2025-05-14,Chat,Cards,Payment Failed,Negative,Critical,Resolved,24.5,1.5
TKT510958,2025-05-15,Chat,Cards,Card Issue,Negative,Medium,Pending,40.0,1.9
TKT506541,2025-05-15,Email,Account,Payment Failed,Positive,Critical,Pending,47.3,3.1
TKT501773,2025-05-15,Phone,Mobile App,Account Access,Negative,High,Resolved,26.0,2.5
TKT506459,2025-05-15,Chat,Cards,App Bug,Negative,High,Escalated,58.5,1.9
TKT507738,2025-05-15,Social,Mobile App,App Bug,Positive,Critical,Pending,44.9,3.0
TKT506179,2025-05-15,Phone,Payments,Payment Failed,Negative,High,Pending,45.0,2.4
TKT508637,2025-05-15,Phone,Mobile App,Refund Delay,Negative,Low,Resolved,22.5,2.1
TKT508463,2025-05-15,Social,Mobile App,App Bug,Negative,Medium,Resolved,28.7,2.5
TKT510374,2025-05-15,Email,Cards,Payment Failed,Negative,High,Pending,43.3,1.7
TKT502657,2025-05-15,Chat,Mobile App,Payment Failed,Positive,Critical,Pending,30.0,3.6
TKT507141,2025-05-15,Email,Mobile App,Login Issue,Negative,Low,Pending,35.0,2.9
TKT505220,2025-05-15,Chat,Account,Payment Failed,Neutral,Low,Resolved,19.1,4.0
TKT511467,2025-05-15,Email,Cards,Account Access,Negative,High,Pending,47.8,3.2
TKT506955,2025-05-15,Phone,Cards,Loan Query,Negative,Low,Resolved,21.5,3.0
TKT511435,2025-05-15,Chat,Payments,Refund Delay,Negative,Medium,Resolved,18.8,3.1
TKT501356,2025-05-15,Chat,Payments,Loan Query,Positive,Medium,Pending,39.8,4.7
TKT510923,2025-05-15,Phone,Mobile App,Card Issue,Neutral,High,Pending,43.7,4.2
TKT503872,2025-05-16,Email,Payments,Refund Delay,Negative,High,Pending,48.4,2.3
TKT505283,2025-05-16,Phone,Mobile App,App Bug,Neutral,High,Pending,32.6,3.8
TKT502304,2025-05-16,Chat,Payments,Card Issue,Neutral,High,Resolved,24.5,3.2
TKT501792,2025-05-16,Phone,Loans,Account Access,Positive,Medium,Resolved,22.5,4.4
TKT501348,2025-05-16,Phone,Payments,Payment Failed,Negative,Critical,Pending,32.5,1.7
TKT507556,2025-05-16,Email,Cards,Refund Delay,Negative,Medium,Pending,49.1,1.7
TKT509682,2025-05-16,Social,Payments,Payment Failed,Positive,Low,Resolved,29.1,3.1
TKT506242,2025-05-16,Chat,Account,Card Issue,Positive,Low,Resolved,24.5,4.3
TKT511735,2025-05-16,Email,Cards,Login Issue,Neutral,High,Pending,38.2,4.1
TKT509417,2025-05-16,Social,Loans,Refund Delay,Negative,High,Resolved,28.6,2.9
TKT502951,2025-05-16,Email,Loans,Refund Delay,Positive,High,Pending,51.5,3.6
TKT504411,2025-05-16,Email,Payments,Payment Failed,Negative,Medium,Escalated,68.0,1.7
TKT503149,2025-05-16,Social,Payments,Payment Failed,Positive,Medium,Pending,44.6,3.1
TKT503635,2025-05-16,Chat,Mobile App,Payment Failed,Negative,Critical,Pending,41.4,1.9
TKT507501,2025-05-17,Email,Mobile App,App Bug,Neutral,Low,Pending,37.2,4.4
TKT507077,2025-05-17,Social,Account,Payment Failed,Neutral,High,Pending,32.9,3.8
TKT511039,2025-05-17,Phone,Loans,Card Issue,Positive,Low,Resolved,19.6,4.0
TKT511702,2025-05-17,Phone,Payments,Payment Failed,Neutral,High,Resolved,28.1,3.7
TKT505047,2025-05-17,Phone,Cards,Payment Failed,Negative,High,Pending,42.6,2.1
TKT503031,2025-05-17,Social,Mobile App,Card Issue,Neutral,Medium,Resolved,25.5,4.7
TKT510330,2025-05-17,Social,Account,Card Issue,Positive,Low,Pending,30.3,3.6
TKT500277,2025-05-17,Phone,Payments,Account Access,Positive,High,Pending,31.8,3.4
TKT505208,2025-05-17,Social,Loans,Loan Query,Positive,High,Pending,33.9,4.0
TKT503062,2025-05-17,Chat,Payments,Payment Failed,Negative,Medium,Resolved,14.1,2.1
TKT504405,2025-05-17,Email,Mobile App,Refund Delay,Neutral,Low,Pending,41.2,3.6
TKT507214,2025-05-17,Social,Cards,Loan Query,Neutral,Medium,Pending,30.7,3.2
TKT503720,2025-05-17,Chat,Loans,Payment Failed,Negative,High,Pending,37.1,2.4
TKT510265,2025-05-17,Chat,Account,Card Issue,Negative,Low,Resolved,22.3,2.6
TKT503438,2025-05-17,Chat,Payments,Loan Query,Positive,Critical,Resolved,26.9,3.4
TKT507254,2025-05-17,Email,Account,Login Issue,Negative,Low,Pending,34.5,2.8
TKT508954,2025-05-17,Chat,Payments,Loan Query,Neutral,Medium,Resolved,17.1,3.9
TKT505691,2025-05-17,Phone,Payments,Card Issue,Negative,High,Resolved,28.1,1.6
TKT504101,2025-05-17,Phone,Payments,App Bug,Neutral,Medium,Resolved,29.6,4.6
TKT509411,2025-05-18,Chat,Mobile App,App Bug,Positive,Low,Pending,34.8,3.2
TKT511105,2025-05-18,Chat,Payments,Login Issue,Negative,Medium,Resolved,22.6,2.4
TKT502652,2025-05-18,Social,Payments,Refund Delay,Positive,High,Pending,48.0,4.1
TKT503492,2025-05-18,Chat,Account,Payment Failed,Negative,High,Resolved,28.2,1.8
TKT507057,2025-05-18,Email,Mobile App,Login Issue,Positive,High,Pending,49.0,3.8
TKT507845,2025-05-18,Chat,Mobile App,App Bug,Positive,High,Pending,31.0,3.8
TKT504264,2025-05-18,Chat,Mobile App,Login Issue,Neutral,Medium,Resolved,21.6,4.5
TKT507861,2025-05-18,Email,Loans,Payment Failed,Negative,Medium,Pending,37.7,2.6
TKT505298,2025-05-18,Chat,Cards,Loan Query,Negative,High,Pending,34.6,2.0
TKT508213,2025-05-18,Email,Payments,Payment Failed,Negative,Medium,Pending,37.8,2.4
TKT510711,2025-05-18,Chat,Mobile App,Card Issue,Neutral,Medium,Resolved,14.2,3.1
TKT505935,2025-05-18,Email,Mobile App,Refund Delay,Neutral,High,Pending,39.3,4.9
TKT510733,2025-05-18,Phone,Payments,Login Issue,Negative,High,Pending,51.2,2.2
TKT502134,2025-05-18,Email,Loans,Card Issue,Neutral,Medium,Pending,45.9,3.3
TKT506103,2025-05-18,Email,Cards,Payment Failed,Negative,Low,Pending,39.5,1.9
TKT506090,2025-05-18,Email,Payments,Login Issue,Negative,Medium,Pending,33.6,2.3
TKT506450,2025-05-18,Phone,Cards,Login Issue,Negative,High,Pending,49.7,2.8
TKT507414,2025-05-18,Phone,Account,Login Issue,Neutral,Medium,Resolved,24.8,3.7
TKT509993,2025-05-18,Social,Cards,Account Access,Neutral,High,Pending,50.3,3.7
TKT509189,2025-05-18,Phone,Cards,Login Issue,Negative,Medium,Resolved,25.2,2.4
TKT509740,2025-05-18,Email,Payments,Card Issue,Positive,Low,Pending,39.5,3.2
TKT502674,2025-05-19,Email,Account,Card Issue,Positive,Low,Pending,33.5,3.6
TKT507794,2025-05-19,Email,Payments,Account Access,Positive,High,Escalated,71.7,3.4
TKT501133,2025-05-19,Email,Payments,Card Issue,Positive,Medium,Pending,44.5,4.3
TKT504294,2025-05-19,Phone,Loans,Payment Failed,Neutral,Low,Resolved,19.0,3.9
TKT503927,2025-05-19,Chat,Account,Card Issue,Positive,Low,Resolved,20.0,3.2
TKT508782,2025-05-19,Email,Loans,Loan Query,Neutral,Low,Pending,35.0,3.8
TKT502957,2025-05-19,Social,Payments,Loan Query,Neutral,Medium,Pending,36.0,3.9
TKT508813,2025-05-19,Email,Payments,Login Issue,Positive,High,Pending,48.0,4.6
TKT510920,2025-05-19,Social,Loans,Account Access,Neutral,Low,Resolved,27.6,3.9
TKT509008,2025-05-19,Social,Mobile App,Card Issue,Positive,Medium,Resolved,29.7,3.7
TKT504334,2025-05-19,Phone,Account,App Bug,Neutral,High,Pending,34.1,4.0
TKT511586,2025-05-19,Chat,Payments,Login Issue,Neutral,Low,Pending,39.8,3.5
TKT509191,2025-05-19,Chat,Mobile App,Payment Failed,Negative,High,Resolved,27.1,2.3
TKT510409,2025-05-19,Chat,Mobile App,Refund Delay,Neutral,Medium,Resolved,29.6,4.6
TKT500672,2025-05-19,Phone,Cards,Refund Delay,Neutral,Medium,Pending,31.1,3.7
TKT501274,2025-05-19,Chat,Payments,Account Access,Neutral,High,Resolved,26.4,3.2
TKT502583,2025-05-19,Social,Cards,Payment Failed,Negative,Medium,Pending,36.2,3.6
TKT505096,2025-05-19,Email,Account,Payment Failed,Positive,High,Pending,49.5,3.9
TKT510744,2025-05-19,Email,Account,Card Issue,Negative,Critical,Escalated,60.8,1.8
TKT509005,2025-05-19,Social,Loans,Loan Query,Positive,Low,Resolved,25.3,4.5
TKT504951,2025-05-19,Phone,Loans,Payment Failed,Negative,Low,Resolved,20.7,3.2
TKT501988,2025-05-19,Social,Loans,Card Issue,Negative,Low,Pending,43.4,2.7
TKT508236,2025-05-19,Email,Loans,Card Issue,Neutral,High,Pending,39.3,4.0
TKT502353,2025-05-19,Email,Mobile App,Payment Failed,Neutral,Medium,Escalated,58.3,2.6
TKT506092,2025-05-19,Social,Mobile App,Card Issue,Negative,Medium,Pending,36.4,3.2
TKT502276,2025-05-19,Email,Mobile App,Account Access,Neutral,High,Pending,40.8,4.2
TKT504762,2025-05-20,Chat,Mobile App,App Bug,Negative,High,Resolved,26.1,2.7
TKT510823,2025-05-20,Chat,Mobile App,Login Issue,Negative,High,Pending,45.8,1.7
TKT505108,2025-05-20,Email,Mobile App,Account Access,Negative,High,Pending,46.0,2.3
TKT500407,2025-05-20,Chat,Account,Account Access,Neutral,Medium,Resolved,23.7,4.1
TKT511377,2025-05-20,Social,Account,Card Issue,Neutral,Medium,Pending,41.7,3.7
TKT509064,2025-05-20,Phone,Account,Card Issue,Positive,High,Pending,31.5,4.9
TKT510704,2025-05-20,Phone,Payments,App Bug,Positive,Medium,Pending,32.8,4.1
TKT502030,2025-05-20,Chat,Payments,Card Issue,Negative,Low,Pending,37.8,2.1
TKT508078,2025-05-20,Chat,Account,Refund Delay,Positive,Low,Resolved,16.8,2.8
TKT504507,2025-05-20,Social,Account,Refund Delay,Negative,High,Pending,40.7,3.3
TKT510308,2025-05-20,Chat,Cards,Refund Delay,Neutral,Medium,Resolved,20.0,4.1
TKT504749,2025-05-20,Social,Account,Refund Delay,Positive,Critical,Pending,47.3,4.2
TKT508662,2025-05-20,Chat,Payments,Refund Delay,Negative,High,Resolved,27.6,3.6
TKT506263,2025-05-20,Phone,Mobile App,Account Access,Positive,High,Pending,32.0,3.9
TKT508015,2025-05-20,Phone,Mobile App,Card Issue,Negative,High,Pending,38.6,1.5
TKT503004,2025-05-20,Email,Mobile App,Payment Failed,Neutral,Low,Pending,32.2,4.5
TKT504195,2025-05-20,Social,Loans,Refund Delay,Neutral,Medium,Pending,45.1,4.9
TKT506046,2025-05-20,Phone,Mobile App,Account Access,Neutral,Medium,Resolved,22.1,4.4
TKT501278,2025-05-21,Chat,Payments,Payment Failed,Positive,Low,Resolved,28.1,2.8
TKT507041,2025-05-21,Email,Account,Login Issue,Negative,Low,Pending,32.0,2.7
TKT504152,2025-05-21,Chat,Mobile App,Payment Failed,Neutral,High,Pending,48.3,2.8
TKT501777,2025-05-21,Chat,Cards,Refund Delay,Positive,Medium,Resolved,12.8,4.2
TKT500230,2025-05-21,Chat,Payments,Account Access,Neutral,High,Resolved,23.1,3.6
TKT503629,2025-05-21,Email,Mobile App,Payment Failed,Negative,Low,Pending,33.1,3.1
TKT501943,2025-05-21,Social,Cards,Login Issue,Positive,High,Pending,31.9,4.7
TKT506138,2025-05-21,Chat,Mobile App,App Bug,Negative,Medium,Resolved,20.9,2.5
TKT509688,2025-05-21,Email,Mobile App,Refund Delay,Positive,Low,Pending,52.6,4.1
TKT508925,2025-05-21,Chat,Mobile App,Card Issue,Positive,Medium,Resolved,25.2,3.9
TKT507231,2025-05-21,Chat,Cards,Login Issue,Neutral,Medium,Resolved,17.5,2.9
TKT508980,2025-05-21,Email,Mobile App,App Bug,Negative,High,Pending,50.0,2.5
TKT504470,2025-05-21,Social,Account,App Bug,Negative,Medium,Pending,31.2,3.3
TKT511972,2025-05-21,Social,Loans,App Bug,Negative,High,Pending,48.3,3.2
TKT509988,2025-05-21,Social,Mobile App,Card Issue,Negative,High,Resolved,27.8,3.3
TKT511658,2025-05-21,Email,Payments,Refund Delay,Positive,High,Pending,50.8,3.2
TKT511608,2025-05-21,Chat,Mobile App,Card Issue,Positive,Medium,Pending,42.7,4.2
TKT511996,2025-05-21,Chat,Cards,Card Issue,Neutral,Medium,Pending,30.3,3.6
TKT510713,2025-05-21,Phone,Mobile App,App Bug,Negative,Critical,Pending,41.4,3.0
TKT501149,2025-05-22,Phone,Cards,App Bug,Positive,Medium,Resolved,28.5,3.6
TKT509310,2025-05-22,Social,Cards,Refund Delay,Neutral,Critical,Pending,36.0,4.1
TKT507942,2025-05-22,Chat,Account,Payment Failed,Neutral,Medium,Resolved,15.2,3.9
TKT509074,2025-05-22,Social,Cards,Card Issue,Positive,Low,Pending,35.5,3.8
TKT502522,2025-05-22,Phone,Mobile App,App Bug,Negative,High,Pending,50.8,3.6
TKT509663,2025-05-22,Chat,Loans,Refund Delay,Negative,High,Pending,37.5,1.8
TKT501391,2025-05-22,Social,Cards,Card Issue,Positive,Medium,Resolved,24.3,2.9
TKT505677,2025-05-22,Chat,Mobile App,Refund Delay,Negative,Medium,Resolved,20.9,2.2
TKT501750,2025-05-22,Chat,Payments,Card Issue,Positive,Medium,Resolved,25.8,3.0
TKT511001,2025-05-22,Chat,Mobile App,Login Issue,Positive,Medium,Pending,31.0,3.6
TKT505413,2025-05-22,Email,Cards,App Bug,Neutral,Low,Escalated,61.8,3.2
TKT510334,2025-05-22,Social,Payments,Account Access,Positive,Low,Resolved,29.0,3.7
TKT503274,2025-05-22,Email,Cards,Login Issue,Positive,Medium,Escalated,56.9,4.4
TKT508966,2025-05-22,Email,Account,App Bug,Neutral,Low,Pending,32.9,3.1
TKT510037,2025-05-22,Chat,Payments,App Bug,Negative,Low,Resolved,29.4,2.1
TKT504381,2025-05-22,Phone,Cards,App Bug,Neutral,High,Pending,30.0,3.9
TKT504759,2025-05-22,Social,Loans,Refund Delay,Negative,High,Pending,30.7,2.9
TKT504330,2025-05-22,Chat,Loans,Account Access,Positive,Medium,Resolved,12.9,3.2
TKT507266,2025-05-22,Email,Loans,Account Access,Neutral,High,Pending,48.7,4.0
TKT502751,2025-05-22,Phone,Payments,Payment Failed,Neutral,High,Pending,46.9,4.0
TKT504366,2025-05-22,Email,Loans,Payment Failed,Positive,Critical,Pending,48.1,3.5
TKT507430,2025-05-22,Phone,Loans,Login Issue,Negative,High,Pending,31.1,2.6
TKT511432,2025-05-22,Chat,Mobile App,Loan Query,Neutral,Medium,Resolved,17.7,3.3
TKT511223,2025-05-23,Chat,Loans,Card Issue,Neutral,High,Resolved,27.9,4.3
TKT507178,2025-05-23,Chat,Loans,App Bug,Negative,High,Pending,32.6,2.1
TKT501209,2025-05-23,Email,Cards,Payment Failed,Negative,Medium,Pending,38.8,2.6
TKT501521,2025-05-23,Chat,Loans,App Bug,Neutral,High,Pending,42.4,3.8
TKT503350,2025-05-23,Chat,Payments,Login Issue,Neutral,High,Resolved,22.5,3.7
TKT505194,2025-05-23,Email,Loans,Account Access,Positive,Medium,Pending,41.4,4.1
TKT503295,2025-05-23,Chat,Cards,Refund Delay,Neutral,Medium,Resolved,17.6,3.5
TKT500415,2025-05-23,Chat,Payments,App Bug,Neutral,High,Resolved,27.2,4.0
TKT508388,2025-05-23,Email,Payments,Card Issue,Negative,High,Escalated,58.1,2.7
TKT504770,2025-05-23,Chat,Mobile App,Payment Failed,Neutral,Medium,Resolved,25.2,3.8
TKT500483,2025-05-23,Chat,Account,Card Issue,Negative,Low,Resolved,19.7,3.2
TKT511730,2025-05-23,Email,Mobile App,Loan Query,Positive,Medium,Pending,35.2,3.9
TKT508341,2025-05-23,Email,Account,Loan Query,Positive,Medium,Pending,38.3,2.9
TKT506061,2025-05-23,Phone,Cards,Payment Failed,Neutral,Low,Resolved,20.3,4.4
TKT501753,2025-05-23,Chat,Loans,Refund Delay,Negative,Low,Resolved,17.9,2.0
TKT500685,2025-05-23,Chat,Loans,App Bug,Negative,Low,Resolved,14.4,2.9
TKT500694,2025-05-23,Chat,Cards,Login Issue,Positive,High,Resolved,27.6,3.7
TKT511971,2025-05-23,Social,Account,Login Issue,Negative,Critical,Pending,43.1,1.9
TKT510017,2025-05-23,Email,Payments,Card Issue,Negative,High,Pending,41.2,4.1
TKT500287,2025-05-23,Email,Account,App Bug,Neutral,Low,Pending,34.3,4.5
TKT503515,2025-05-23,Email,Account,Loan Query,Positive,Medium,Pending,35.6,3.6
TKT509702,2025-05-23,Chat,Account,Login Issue,Negative,High,Resolved,22.1,2.6
TKT510033,2025-05-24,Phone,Cards,Refund Delay,Neutral,High,Pending,34.7,4.7
TKT507852,2025-05-24,Phone,Cards,App Bug,Negative,High,Pending,39.8,3.7
TKT511074,2025-05-24,Email,Account,Login Issue,Negative,Medium,Pending,34.1,2.8
TKT503377,2025-05-24,Social,Payments,Payment Failed,Negative,Critical,Pending,37.7,1.6
TKT506825,2025-05-24,Chat,Cards,Account Access,Neutral,Medium,Resolved,17.6,3.3
TKT511395,2025-05-24,Email,Mobile App,Payment Failed,Neutral,Critical,Pending,46.1,4.2
TKT500946,2025-05-24,Email,Payments,Account Access,Neutral,High,Pending,40.9,3.5
TKT502482,2025-05-24,Phone,Payments,Payment Failed,Neutral,Low,Resolved,27.6,3.9
TKT500458,2025-05-24,Phone,Mobile App,Payment Failed,Negative,High,Pending,35.3,2.2
TKT505643,2025-05-24,Phone,Cards,App Bug,Negative,High,Escalated,69.3,1.2
TKT507166,2025-05-24,Phone,Account,Payment Failed,Neutral,Low,Resolved,24.4,3.9
TKT508285,2025-05-24,Phone,Account,Card Issue,Positive,Medium,Pending,33.2,4.5
TKT500883,2025-05-24,Email,Loans,Card Issue,Neutral,Medium,Pending,49.8,3.9
TKT500514,2025-05-24,Chat,Mobile App,Payment Failed,Negative,Medium,Resolved,16.2,2.8
TKT504170,2025-05-24,Phone,Payments,Payment Failed,Neutral,Medium,Pending,37.4,3.6
TKT502090,2025-05-24,Chat,Cards,Loan Query,Positive,Medium,Resolved,14.6,3.1
TKT511220,2025-05-24,Chat,Account,Loan Query,Neutral,High,Pending,35.9,3.6
TKT506956,2025-05-24,Chat,Payments,Login Issue,Neutral,High,Resolved,24.4,3.7
TKT500342,2025-05-24,Email,Payments,Login Issue,Negative,Low,Pending,36.4,2.7
TKT501944,2025-05-24,Phone,Loans,App Bug,Negative,High,Pending,50.9,2.6
TKT507071,2025-05-24,Phone,Account,Refund Delay,Neutral,Low,Pending,44.7,4.5
TKT509410,2025-05-24,Social,Payments,Loan Query,Negative,Low,Resolved,24.1,3.1
TKT501957,2025-05-24,Chat,Account,Refund Delay,Negative,Low,Pending,33.6,1.9
TKT508139,2025-05-25,Social,Mobile App,App Bug,Negative,Critical,Pending,43.1,3.5
TKT510472,2025-05-25,Social,Payments,Refund Delay,Positive,Medium,Resolved,29.1,3.8
TKT501715,2025-05-25,Chat,Payments,Loan Query,Positive,Medium,Resolved,12.7,3.7
TKT508303,2025-05-25,Phone,Account,Payment Failed,Negative,High,Resolved,28.7,2.8
TKT506474,2025-05-25,Chat,Account,Refund Delay,Negative,Medium,Resolved,21.9,2.7
TKT504558,2025-05-25,Email,Payments,Login Issue,Negative,Medium,Pending,32.3,1.9
TKT505355,2025-05-25,Social,Payments,Card Issue,Positive,High,Pending,35.1,4.4
TKT501779,2025-05-25,Social,Account,Card Issue,Neutral,High,Pending,45.6,3.1
TKT510785,2025-05-25,Chat,Payments,App Bug,Negative,High,Pending,34.2,1.6
TKT508518,2025-05-25,Phone,Account,App Bug,Neutral,Medium,Pending,31.7,4.0
TKT507029,2025-05-25,Email,Cards,Payment Failed,Neutral,Medium,Pending,35.6,4.0
TKT509509,2025-05-25,Chat,Mobile App,Payment Failed,Positive,Low,Resolved,29.5,4.0
TKT506485,2025-05-25,Email,Account,Card Issue,Positive,High,Escalated,66.4,3.4
TKT501641,2025-05-25,Phone,Loans,Payment Failed,Neutral,Critical,Pending,32.6,3.0
TKT510352,2025-05-25,Chat,Cards,Payment Failed,Neutral,Medium,Resolved,19.3,3.4
TKT501992,2025-05-25,Phone,Mobile App,Payment Failed,Positive,Low,Pending,33.4,4.3
TKT504561,2025-05-26,Chat,Mobile App,Refund Delay,Positive,High,Pending,35.0,4.4
TKT511318,2025-05-26,Phone,Mobile App,Refund Delay,Negative,High,Pending,36.0,2.6
TKT505485,2025-05-26,Chat,Account,Payment Failed,Neutral,Medium,Resolved,17.4,3.8
TKT511191,2025-05-26,Email,Cards,Payment Failed,Negative,High,Pending,45.6,2.5
TKT511440,2025-05-26,Phone,Payments,Refund Delay,Neutral,High,Pending,32.3,4.2
TKT500414,2025-05-26,Email,Account,Payment Failed,Negative,Medium,Pending,41.7,2.2
TKT500964,2025-05-26,Chat,Mobile App,Loan Query,Negative,Low,Resolved,28.4,2.8
TKT500544,2025-05-26,Email,Account,Payment Failed,Neutral,Medium,Pending,51.1,4.5
TKT501760,2025-05-26,Phone,Payments,Login Issue,Neutral,Medium,Resolved,25.2,2.2
TKT503870,2025-05-26,Phone,Loans,Card Issue,Neutral,Low,Resolved,26.4,4.3
TKT508512,2025-05-26,Chat,Mobile App,Card Issue,Positive,Medium,Resolved,17.7,4.2
TKT506719,2025-05-26,Email,Payments,Card Issue,Positive,Medium,Pending,38.2,3.3
TKT505571,2025-05-26,Chat,Payments,Loan Query,Neutral,Medium,Resolved,20.3,3.1
TKT507629,2025-05-27,Email,Account,Account Access,Positive,Medium,Pending,39.4,4.0
TKT502305,2025-05-27,Phone,Cards,Account Access,Positive,Low,Pending,30.3,4.4
TKT500754,2025-05-27,Email,Loans,Account Access,Negative,Medium,Escalated,56.3,2.5
TKT500304,2025-05-27,Social,Mobile App,Refund Delay,Negative,High,Pending,36.2,2.7
TKT505552,2025-05-27,Chat,Mobile App,Refund Delay,Positive,Medium,Resolved,29.3,5.0
TKT505089,2025-05-27,Phone,Mobile App,Card Issue,Neutral,High,Escalated,68.4,3.2
TKT501734,2025-05-27,Social,Mobile App,Account Access,Neutral,High,Pending,31.2,4.2
TKT507901,2025-05-27,Chat,Payments,Card Issue,Neutral,Low,Resolved,25.2,3.5
TKT510029,2025-05-27,Chat,Payments,App Bug,Positive,Medium,Resolved,19.6,4.0
TKT506941,2025-05-27,Phone,Cards,App Bug,Positive,Medium,Resolved,28.8,4.5
TKT511544,2025-05-27,Chat,Payments,Login Issue,Negative,Low,Pending,49.2,2.5
TKT506673,2025-05-27,Email,Mobile App,Refund Delay,Positive,High,Pending,41.6,4.7
TKT511644,2025-05-27,Email,Account,Account Access,Neutral,Medium,Pending,40.9,3.8
TKT510047,2025-05-27,Chat,Payments,App Bug,Negative,High,Resolved,28.0,3.0
TKT502526,2025-05-27,Phone,Loans,Login Issue,Neutral,Low,Resolved,27.1,4.5
TKT504555,2025-05-27,Email,Payments,Login Issue,Negative,High,Pending,54.1,2.3
TKT509232,2025-05-27,Email,Account,Login Issue,Neutral,Low,Pending,36.7,3.8
TKT506636,2025-05-27,Phone,Payments,Login Issue,Negative,High,Pending,47.6,2.4
TKT503842,2025-05-27,Chat,Cards,Login Issue,Neutral,High,Resolved,22.5,4.1
TKT502248,2025-05-27,Phone,Cards,App Bug,Negative,High,Pending,41.4,2.5
TKT511173,2025-05-27,Email,Account,Loan Query,Neutral,Medium,Pending,40.0,4.2
TKT508562,2025-05-27,Email,Loans,App Bug,Negative,Low,Pending,33.7,2.8
TKT507749,2025-05-27,Phone,Payments,Loan Query,Neutral,High,Pending,31.9,4.1
TKT510706,2025-05-27,Social,Cards,Payment Failed,Negative,Low,Pending,31.3,2.8
TKT505662,2025-05-27,Email,Cards,Loan Query,Neutral,Medium,Pending,42.8,4.5
TKT501353,2025-05-27,Chat,Cards,Account Access,Positive,Medium,Resolved,20.3,3.8
TKT511551,2025-05-28,Chat,Mobile App,Loan Query,Neutral,Low,Resolved,14.5,3.9
TKT504410,2025-05-28,Phone,Mobile App,App Bug,Negative,Low,Resolved,22.9,2.0
TKT504441,2025-05-28,Chat,Mobile App,App Bug,Negative,Medium,Resolved,29.4,2.4
TKT502738,2025-05-28,Chat,Mobile App,Refund Delay,Negative,High,Resolved,23.1,2.8
TKT501778,2025-05-28,Email,Mobile App,Refund Delay,Negative,Medium,Pending,37.7,3.2
TKT511044,2025-05-28,Email,Cards,Refund Delay,Negative,High,Pending,41.8,3.4
TKT505100,2025-05-28,Email,Payments,Refund Delay,Neutral,High,Pending,43.1,3.3
TKT510329,2025-05-28,Chat,Account,Loan Query,Neutral,Low,Resolved,24.9,3.8
TKT503119,2025-05-28,Chat,Loans,App Bug,Negative,Critical,Pending,41.4,2.9
TKT509448,2025-05-28,Chat,Cards,Payment Failed,Negative,High,Pending,42.7,1.9
TKT500151,2025-05-28,Chat,Account,Payment Failed,Positive,High,Resolved,21.1,3.4
TKT505915,2025-05-28,Email,Cards,Account Access,Neutral,High,Pending,44.2,2.9
TKT510629,2025-05-28,Chat,Mobile App,Payment Failed,Negative,Medium,Resolved,21.7,2.5
TKT500541,2025-05-28,Phone,Mobile App,Loan Query,Positive,Medium,Resolved,20.3,3.6
TKT508876,2025-05-28,Phone,Loans,Refund Delay,Negative,Medium,Resolved,23.3,2.4
TKT501211,2025-05-28,Social,Loans,Refund Delay,Neutral,Low,Resolved,22.7,4.0
TKT500569,2025-05-28,Social,Mobile App,Card Issue,Negative,Medium,Resolved,26.8,2.9
TKT511030,2025-05-28,Phone,Loans,Payment Failed,Negative,Critical,Pending,36.5,2.1
TKT509818,2025-05-28,Chat,Account,Payment Failed,Negative,Critical,Pending,32.9,2.6
TKT507783,2025-05-28,Phone,Account,Card Issue,Neutral,Critical,Pending,39.3,3.2
TKT509706,2025-05-28,Chat,Mobile App,Account Access,Negative,Medium,Resolved,25.9,2.8
TKT510385,2025-05-29,Phone,Payments,Account Access,Neutral,Medium,Pending,39.7,3.8
TKT503847,2025-05-29,Social,Mobile App,Login Issue,Neutral,Medium,Resolved,29.8,3.3
TKT503587,2025-05-29,Email,Mobile App,Account Access,Negative,Medium,Pending,35.9,2.0
TKT501646,2025-05-29,Email,Mobile App,Login Issue,Neutral,Medium,Pending,30.8,4.1
TKT505914,2025-05-29,Social,Loans,Login Issue,Negative,High,Resolved,27.9,2.7
TKT503266,2025-05-29,Chat,Payments,Card Issue,Negative,High,Resolved,23.2,3.8
TKT501416,2025-05-29,Chat,Cards,Payment Failed,Positive,Medium,Resolved,24.7,3.2
TKT506133,2025-05-29,Email,Mobile App,Account Access,Negative,High,Pending,41.1,2.4
TKT510910,2025-05-29,Phone,Payments,Login Issue,Neutral,Medium,Resolved,23.0,3.5
TKT509899,2025-05-29,Email,Cards,Account Access,Neutral,Medium,Pending,36.9,4.2
TKT506780,2025-05-29,Phone,Mobile App,Payment Failed,Neutral,High,Pending,45.4,3.0
TKT502967,2025-05-29,Email,Payments,Refund Delay,Negative,High,Pending,43.3,1.7
TKT500675,2025-05-29,Chat,Loans,Loan Query,Neutral,Low,Resolved,13.3,3.5
TKT502637,2025-05-29,Chat,Account,Login Issue,Negative,Medium,Resolved,25.9,1.6
TKT507245,2025-05-29,Chat,Account,Login Issue,Neutral,Medium,Resolved,26.1,3.7
TKT504218,2025-05-29,Email,Payments,Account Access,Neutral,High,Pending,42.0,3.9
TKT506876,2025-05-30,Chat,Cards,Loan Query,Negative,High,Pending,40.6,2.6
TKT502711,2025-05-30,Chat,Account,Refund Delay,Negative,High,Resolved,20.1,2.4
TKT505302,2025-05-30,Social,Payments,Payment Failed,Negative,Critical,Pending,42.8,2.6
TKT508792,2025-05-30,Chat,Payments,Payment Failed,Negative,Low,Pending,36.0,2.7
TKT508632,2025-05-30,Chat,Payments,Refund Delay,Negative,Medium,Resolved,27.1,1.5
TKT508910,2025-05-30,Phone,Cards,Payment Failed,Negative,High,Pending,32.0,2.6
TKT503894,2025-05-30,Chat,Payments,Payment Failed,Neutral,Low,Pending,36.5,3.4
TKT510369,2025-05-30,Chat,Mobile App,Account Access,Neutral,Low,Resolved,21.4,3.2
TKT500842,2025-05-30,Social,Mobile App,Card Issue,Positive,Medium,Pending,33.9,4.7
TKT503781,2025-05-30,Phone,Payments,App Bug,Positive,Medium,Resolved,19.6,4.2
TKT501579,2025-05-30,Phone,Loans,Payment Failed,Negative,High,Resolved,29.5,2.5
TKT502460,2025-05-30,Chat,Account,App Bug,Negative,High,Pending,39.2,3.0
TKT502342,2025-05-30,Chat,Mobile App,Loan Query,Positive,Medium,Resolved,20.4,4.1
TKT507893,2025-05-30,Email,Account,Refund Delay,Negative,Low,Pending,34.8,2.1
TKT500417,2025-05-30,Social,Mobile App,Payment Failed,Neutral,High,Pending,41.0,4.1
TKT500793,2025-05-30,Chat,Account,Login Issue,Neutral,Medium,Resolved,14.8,4.0
TKT511946,2025-05-30,Social,Account,Payment Failed,Negative,Medium,Resolved,29.1,2.4
TKT508214,2025-05-30,Phone,Mobile App,Login Issue,Negative,Medium,Resolved,25.1,2.8
TKT501581,2025-05-31,Social,Cards,Login Issue,Negative,High,Pending,42.4,2.3
TKT511162,2025-05-31,Email,Mobile App,Refund Delay,Negative,High,Pending,39.3,2.8
TKT505534,2025-05-31,Social,Mobile App,Payment Failed,Negative,High,Pending,47.6,3.3
TKT500624,2025-05-31,Chat,Payments,Payment Failed,Neutral,Medium,Pending,31.5,2.9
TKT506991,2025-05-31,Social,Payments,Payment Failed,Negative,Critical,Pending,33.7,2.2
TKT507243,2025-05-31,Social,Account,App Bug,Neutral,Medium,Resolved,23.8,3.4
TKT501566,2025-05-31,Social,Payments,Refund Delay,Negative,Low,Resolved,28.2,2.9
TKT504735,2025-05-31,Chat,Payments,App Bug,Negative,High,Pending,32.8,3.0
TKT511400,2025-05-31,Email,Payments,Payment Failed,Negative,Critical,Pending,44.3,3.3
TKT506656,2025-05-31,Email,Payments,Login Issue,Positive,Critical,Pending,48.6,2.4
TKT503146,2025-05-31,Email,Payments,Loan Query,Positive,Low,Pending,52.8,3.4
TKT503411,2025-05-31,Social,Mobile App,Account Access,Positive,High,Pending,37.5,3.5
TKT502410,2025-05-31,Social,Mobile App,Payment Failed,Negative,Medium,Resolved,24.4,2.1
TKT507229,2025-05-31,Social,Loans,Payment Failed,Negative,High,Pending,40.1,3.0
TKT506496,2025-05-31,Phone,Mobile App,Refund Delay,Negative,Low,Resolved,23.4,2.5
TKT509617,2025-05-31,Chat,Account,Loan Query,Positive,Medium,Resolved,20.5,3.7
TKT511236,2025-06-01,Chat,Mobile App,App Bug,Negative,High,Resolved,25.4,2.8
TKT505505,2025-06-01,Chat,Cards,Account Access,Positive,Medium,Resolved,20.2,4.8
TKT502391,2025-06-01,Chat,Mobile App,Login Issue,Negative,High,Pending,34.5,2.9
TKT501942,2025-06-01,Social,Payments,Login Issue,Negative,Critical,Escalated,55.1,2.1
TKT506173,2025-06-01,Chat,Account,Login Issue,Negative,Low,Resolved,27.3,1.8
TKT500232,2025-06-01,Email,Account,Account Access,Positive,Medium,Pending,49.2,3.9
TKT500791,2025-06-01,Phone,Loans,Login Issue,Neutral,Low,Resolved,20.3,4.3
TKT500296,2025-06-01,Email,Payments,Loan Query,Neutral,High,Pending,48.4,3.8
TKT509978,2025-06-01,Chat,Loans,Loan Query,Negative,Medium,Resolved,15.3,2.2
TKT502475,2025-06-01,Social,Cards,App Bug,Negative,Low,Pending,32.8,3.0
TKT500986,2025-06-01,Phone,Mobile App,Loan Query,Neutral,Medium,Resolved,21.5,2.9
TKT510838,2025-06-01,Chat,Account,App Bug,Negative,High,Pending,38.7,2.4
TKT503253,2025-06-01,Phone,Payments,Card Issue,Positive,High,Pending,54.0,4.1
TKT506420,2025-06-01,Email,Mobile App,Payment Failed,Neutral,Critical,Pending,50.5,4.5
TKT500735,2025-06-01,Email,Cards,Account Access,Neutral,Medium,Pending,30.5,3.7
TKT508791,2025-06-01,Phone,Cards,App Bug,Positive,Medium,Resolved,22.0,4.6
TKT508647,2025-06-01,Chat,Account,Payment Failed,Positive,High,Pending,32.0,4.3
TKT511734,2025-06-01,Phone,Cards,Login Issue,Positive,High,Pending,32.8,3.8
TKT507361,2025-06-01,Social,Payments,Login Issue,Neutral,Medium,Pending,37.3,4.6
TKT500690,2025-06-01,Email,Cards,App Bug,Negative,High,Pending,49.2,3.2
TKT507074,2025-06-01,Phone,Cards,Account Access,Negative,High,Pending,41.5,2.2
TKT511407,2025-06-01,Email,Loans,Refund Delay,Positive,Medium,Pending,35.5,4.0
TKT508123,2025-06-01,Email,Loans,Account Access,Negative,High,Pending,51.4,3.1
TKT506849,2025-06-01,Social,Payments,Account Access,Neutral,Medium,Pending,45.2,3.7
TKT509929,2025-06-02,Email,Payments,Payment Failed,Positive,Low,Pending,48.5,4.8
TKT511950,2025-06-02,Email,Cards,Card Issue,Negative,Medium,Pending,34.1,2.9
TKT501984,2025-06-02,Chat,Account,Refund Delay,Negative,Critical,Pending,32.1,2.3
TKT502022,2025-06-02,Social,Loans,Payment Failed,Negative,High,Pending,33.3,2.8
TKT503390,2025-06-02,Email,Loans,Account Access,Neutral,Medium,Pending,33.5,4.1
TKT501694,2025-06-02,Chat,Payments,App Bug,Negative,High,Resolved,28.9,2.5
TKT509609,2025-06-02,Phone,Loans,Payment Failed,Negative,Low,Resolved,18.7,2.5
TKT505562,2025-06-02,Chat,Loans,Login Issue,Negative,High,Resolved,21.4,2.8
TKT504522,2025-06-02,Email,Payments,Payment Failed,Negative,Critical,Pending,47.0,2.3
TKT507519,2025-06-02,Phone,Cards,App Bug,Negative,Medium,Resolved,23.1,2.8
TKT505644,2025-06-02,Chat,Cards,Loan Query,Positive,Medium,Pending,35.9,4.0
TKT510091,2025-06-02,Social,Payments,Card Issue,Positive,Medium,Resolved,29.9,3.7
TKT500245,2025-06-02,Email,Mobile App,Payment Failed,Neutral,Critical,Pending,46.2,3.7
TKT504646,2025-06-02,Email,Account,Payment Failed,Negative,Medium,Pending,37.2,3.2
TKT509701,2025-06-02,Email,Account,Card Issue,Negative,Low,Pending,39.8,2.6
TKT504531,2025-06-02,Phone,Mobile App,App Bug,Neutral,High,Pending,34.5,3.7
TKT508969,2025-06-02,Phone,Account,Card Issue,Positive,Low,Resolved,24.3,3.5
TKT510264,2025-06-02,Phone,Loans,App Bug,Neutral,High,Pending,40.5,4.6
TKT500813,2025-06-02,Phone,Account,App Bug,Negative,Medium,Resolved,22.4,3.1
TKT507755,2025-06-02,Chat,Cards,Payment Failed,Neutral,Low,Resolved,28.5,3.3
TKT504208,2025-06-02,Email,Cards,Payment Failed,Neutral,Medium,Pending,49.8,3.9
TKT508177,2025-06-02,Social,Mobile App,Account Access,Negative,High,Pending,33.8,3.1
TKT501170,2025-06-02,Chat,Payments,Card Issue,Positive,Low,Resolved,14.4,3.7
TKT500815,2025-06-02,Social,Mobile App,Payment Failed,Negative,Critical,Pending,35.0,3.0
TKT502691,2025-06-02,Phone,Loans,Payment Failed,Positive,Medium,Resolved,23.1,4.4
TKT510355,2025-06-02,Phone,Mobile App,Loan Query,Negative,High,Pending,35.2,2.7
TKT504668,2025-06-02,Social,Mobile App,Login Issue,Positive,Medium,Resolved,21.8,2.0
TKT505323,2025-06-02,Email,Payments,Login Issue,Positive,Medium,Pending,44.3,4.1
TKT509325,2025-06-02,Phone,Payments,Payment Failed,Positive,High,Escalated,67.1,3.6
TKT502978,2025-06-03,Chat,Mobile App,Refund Delay,Neutral,Critical,Resolved,28.7,4.0
TKT500219,2025-06-03,Phone,Account,Card Issue,Positive,Low,Resolved,21.4,3.1
TKT509100,2025-06-03,Phone,Payments,Login Issue,Negative,Medium,Pending,30.2,1.9
TKT500492,2025-06-03,Email,Account,Payment Failed,Negative,Critical,Pending,43.4,3.1
TKT506155,2025-06-03,Email,Cards,Payment Failed,Positive,Critical,Escalated,59.1,2.5
TKT508908,2025-06-03,Social,Account,Loan Query,Negative,Low,Resolved,27.3,3.4
TKT508014,2025-06-03,Email,Mobile App,Card Issue,Positive,Low,Pending,41.1,4.4
TKT508327,2025-06-03,Chat,Payments,App Bug,Negative,Medium,Resolved,28.0,2.7
TKT509385,2025-06-03,Phone,Mobile App,App Bug,Neutral,Medium,Resolved,21.6,3.4
TKT500503,2025-06-03,Phone,Loans,Refund Delay,Neutral,High,Pending,34.3,4.0
TKT511201,2025-06-03,Email,Mobile App,Payment Failed,Neutral,Medium,Pending,39.8,3.4
TKT508165,2025-06-03,Chat,Loans,App Bug,Neutral,Critical,Resolved,26.4,3.2
TKT511204,2025-06-03,Chat,Payments,Login Issue,Positive,Low,Resolved,29.6,3.9
TKT500823,2025-06-03,Phone,Account,Payment Failed,Negative,High,Resolved,29.0,2.8
TKT508174,2025-06-03,Phone,Account,Login Issue,Neutral,Medium,Pending,33.3,3.9
TKT503593,2025-06-03,Phone,Payments,App Bug,Negative,High,Pending,36.3,2.7
TKT504066,2025-06-04,Chat,Loans,Loan Query,Neutral,Medium,Resolved,19.6,3.4
TKT505082,2025-06-04,Chat,Payments,Login Issue,Neutral,Low,Pending,30.2,2.5
TKT504925,2025-06-04,Email,Payments,Card Issue,Negative,High,Pending,48.3,3.1
TKT502733,2025-06-04,Chat,Account,App Bug,Negative,High,Resolved,29.8,2.3
TKT505158,2025-06-04,Phone,Mobile App,Payment Failed,Positive,Medium,Resolved,23.6,4.2
TKT507399,2025-06-04,Email,Payments,Refund Delay,Negative,Low,Pending,39.5,2.8
TKT510685,2025-06-04,Email,Payments,Login Issue,Positive,High,Escalated,65.7,2.8
TKT503695,2025-06-04,Phone,Account,Card Issue,Negative,Low,Resolved,25.3,2.1
TKT508128,2025-06-04,Chat,Loans,Loan Query,Neutral,Medium,Resolved,24.0,4.0
TKT509779,2025-06-04,Email,Payments,Payment Failed,Positive,Medium,Pending,37.9,3.3
TKT510000,2025-06-04,Social,Payments,Payment Failed,Neutral,Critical,Pending,36.5,3.9
TKT501399,2025-06-04,Email,Loans,Card Issue,Positive,Low,Pending,32.3,4.5
TKT505455,2025-06-04,Email,Mobile App,Payment Failed,Neutral,High,Pending,44.7,3.5
TKT505103,2025-06-04,Chat,Payments,Loan Query,Negative,High,Resolved,21.9,3.2
TKT506984,2025-06-04,Chat,Cards,Card Issue,Neutral,Low,Resolved,15.1,4.4
TKT500563,2025-06-04,Email,Account,Login Issue,Negative,High,Pending,39.8,2.3
TKT506565,2025-06-04,Chat,Mobile App,Refund Delay,Negative,Low,Pending,41.1,2.4
TKT502789,2025-06-04,Email,Loans,Login Issue,Neutral,Low,Pending,38.8,4.5
TKT501092,2025-06-04,Chat,Loans,Refund Delay,Negative,Low,Resolved,28.3,2.1
TKT507926,2025-06-04,Email,Cards,Payment Failed,Negative,Low,Pending,41.0,2.8
TKT508584,2025-06-04,Social,Payments,Loan Query,Positive,Low,Resolved,24.3,4.7
TKT506603,2025-06-04,Email,Payments,Account Access,Positive,High,Escalated,70.4,3.1
TKT501453,2025-06-04,Phone,Account,Payment Failed,Neutral,Low,Pending,30.9,3.5
TKT506643,2025-06-05,Email,Account,App Bug,Neutral,Medium,Pending,38.5,3.3
TKT506132,2025-06-05,Social,Mobile App,Account Access,Positive,Low,Resolved,27.7,3.5
TKT509009,2025-06-05,Chat,Mobile App,App Bug,Neutral,Low,Resolved,18.7,4.3
TKT503837,2025-06-05,Social,Cards,Login Issue,Negative,Low,Pending,45.0,1.6
TKT503726,2025-06-05,Email,Account,Account Access,Positive,Low,Pending,36.3,4.8
TKT505367,2025-06-05,Social,Mobile App,App Bug,Negative,High,Pending,47.4,2.3
TKT509242,2025-06-05,Chat,Payments,Payment Failed,Negative,Low,Resolved,18.2,2.6
TKT508838,2025-06-05,Social,Mobile App,App Bug,Negative,High,Pending,31.7,3.0
TKT506852,2025-06-05,Chat,Account,Loan Query,Positive,Medium,Resolved,28.6,3.9
TKT509994,2025-06-05,Chat,Mobile App,Loan Query,Positive,Medium,Pending,35.9,3.4
TKT501174,2025-06-05,Social,Mobile App,Loan Query,Positive,High,Pending,51.8,4.3
TKT501146,2025-06-05,Phone,Loans,Account Access,Positive,Low,Pending,31.1,3.2
TKT506872,2025-06-05,Phone,Payments,Loan Query,Positive,High,Resolved,27.6,4.3
TKT507121,2025-06-05,Social,Payments,Loan Query,Positive,High,Pending,31.0,3.7
TKT501462,2025-06-05,Chat,Loans,Card Issue,Negative,High,Resolved,20.7,4.3
TKT504174,2025-06-05,Chat,Payments,Login Issue,Negative,High,Pending,45.2,2.2
TKT509529,2025-06-05,Email,Payments,App Bug,Negative,Critical,Pending,45.5,2.5
TKT500240,2025-06-05,Chat,Cards,Payment Failed,Neutral,Critical,Resolved,28.1,4.2
TKT508819,2025-06-06,Chat,Account,Login Issue,Negative,Low,Resolved,15.7,1.9
TKT508932,2025-06-06,Chat,Mobile App,Card Issue,Negative,Low,Resolved,20.6,2.8
TKT500070,2025-06-06,Social,Cards,Account Access,Positive,High,Pending,34.0,4.9
TKT501202,2025-06-06,Chat,Mobile App,Account Access,Neutral,High,Pending,46.6,3.8
TKT511411,2025-06-06,Chat,Mobile App,Card Issue,Positive,Medium,Resolved,22.3,4.8
TKT509398,2025-06-06,Phone,Mobile App,Loan Query,Positive,Medium,Pending,37.1,4.4
TKT503072,2025-06-06,Social,Loans,Payment Failed,Negative,Low,Resolved,21.1,2.6
TKT503432,2025-06-06,Chat,Cards,Loan Query,Positive,High,Pending,37.3,3.5
TKT504147,2025-06-06,Chat,Mobile App,Login Issue,Negative,Medium,Resolved,12.7,2.5
TKT505884,2025-06-06,Social,Cards,Login Issue,Neutral,Medium,Pending,30.0,4.0
TKT501157,2025-06-06,Phone,Payments,Account Access,Negative,High,Pending,35.2,3.5
TKT510767,2025-06-06,Email,Loans,Loan Query,Neutral,Low,Pending,44.7,4.4
TKT505356,2025-06-06,Email,Mobile App,Login Issue,Neutral,Medium,Pending,40.7,3.1
TKT511624,2025-06-06,Social,Payments,Payment Failed,Negative,High,Pending,38.4,3.1
TKT502463,2025-06-06,Chat,Mobile App,Refund Delay,Negative,Low,Resolved,18.6,2.5
TKT506096,2025-06-06,Phone,Cards,Loan Query,Positive,Low,Resolved,28.9,4.0
TKT504254,2025-06-06,Email,Loans,Loan Query,Neutral,Medium,Pending,30.7,3.4
TKT510505,2025-06-06,Phone,Cards,Login Issue,Neutral,Medium,Resolved,20.8,3.3
TKT506486,2025-06-06,Email,Account,Account Access,Negative,High,Pending,46.6,2.8
TKT508249,2025-06-06,Phone,Mobile App,Account Access,Neutral,Low,Pending,38.0,3.5
TKT505595,2025-06-06,Phone,Account,Card Issue,Negative,Low,Resolved,20.1,3.0
TKT505539,2025-06-06,Social,Payments,App Bug,Positive,Medium,Pending,40.0,3.4
TKT510684,2025-06-07,Chat,Cards,Payment Failed,Positive,Critical,Pending,35.0,4.3
TKT511118,2025-06-07,Social,Account,Payment Failed,Negative,Medium,Pending,32.4,2.4
TKT502484,2025-06-07,Chat,Loans,App Bug,Positive,Medium,Resolved,17.5,3.7
TKT506940,2025-06-07,Email,Loans,Account Access,Neutral,Low,Pending,44.5,3.9
TKT501916,2025-06-07,Phone,Payments,App Bug,Positive,Low,Resolved,28.4,3.9
TKT509181,2025-06-07,Social,Mobile App,Account Access,Neutral,Low,Pending,37.6,3.7
TKT506144,2025-06-07,Social,Mobile App,Payment Failed,Neutral,High,Resolved,29.0,3.2
TKT505195,2025-06-07,Phone,Loans,Refund Delay,Neutral,Critical,Pending,41.4,3.8
TKT502542,2025-06-07,Social,Payments,App Bug,Negative,High,Pending,36.2,2.7
TKT506556,2025-06-07,Chat,Mobile App,Login Issue,Neutral,Critical,Pending,46.6,3.3
TKT508132,2025-06-07,Phone,Payments,Login Issue,Neutral,Low,Resolved,23.5,4.3
TKT506073,2025-06-07,Email,Loans,Loan Query,Neutral,Critical,Pending,47.8,5.0
TKT507095,2025-06-07,Phone,Payments,Account Access,Neutral,Medium,Pending,40.3,3.6
TKT507086,2025-06-07,Chat,Payments,Login Issue,Negative,Low,Resolved,22.2,3.3
TKT507351,2025-06-07,Phone,Payments,Card Issue,Negative,Low,Resolved,22.5,2.3
TKT501299,2025-06-07,Phone,Mobile App,Account Access,Neutral,Low,Resolved,21.1,3.8
TKT509995,2025-06-07,Email,Account,App Bug,Neutral,Medium,Escalated,63.3,3.3
TKT505811,2025-06-08,Social,Loans,Login Issue,Positive,High,Pending,42.4,4.4
TKT500396,2025-06-08,Email,Mobile App,Card Issue,Negative,High,Pending,39.6,3.0
TKT509278,2025-06-08,Social,Cards,Account Access,Positive,High,Pending,38.0,4.3
TKT504327,2025-06-08,Social,Mobile App,Payment Failed,Positive,Medium,Resolved,26.4,3.5
TKT500037,2025-06-08,Chat,Cards,Login Issue,Negative,High,Pending,38.5,2.1
TKT504677,2025-06-08,Email,Loans,Account Access,Negative,High,Pending,47.1,2.6
TKT506948,2025-06-08,Chat,Loans,Card Issue,Neutral,Low,Resolved,18.8,3.4
TKT507014,2025-06-08,Social,Account,Login Issue,Positive,Low,Pending,39.5,3.3
TKT511266,2025-06-08,Phone,Account,Login Issue,Negative,High,Pending,50.9,2.5
TKT504673,2025-06-08,Social,Mobile App,Loan Query,Negative,High,Pending,31.8,2.7
TKT507994,2025-06-08,Phone,Mobile App,Loan Query,Negative,High,Pending,34.2,2.7
TKT505119,2025-06-08,Social,Loans,Payment Failed,Neutral,High,Resolved,28.8,2.7
TKT509659,2025-06-08,Chat,Cards,Account Access,Positive,Medium,Resolved,20.5,3.7
TKT506461,2025-06-08,Email,Account,Account Access,Positive,Medium,Pending,34.8,4.2
TKT509635,2025-06-08,Phone,Mobile App,Refund Delay,Negative,Medium,Pending,33.4,2.2
TKT511159,2025-06-08,Social,Mobile App,Card Issue,Positive,Low,Pending,40.5,4.2
TKT507870,2025-06-08,Phone,Cards,Payment Failed,Negative,High,Pending,34.7,2.4
TKT505904,2025-06-08,Phone,Account,App Bug,Neutral,High,Resolved,27.4,4.5
TKT500200,2025-06-08,Email,Mobile App,Card Issue,Negative,High,Pending,43.2,2.6
TKT506364,2025-06-08,Chat,Loans,App Bug,Neutral,Critical,Resolved,27.1,3.1
TKT502843,2025-06-08,Email,Mobile App,Loan Query,Positive,Medium,Pending,45.3,5.0
TKT501011,2025-06-08,Chat,Mobile App,Account Access,Positive,High,Resolved,25.9,4.1
TKT505214,2025-06-08,Social,Account,Payment Failed,Neutral,Critical,Pending,34.9,5.0
TKT502028,2025-06-09,Email,Loans,Account Access,Negative,Medium,Pending,41.1,3.6
TKT500109,2025-06-09,Email,Account,Card Issue,Neutral,Low,Pending,49.9,2.7
TKT503297,2025-06-09,Phone,Payments,Refund Delay,Negative,High,Pending,41.8,2.2
TKT501625,2025-06-09,Email,Mobile App,Login Issue,Neutral,Medium,Pending,48.7,3.5
TKT501297,2025-06-09,Email,Payments,Account Access,Neutral,Low,Pending,39.2,3.6
TKT504800,2025-06-09,Email,Mobile App,Account Access,Positive,Medium,Pending,39.4,3.5
TKT503778,2025-06-09,Email,Mobile App,Login Issue,Negative,High,Pending,45.7,2.9
TKT501705,2025-06-09,Social,Loans,Payment Failed,Neutral,High,Pending,31.8,4.2
TKT506211,2025-06-09,Chat,Cards,App Bug,Negative,Medium,Resolved,14.4,2.1
TKT506602,2025-06-09,Chat,Loans,Refund Delay,Negative,Medium,Resolved,22.7,2.2
TKT504486,2025-06-09,Email,Cards,Payment Failed,Positive,Medium,Pending,33.4,3.2
TKT507949,2025-06-09,Social,Loans,Loan Query,Positive,Medium,Resolved,25.0,3.2
TKT500924,2025-06-09,Chat,Cards,Loan Query,Positive,Medium,Resolved,17.6,3.9
TKT508656,2025-06-09,Social,Payments,Refund Delay,Neutral,Medium,Resolved,24.0,3.5
TKT510662,2025-06-09,Social,Mobile App,Account Access,Neutral,Low,Resolved,29.9,3.8
TKT500869,2025-06-09,Chat,Mobile App,Payment Failed,Neutral,Low,Resolved,16.3,2.7
TKT504244,2025-06-09,Phone,Payments,Payment Failed,Negative,High,Pending,34.0,3.1
TKT506404,2025-06-09,Email,Payments,Account Access,Positive,High,Pending,48.7,3.9
TKT500418,2025-06-10,Email,Loans,Login Issue,Positive,Low,Pending,48.0,3.3
TKT505924,2025-06-10,Phone,Account,Payment Failed,Positive,Medium,Resolved,23.1,3.4
TKT507394,2025-06-10,Chat,Mobile App,Account Access,Neutral,Low,Resolved,26.2,3.4
TKT505978,2025-06-10,Chat,Payments,Account Access,Positive,High,Resolved,25.8,3.6
TKT511309,2025-06-10,Social,Account,Refund Delay,Negative,High,Pending,39.4,2.1
TKT503827,2025-06-10,Chat,Cards,App Bug,Neutral,Low,Pending,48.8,3.5
TKT510568,2025-06-10,Phone,Payments,Payment Failed,Negative,Critical,Pending,34.6,1.9
TKT508486,2025-06-10,Email,Cards,Payment Failed,Neutral,Critical,Pending,50.6,4.6
TKT507154,2025-06-10,Phone,Payments,Payment Failed,Negative,High,Pending,35.1,2.8
TKT508182,2025-06-10,Chat,Cards,Payment Failed,Neutral,Medium,Resolved,22.1,4.8
TKT501347,2025-06-10,Social,Account,Login Issue,Negative,High,Pending,39.4,3.0
TKT500930,2025-06-10,Email,Payments,Account Access,Positive,Medium,Pending,46.2,4.0
TKT501261,2025-06-10,Chat,Payments,Refund Delay,Neutral,Medium,Pending,32.3,4.1
TKT511718,2025-06-10,Phone,Account,Account Access,Neutral,Medium,Resolved,22.4,3.6
TKT503046,2025-06-10,Phone,Account,Refund Delay,Positive,Medium,Resolved,21.0,4.4
TKT500900,2025-06-10,Chat,Mobile App,Payment Failed,Negative,Medium,Resolved,18.3,1.5
TKT511572,2025-06-10,Social,Loans,Login Issue,Neutral,Medium,Resolved,28.5,4.4
TKT500286,2025-06-10,Chat,Mobile App,Login Issue,Negative,Medium,Resolved,19.3,1.5
TKT504835,2025-06-10,Phone,Account,Payment Failed,Neutral,Low,Resolved,22.4,3.8
TKT503418,2025-06-10,Chat,Cards,Card Issue,Negative,High,Resolved,29.0,2.7
TKT504178,2025-06-10,Email,Mobile App,Loan Query,Positive,Low,Pending,37.1,3.5
TKT507024,2025-06-10,Social,Cards,Payment Failed,Negative,Medium,Resolved,24.8,3.6
TKT509628,2025-06-10,Phone,Cards,App Bug,Neutral,Low,Pending,44.7,3.7
TKT511873,2025-06-10,Chat,Cards,Refund Delay,Positive,Critical,Pending,37.1,3.5
TKT510728,2025-06-11,Phone,Cards,Payment Failed,Negative,Critical,Pending,35.8,3.2
TKT509317,2025-06-11,Social,Mobile App,Card Issue,Negative,Low,Resolved,29.3,2.8
TKT506710,2025-06-11,Social,Cards,Payment Failed,Positive,High,Pending,33.4,3.9
TKT511163,2025-06-11,Phone,Cards,Refund Delay,Positive,Medium,Pending,36.2,3.2
TKT510905,2025-06-11,Email,Mobile App,Account Access,Negative,High,Pending,40.8,2.1
TKT511425,2025-06-11,Email,Payments,Login Issue,Positive,Medium,Pending,42.2,3.7
TKT504894,2025-06-11,Phone,Account,App Bug,Neutral,Low,Resolved,22.2,3.0
TKT501199,2025-06-11,Phone,Cards,Card Issue,Positive,Medium,Resolved,21.9,3.7
TKT508105,2025-06-11,Phone,Loans,Payment Failed,Negative,Low,Resolved,29.5,2.5
TKT504183,2025-06-11,Chat,Account,Loan Query,Positive,Low,Resolved,28.3,4.0
TKT502592,2025-06-11,Social,Loans,Card Issue,Positive,Medium,Resolved,25.0,3.8
TKT505230,2025-06-11,Phone,Cards,Payment Failed,Neutral,Medium,Escalated,55.0,3.2
TKT509938,2025-06-11,Social,Account,Account Access,Negative,High,Pending,50.3,2.2
TKT503888,2025-06-11,Social,Cards,Account Access,Negative,High,Pending,37.2,2.9
TKT509528,2025-06-11,Email,Loans,App Bug,Positive,Medium,Pending,36.1,3.3
TKT504251,2025-06-11,Email,Loans,Payment Failed,Neutral,Medium,Pending,41.1,3.8
TKT505508,2025-06-11,Email,Payments,Card Issue,Neutral,Medium,Pending,34.8,4.0
TKT511654,2025-06-11,Chat,Loans,Payment Failed,Negative,Medium,Resolved,18.6,3.1
TKT509586,2025-06-11,Social,Loans,Card Issue,Positive,Low,Pending,38.7,3.4
TKT504624,2025-06-11,Email,Mobile App,Refund Delay,Neutral,Medium,Pending,44.1,3.6
TKT507433,2025-06-11,Chat,Loans,Refund Delay,Positive,High,Pending,33.9,3.7
TKT511751,2025-06-11,Phone,Mobile App,Account Access,Neutral,Medium,Resolved,26.8,2.1
TKT500247,2025-06-11,Email,Account,Account Access,Negative,Low,Pending,33.8,1.6
TKT505893,2025-06-11,Phone,Mobile App,Loan Query,Positive,Low,Resolved,28.4,4.3
TKT511289,2025-06-12,Social,Cards,Refund Delay,Neutral,High,Pending,50.2,3.5
TKT504858,2025-06-12,Chat,Mobile App,Card Issue,Neutral,High,Resolved,23.2,4.0
TKT501871,2025-06-12,Chat,Loans,Payment Failed,Negative,Medium,Pending,34.8,2.5
TKT505197,2025-06-12,Social,Mobile App,Payment Failed,Positive,Low,Pending,30.9,4.2
TKT500020,2025-06-12,Phone,Mobile App,Login Issue,Negative,Medium,Resolved,28.7,2.9
TKT505592,2025-06-12,Email,Cards,Card Issue,Neutral,Critical,Escalated,67.7,3.4
TKT500032,2025-06-12,Email,Cards,Card Issue,Neutral,Low,Pending,33.6,3.6
TKT504423,2025-06-12,Chat,Mobile App,Login Issue,Positive,High,Pending,32.6,2.9
TKT510812,2025-06-12,Phone,Cards,Account Access,Positive,Low,Resolved,19.2,4.4
TKT503963,2025-06-12,Email,Mobile App,Login Issue,Negative,High,Pending,44.4,2.6
TKT509690,2025-06-12,Social,Mobile App,Payment Failed,Negative,Medium,Resolved,28.9,2.5
TKT511918,2025-06-12,Email,Account,Loan Query,Neutral,High,Pending,54.6,3.5
TKT501896,2025-06-12,Chat,Mobile App,Account Access,Neutral,High,Resolved,23.1,4.3
TKT508942,2025-06-12,Social,Mobile App,Account Access,Neutral,Low,Pending,30.9,3.1
TKT507221,2025-06-12,Email,Payments,Account Access,Positive,High,Pending,49.5,3.5
TKT507606,2025-06-12,Chat,Loans,Card Issue,Negative,Critical,Pending,31.9,3.2
TKT502285,2025-06-12,Social,Account,Login Issue,Positive,Low,Resolved,24.9,4.4
TKT508833,2025-06-12,Email,Mobile App,Card Issue,Neutral,Medium,Pending,34.4,4.1
TKT508256,2025-06-12,Phone,Mobile App,Login Issue,Neutral,Low,Resolved,19.2,3.6
TKT502880,2025-06-12,Chat,Mobile App,Card Issue,Neutral,Medium,Resolved,12.9,3.5
TKT500644,2025-06-12,Email,Account,Loan Query,Neutral,Medium,Escalated,70.3,3.8
TKT506553,2025-06-12,Email,Account,Account Access,Neutral,High,Pending,46.3,3.4
TKT506354,2025-06-12,Email,Mobile App,Payment Failed,Neutral,High,Pending,45.0,3.9
TKT509003,2025-06-13,Phone,Loans,Login Issue,Neutral,High,Pending,46.3,4.9
TKT509400,2025-06-13,Chat,Mobile App,Account Access,Positive,Low,Resolved,21.4,4.3
TKT504611,2025-06-13,Email,Mobile App,Login Issue,Negative,Medium,Pending,38.1,2.4
TKT510556,2025-06-13,Chat,Cards,Login Issue,Positive,Low,Pending,35.4,3.3
TKT504635,2025-06-13,Chat,Payments,Account Access,Negative,High,Resolved,19.7,2.0
TKT508735,2025-06-13,Social,Payments,Refund Delay,Negative,High,Pending,33.7,2.3
TKT508185,2025-06-13,Email,Mobile App,Loan Query,Negative,Medium,Pending,32.2,1.5
TKT506704,2025-06-13,Phone,Payments,Login Issue,Negative,Low,Resolved,23.7,2.2
TKT508752,2025-06-13,Social,Loans,Login Issue,Positive,Medium,Resolved,24.7,3.0
TKT503271,2025-06-13,Chat,Payments,Card Issue,Negative,Medium,Resolved,20.1,3.6
TKT502489,2025-06-13,Chat,Payments,Card Issue,Positive,High,Pending,39.2,3.8
TKT507844,2025-06-13,Chat,Payments,App Bug,Neutral,High,Pending,41.1,3.8
TKT511492,2025-06-13,Chat,Payments,Account Access,Positive,High,Resolved,27.2,3.2
TKT507073,2025-06-13,Phone,Cards,Card Issue,Negative,High,Pending,31.8,3.6
TKT507115,2025-06-13,Chat,Payments,Loan Query,Positive,High,Pending,34.1,3.2
TKT510102,2025-06-13,Chat,Payments,Refund Delay,Positive,High,Pending,34.3,4.2
TKT503589,2025-06-13,Email,Mobile App,App Bug,Neutral,Medium,Pending,32.0,3.4
TKT510836,2025-06-13,Social,Mobile App,Refund Delay,Positive,Low,Resolved,28.0,3.2
TKT502108,2025-06-13,Chat,Account,App Bug,Neutral,Medium,Resolved,14.4,3.8
TKT502636,2025-06-13,Email,Payments,Loan Query,Neutral,Medium,Pending,39.7,3.6
TKT503836,2025-06-13,Phone,Payments,App Bug,Positive,Medium,Pending,44.1,2.8
TKT502476,2025-06-13,Social,Mobile App,App Bug,Positive,Medium,Pending,48.0,4.4
TKT511991,2025-06-13,Chat,Payments,App Bug,Neutral,High,Resolved,29.5,4.0
TKT501598,2025-06-13,Email,Mobile App,Refund Delay,Negative,Medium,Pending,41.9,3.0
TKT503527,2025-06-13,Social,Account,Payment Failed,Neutral,High,Resolved,29.2,3.6
TKT506017,2025-06-13,Chat,Mobile App,Loan Query,Negative,High,Resolved,20.1,3.0
TKT511819,2025-06-13,Email,Payments,Payment Failed,Negative,Low,Pending,37.6,2.0
TKT500805,2025-06-13,Social,Account,Card Issue,Neutral,Low,Resolved,22.7,3.6
TKT502431,2025-06-13,Chat,Loans,Payment Failed,Neutral,Medium,Resolved,14.7,3.8
TKT503639,2025-06-14,Social,Loans,Card Issue,Positive,High,Pending,46.4,3.1
TKT507049,2025-06-14,Chat,Account,Login Issue,Negative,High,Resolved,26.5,2.4
TKT503196,2025-06-14,Chat,Mobile App,Account Access,Negative,Medium,Resolved,16.2,3.0
TKT500093,2025-06-14,Social,Loans,Payment Failed,Negative,High,Pending,30.6,2.9
TKT511387,2025-06-14,Phone,Cards,Payment Failed,Negative,High,Pending,45.2,2.8
TKT502193,2025-06-14,Phone,Payments,Account Access,Positive,Medium,Pending,35.7,4.0
TKT503217,2025-06-14,Phone,Cards,Refund Delay,Negative,Low,Resolved,23.4,1.5
TKT509640,2025-06-14,Phone,Payments,Refund Delay,Neutral,High,Pending,39.7,3.8
TKT506750,2025-06-14,Email,Cards,Account Access,Neutral,Low,Pending,54.4,3.6
TKT500363,2025-06-14,Social,Mobile App,Refund Delay,Negative,High,Pending,45.7,3.1
TKT503724,2025-06-14,Phone,Cards,Payment Failed,Negative,Medium,Resolved,28.2,2.4
TKT504084,2025-06-14,Email,Account,Refund Delay,Negative,High,Pending,52.2,2.5
TKT504931,2025-06-14,Phone,Mobile App,Payment Failed,Negative,High,Resolved,25.7,3.3
TKT504919,2025-06-14,Phone,Cards,Card Issue,Negative,Medium,Resolved,26.0,2.1
TKT505454,2025-06-14,Social,Cards,Refund Delay,Negative,Low,Resolved,22.8,2.1
TKT501531,2025-06-14,Phone,Loans,Login Issue,Positive,Medium,Pending,31.5,3.4
TKT504196,2025-06-14,Phone,Loans,App Bug,Negative,High,Resolved,26.9,2.6
TKT500192,2025-06-14,Social,Cards,Login Issue,Negative,High,Pending,40.3,3.3
TKT506299,2025-06-14,Phone,Cards,Refund Delay,Negative,High,Pending,31.0,2.0
TKT509767,2025-06-14,Phone,Mobile App,Payment Failed,Negative,High,Pending,30.6,2.5
TKT511666,2025-06-14,Chat,Cards,Payment Failed,Negative,Medium,Pending,32.3,2.7
TKT509689,2025-06-14,Phone,Mobile App,Payment Failed,Negative,High,Pending,32.3,3.3
TKT500861,2025-06-14,Email,Payments,App Bug,Negative,High,Pending,51.1,2.3
TKT500636,2025-06-14,Phone,Cards,Account Access,Neutral,Medium,Pending,31.4,4.5
TKT503949,2025-06-14,Email,Mobile App,Login Issue,Negative,High,Pending,46.8,3.4
TKT500874,2025-06-14,Chat,Payments,App Bug,Negative,Medium,Resolved,22.1,1.4
TKT501743,2025-06-14,Phone,Account,App Bug,Neutral,Low,Pending,31.8,3.9
TKT501020,2025-06-14,Email,Cards,Refund Delay,Positive,Medium,Pending,37.9,3.8
TKT503730,2025-06-14,Email,Payments,Loan Query,Negative,High,Pending,53.0,2.9
TKT507553,2025-06-15,Email,Cards,Login Issue,Neutral,Medium,Pending,36.6,4.7
TKT510841,2025-06-15,Chat,Loans,Refund Delay,Positive,High,Resolved,22.0,4.0
TKT503286,2025-06-15,Social,Cards,App Bug,Positive,Medium,Resolved,22.4,4.2
TKT509249,2025-06-15,Social,Account,Card Issue,Negative,High,Pending,37.4,1.7
TKT506737,2025-06-15,Chat,Loans,Payment Failed,Negative,High,Resolved,22.5,2.2
TKT507972,2025-06-15,Chat,Mobile App,Login Issue,Neutral,Medium,Resolved,26.1,4.3
TKT501601,2025-06-15,Chat,Payments,Card Issue,Positive,Low,Resolved,16.5,3.2
TKT503320,2025-06-15,Phone,Payments,Card Issue,Negative,High,Pending,45.4,2.6
TKT501460,2025-06-15,Email,Mobile App,Login Issue,Neutral,Low,Pending,42.5,4.1
TKT511225,2025-06-15,Chat,Payments,Account Access,Positive,Medium,Pending,31.8,3.4
TKT511009,2025-06-15,Email,Payments,Login Issue,Neutral,Medium,Pending,41.8,4.1
TKT501540,2025-06-15,Chat,Mobile App,Card Issue,Positive,Medium,Resolved,23.8,4.2
TKT509183,2025-06-15,Phone,Payments,Account Access,Neutral,High,Pending,35.3,4.0
TKT509393,2025-06-15,Chat,Account,Refund Delay,Negative,High,Resolved,25.8,2.1
TKT510523,2025-06-15,Social,Cards,Payment Failed,Neutral,Medium,Pending,30.2,3.3
TKT510807,2025-06-15,Phone,Loans,Card Issue,Negative,Medium,Pending,39.6,2.4
TKT507374,2025-06-15,Email,Loans,Account Access,Negative,Medium,Pending,40.5,2.4
TKT503257,2025-06-15,Chat,Loans,Payment Failed,Negative,High,Pending,31.0,1.7
TKT504590,2025-06-15,Phone,Mobile App,Payment Failed,Negative,Critical,Pending,43.5,2.6
TKT505395,2025-06-15,Phone,Loans,Payment Failed,Neutral,Low,Pending,31.1,3.5
TKT501554,2025-06-16,Email,Account,Card Issue,Negative,Medium,Pending,40.1,2.5
TKT509175,2025-06-16,Email,Mobile App,Loan Query,Negative,Low,Pending,50.3,1.8
TKT510452,2025-06-16,Chat,Loans,Card Issue,Negative,High,Pending,32.7,1.3
TKT506853,2025-06-16,Chat,Payments,Refund Delay,Neutral,Medium,Resolved,18.9,4.2
TKT508650,2025-06-16,Phone,Payments,Login Issue,Negative,Low,Pending,32.4,2.8
TKT504383,2025-06-16,Social,Cards,Payment Failed,Negative,Low,Pending,31.2,2.7
TKT506426,2025-06-16,Chat,Mobile App,Payment Failed,Negative,High,Pending,33.0,2.4
TKT504738,2025-06-16,Social,Payments,Account Access,Negative,Medium,Resolved,28.1,2.4
TKT509825,2025-06-16,Phone,Loans,Card Issue,Neutral,Medium,Pending,36.5,3.0
TKT509066,2025-06-16,Chat,Payments,Loan Query,Positive,Medium,Resolved,28.8,4.0
TKT504700,2025-06-16,Email,Account,Loan Query,Positive,Medium,Pending,42.4,2.6
TKT509377,2025-06-16,Chat,Mobile App,Refund Delay,Neutral,High,Resolved,21.2,4.4
TKT504230,2025-06-16,Chat,Loans,Login Issue,Negative,High,Pending,43.2,2.6
TKT505882,2025-06-16,Phone,Payments,Login Issue,Positive,Low,Resolved,25.1,3.6
TKT503783,2025-06-16,Social,Loans,Refund Delay,Neutral,Medium,Resolved,26.4,4.6
TKT508869,2025-06-16,Phone,Account,Payment Failed,Positive,Medium,Pending,30.5,3.5
TKT502563,2025-06-16,Chat,Loans,Card Issue,Neutral,Medium,Resolved,20.2,4.5
TKT508575,2025-06-16,Chat,Mobile App,Account Access,Negative,High,Resolved,26.0,2.9
TKT503341,2025-06-16,Chat,Loans,Login Issue,Negative,High,Resolved,22.2,2.6
TKT508267,2025-06-16,Chat,Account,Loan Query,Negative,Critical,Pending,35.3,1.6
TKT503519,2025-06-16,Phone,Cards,Refund Delay,Neutral,High,Resolved,28.1,3.2
TKT510982,2025-06-16,Social,Cards,Login Issue,Negative,Low,Pending,34.1,4.1
TKT508547,2025-06-16,Email,Mobile App,Account Access,Neutral,High,Pending,46.9,3.6
TKT501515,2025-06-17,Social,Cards,Login Issue,Negative,Medium,Resolved,27.8,1.5
TKT510777,2025-06-17,Phone,Payments,Payment Failed,Positive,Critical,Pending,52.9,4.4
TKT502246,2025-06-17,Chat,Account,Refund Delay,Neutral,Medium,Resolved,26.5,4.0
TKT510149,2025-06-17,Social,Account,Payment Failed,Negative,High,Resolved,29.1,1.9
TKT509146,2025-06-17,Phone,Mobile App,Account Access,Negative,Medium,Resolved,25.5,3.4
TKT509093,2025-06-17,Email,Mobile App,Login Issue,Neutral,Low,Pending,54.1,4.0
TKT505496,2025-06-17,Social,Payments,Card Issue,Positive,Low,Resolved,27.0,3.9
TKT504788,2025-06-17,Chat,Payments,Login Issue,Negative,High,Resolved,21.5,3.7
TKT510082,2025-06-17,Social,Mobile App,Payment Failed,Negative,Low,Resolved,27.8,2.6
TKT509482,2025-06-17,Email,Cards,App Bug,Negative,High,Pending,50.5,2.1
TKT508044,2025-06-17,Email,Account,Refund Delay,Neutral,Low,Pending,39.9,3.5
TKT507981,2025-06-17,Social,Cards,Login Issue,Positive,Medium,Resolved,26.2,3.5
TKT505841,2025-06-17,Chat,Payments,Login Issue,Negative,High,Resolved,19.9,1.1
TKT505378,2025-06-17,Chat,Loans,Card Issue,Positive,High,Resolved,28.1,3.9
TKT504344,2025-06-17,Phone,Mobile App,Payment Failed,Neutral,Low,Resolved,28.9,3.2
TKT506234,2025-06-17,Email,Account,Payment Failed,Negative,High,Escalated,57.1,2.2
TKT500006,2025-06-18,Chat,Mobile App,Payment Failed,Positive,Medium,Resolved,23.3,3.7
TKT505211,2025-06-18,Chat,Payments,App Bug,Negative,High,Resolved,27.5,2.5
TKT507577,2025-06-18,Phone,Account,Loan Query,Neutral,Medium,Resolved,29.9,5.0
TKT504351,2025-06-18,Email,Loans,Card Issue,Neutral,Medium,Pending,44.9,4.1
TKT502083,2025-06-18,Email,Account,Refund Delay,Positive,Critical,Pending,44.0,4.3
TKT510031,2025-06-18,Chat,Cards,Card Issue,Negative,Medium,Resolved,13.8,2.7
TKT500570,2025-06-18,Social,Payments,Payment Failed,Positive,Medium,Pending,34.5,4.8
TKT504338,2025-06-18,Email,Account,App Bug,Negative,Low,Pending,46.5,2.7
TKT504651,2025-06-18,Phone,Payments,Loan Query,Negative,High,Resolved,28.5,1.8
TKT510442,2025-06-18,Chat,Payments,Account Access,Negative,Low,Resolved,17.2,2.9
TKT510805,2025-06-18,Email,Cards,Refund Delay,Negative,Medium,Pending,38.8,3.6
TKT510131,2025-06-18,Email,Loans,Loan Query,Positive,High,Pending,45.2,3.9
TKT501269,2025-06-18,Email,Payments,Payment Failed,Positive,High,Pending,43.5,3.1
TKT510819,2025-06-18,Chat,Payments,Payment Failed,Negative,High,Resolved,24.7,1.7
TKT505680,2025-06-18,Chat,Payments,Card Issue,Neutral,Medium,Resolved,23.6,3.9
TKT505608,2025-06-18,Phone,Payments,Payment Failed,Negative,High,Pending,36.8,2.4
TKT504201,2025-06-18,Social,Mobile App,Account Access,Positive,Medium,Resolved,25.4,3.1
TKT510153,2025-06-18,Phone,Payments,Payment Failed,Negative,Medium,Resolved,22.0,1.6
TKT503165,2025-06-18,Chat,Loans,Loan Query,Positive,Low,Resolved,26.9,4.9
TKT510411,2025-06-18,Chat,Payments,Account Access,Neutral,Low,Pending,34.9,3.9
TKT504986,2025-06-18,Phone,Mobile App,Payment Failed,Negative,Low,Pending,39.5,1.5
TKT505015,2025-06-18,Email,Loans,App Bug,Neutral,Medium,Pending,41.2,3.7
TKT501821,2025-06-18,Phone,Payments,Login Issue,Positive,Medium,Resolved,26.0,3.2
TKT501397,2025-06-18,Phone,Cards,Payment Failed,Negative,High,Pending,45.6,2.8
TKT506400,2025-06-19,Chat,Cards,Account Access,Positive,High,Pending,36.8,3.5
TKT510008,2025-06-19,Chat,Cards,Login Issue,Neutral,Medium,Resolved,19.8,2.8
TKT506822,2025-06-19,Phone,Mobile App,App Bug,Negative,High,Resolved,29.7,2.3
TKT510821,2025-06-19,Phone,Mobile App,Payment Failed,Positive,High,Resolved,29.9,4.0
TKT504842,2025-06-19,Email,Mobile App,App Bug,Neutral,High,Pending,51.4,4.9
TKT506149,2025-06-19,Phone,Mobile App,App Bug,Negative,Medium,Resolved,22.2,2.5
TKT507664,2025-06-19,Phone,Cards,App Bug,Positive,Low,Resolved,25.4,3.5
TKT503571,2025-06-19,Phone,Account,App Bug,Neutral,High,Pending,37.0,4.3
TKT501341,2025-06-19,Phone,Cards,Refund Delay,Negative,Low,Pending,37.0,3.3
TKT501153,2025-06-19,Social,Loans,Card Issue,Negative,High,Pending,35.5,2.0
TKT502830,2025-06-19,Chat,Payments,App Bug,Negative,Medium,Resolved,15.1,2.7
TKT501222,2025-06-19,Email,Account,Refund Delay,Negative,High,Pending,53.9,2.0
TKT508914,2025-06-19,Social,Payments,Login Issue,Neutral,Low,Resolved,23.4,4.3
TKT503969,2025-06-19,Email,Account,Card Issue,Negative,High,Escalated,55.9,1.5
TKT503674,2025-06-19,Phone,Payments,Refund Delay,Neutral,Low,Pending,30.1,3.4
TKT502245,2025-06-19,Chat,Mobile App,App Bug,Negative,High,Resolved,21.8,2.7
TKT507644,2025-06-20,Phone,Account,Payment Failed,Negative,Medium,Resolved,25.6,2.9
TKT507582,2025-06-20,Social,Mobile App,Loan Query,Negative,High,Pending,36.9,3.0
TKT510036,2025-06-20,Chat,Payments,Account Access,Negative,High,Pending,36.2,1.9
TKT501109,2025-06-20,Social,Loans,Refund Delay,Positive,High,Pending,31.7,4.4
TKT505223,2025-06-20,Chat,Mobile App,Payment Failed,Neutral,Critical,Pending,32.0,3.5
TKT501698,2025-06-20,Chat,Payments,Login Issue,Positive,Low,Resolved,29.6,3.8
TKT506654,2025-06-20,Phone,Mobile App,Card Issue,Neutral,Low,Resolved,27.2,4.3
TKT506360,2025-06-20,Phone,Mobile App,Account Access,Negative,High,Pending,32.3,2.5
TKT506421,2025-06-20,Email,Account,Card Issue,Negative,Low,Pending,35.4,3.0
TKT509714,2025-06-20,Email,Loans,Card Issue,Neutral,Low,Pending,43.4,3.2
TKT501385,2025-06-20,Phone,Payments,Refund Delay,Positive,Low,Resolved,18.3,4.0
TKT500586,2025-06-20,Phone,Loans,Loan Query,Neutral,High,Pending,32.9,4.2
TKT501909,2025-06-20,Phone,Payments,Login Issue,Neutral,Medium,Resolved,26.2,3.7
TKT510990,2025-06-20,Email,Account,Account Access,Negative,Medium,Pending,34.1,1.9
TKT504528,2025-06-21,Social,Payments,Login Issue,Neutral,Critical,Pending,41.1,4.2
TKT511805,2025-06-21,Phone,Account,Payment Failed,Positive,Low,Resolved,23.6,4.1
TKT509138,2025-06-21,Social,Mobile App,App Bug,Negative,High,Pending,30.1,1.4
TKT510824,2025-06-21,Chat,Mobile App,Login Issue,Negative,High,Pending,34.0,2.7
TKT503030,2025-06-21,Social,Loans,Login Issue,Positive,Low,Resolved,25.8,4.0
TKT503579,2025-06-21,Chat,Loans,App Bug,Positive,Medium,Resolved,15.4,3.8
TKT511316,2025-06-21,Email,Loans,Login Issue,Negative,High,Pending,48.9,2.6
TKT505064,2025-06-21,Phone,Payments,Account Access,Positive,Critical,Pending,33.6,3.0
TKT508081,2025-06-21,Phone,Cards,Refund Delay,Neutral,Low,Pending,38.4,3.3
TKT511268,2025-06-21,Chat,Cards,Payment Failed,Negative,Low,Resolved,25.2,3.3
TKT503458,2025-06-21,Email,Payments,Card Issue,Negative,Low,Pending,32.1,2.2
TKT504970,2025-06-21,Chat,Payments,Card Issue,Positive,Medium,Resolved,28.2,3.8
TKT506210,2025-06-21,Chat,Loans,Login Issue,Neutral,Low,Resolved,14.5,3.9
TKT501166,2025-06-21,Email,Loans,Login Issue,Neutral,Medium,Pending,49.5,3.8
TKT505062,2025-06-21,Email,Account,Login Issue,Negative,High,Pending,51.6,1.9
TKT505037,2025-06-21,Chat,Loans,Payment Failed,Positive,Critical,Resolved,27.7,4.8
TKT510420,2025-06-21,Email,Cards,Loan Query,Negative,High,Pending,51.1,3.3
TKT505093,2025-06-22,Social,Cards,Loan Query,Positive,Medium,Resolved,27.4,4.2
TKT504644,2025-06-22,Phone,Loans,Refund Delay,Positive,High,Resolved,26.9,3.9
TKT511248,2025-06-22,Phone,Mobile App,Card Issue,Positive,Medium,Resolved,23.0,3.3
TKT511591,2025-06-22,Chat,Mobile App,Card Issue,Negative,High,Pending,38.2,1.9
TKT511176,2025-06-22,Chat,Mobile App,Payment Failed,Negative,High,Pending,36.3,3.2
TKT511571,2025-06-22,Social,Account,Payment Failed,Neutral,High,Pending,33.4,4.2
TKT511078,2025-06-22,Chat,Cards,Payment Failed,Negative,Low,Resolved,15.7,3.5
TKT504985,2025-06-22,Chat,Account,Login Issue,Neutral,Critical,Resolved,29.5,4.4
TKT503259,2025-06-22,Social,Payments,Refund Delay,Neutral,Medium,Pending,33.2,3.2
TKT504304,2025-06-22,Social,Loans,Card Issue,Negative,Medium,Resolved,21.7,2.7
TKT503792,2025-06-22,Email,Account,Refund Delay,Negative,High,Pending,44.2,2.3
TKT502695,2025-06-22,Email,Mobile App,Account Access,Negative,High,Pending,47.5,2.6
TKT507550,2025-06-22,Phone,Payments,App Bug,Negative,Low,Resolved,21.0,3.1
TKT506971,2025-06-22,Chat,Cards,Payment Failed,Negative,Medium,Resolved,24.6,2.4
TKT500058,2025-06-22,Email,Payments,Login Issue,Negative,High,Pending,46.1,2.2
TKT509177,2025-06-22,Chat,Account,Payment Failed,Negative,Critical,Pending,38.0,2.6
TKT509176,2025-06-22,Email,Cards,Login Issue,Positive,Medium,Pending,44.4,3.4
TKT501791,2025-06-22,Phone,Loans,Payment Failed,Negative,Low,Resolved,21.6,2.9
TKT503591,2025-06-22,Email,Mobile App,Card Issue,Negative,High,Pending,50.9,2.2
TKT509809,2025-06-22,Chat,Mobile App,Account Access,Positive,Low,Resolved,12.7,3.5
TKT503677,2025-06-22,Social,Payments,Loan Query,Positive,High,Pending,31.3,3.6
TKT509480,2025-06-22,Social,Cards,Refund Delay,Neutral,Medium,Resolved,27.3,4.1
TKT504987,2025-06-23,Email,Payments,Payment Failed,Negative,Critical,Escalated,61.3,2.3
TKT506833,2025-06-23,Chat,Account,Card Issue,Positive,Low,Resolved,17.3,3.1
TKT504988,2025-06-23,Email,Payments,Payment Failed,Negative,Low,Pending,45.1,1.9
TKT506386,2025-06-23,Email,Cards,Login Issue,Negative,Medium,Pending,33.7,2.8
TKT500091,2025-06-23,Phone,Mobile App,Payment Failed,Negative,High,Pending,38.4,1.9
TKT508115,2025-06-23,Chat,Payments,Refund Delay,Neutral,Low,Resolved,21.8,3.5
TKT505809,2025-06-23,Email,Account,Account Access,Positive,Medium,Escalated,58.4,3.2
TKT510837,2025-06-23,Chat,Mobile App,Loan Query,Negative,Medium,Resolved,17.7,2.8
TKT508227,2025-06-23,Email,Payments,Refund Delay,Neutral,High,Pending,42.2,3.1
TKT505161,2025-06-23,Social,Account,Payment Failed,Negative,High,Pending,42.9,2.1
TKT505623,2025-06-23,Chat,Loans,Login Issue,Neutral,Low,Resolved,21.9,3.4
TKT501411,2025-06-23,Email,Mobile App,App Bug,Neutral,Low,Pending,43.7,4.3
TKT510723,2025-06-23,Chat,Account,Refund Delay,Positive,Low,Resolved,25.5,4.5
TKT510594,2025-06-23,Social,Payments,Payment Failed,Neutral,Low,Pending,42.7,4.2
TKT505274,2025-06-23,Chat,Mobile App,Refund Delay,Neutral,Medium,Resolved,14.4,3.9
TKT508324,2025-06-23,Email,Mobile App,Card Issue,Neutral,Medium,Pending,39.6,3.5
TKT509868,2025-06-23,Chat,Mobile App,App Bug,Neutral,High,Pending,31.4,4.8
TKT508559,2025-06-23,Email,Cards,Card Issue,Neutral,Medium,Pending,38.6,3.5
TKT508188,2025-06-23,Email,Loans,Card Issue,Neutral,High,Pending,48.2,3.9
TKT502627,2025-06-23,Email,Mobile App,Refund Delay,Positive,Medium,Pending,50.6,3.3
TKT508767,2025-06-23,Social,Loans,Login Issue,Neutral,Medium,Resolved,27.4,3.6
TKT502786,2025-06-23,Chat,Mobile App,Card Issue,Positive,High,Resolved,23.9,4.3
TKT505979,2025-06-23,Chat,Mobile App,Refund Delay,Negative,High,Pending,43.4,2.1
TKT504125,2025-06-23,Chat,Account,Refund Delay,Neutral,Low,Resolved,17.8,3.5
TKT500951,2025-06-23,Phone,Account,Loan Query,Negative,High,Pending,38.9,1.7
TKT507466,2025-06-23,Email,Payments,Payment Failed,Positive,High,Pending,47.0,3.6
TKT506100,2025-06-23,Phone,Mobile App,Login Issue,Negative,Low,Pending,40.1,2.3
TKT507465,2025-06-23,Chat,Account,Login Issue,Positive,High,Resolved,25.7,3.0
TKT504691,2025-06-23,Phone,Cards,Login Issue,Negative,Critical,Pending,34.4,2.4
TKT507658,2025-06-23,Email,Cards,Login Issue,Neutral,Low,Pending,41.9,3.1
TKT507396,2025-06-23,Chat,Payments,Payment Failed,Neutral,Critical,Pending,31.2,2.7
TKT506141,2025-06-23,Email,Cards,Payment Failed,Negative,Critical,Escalated,55.4,3.3
TKT509184,2025-06-23,Email,Mobile App,Loan Query,Positive,Medium,Pending,35.6,4.3
TKT500060,2025-06-23,Chat,Account,App Bug,Neutral,Medium,Pending,30.5,3.2
TKT507811,2025-06-23,Email,Payments,Card Issue,Positive,Low,Pending,52.2,4.6
TKT507581,2025-06-24,Email,Account,Account Access,Negative,High,Pending,47.4,2.7
TKT507417,2025-06-24,Email,Account,Card Issue,Neutral,Medium,Pending,38.8,3.0
TKT510407,2025-06-24,Email,Mobile App,Loan Query,Positive,Critical,Pending,52.5,4.2
TKT501557,2025-06-24,Phone,Payments,Card Issue,Negative,High,Resolved,27.2,2.5
TKT502261,2025-06-24,Social,Mobile App,Card Issue,Positive,Medium,Pending,35.8,2.6
TKT511136,2025-06-24,Phone,Mobile App,Login Issue,Negative,High,Pending,40.7,3.0
TKT500633,2025-06-24,Phone,Cards,Refund Delay,Positive,High,Pending,39.5,4.3
TKT504660,2025-06-24,Phone,Account,Account Access,Positive,High,Pending,30.6,3.6
TKT501885,2025-06-24,Phone,Account,Payment Failed,Negative,Low,Pending,34.6,2.4
TKT500991,2025-06-24,Phone,Loans,Login Issue,Neutral,High,Pending,33.8,3.5
TKT510858,2025-06-24,Social,Account,Refund Delay,Negative,Medium,Resolved,26.9,2.3
TKT507119,2025-06-24,Email,Cards,Refund Delay,Neutral,Medium,Escalated,55.5,3.4
TKT504745,2025-06-24,Phone,Mobile App,Card Issue,Positive,Medium,Pending,45.0,3.6
TKT501063,2025-06-24,Email,Mobile App,App Bug,Negative,High,Pending,47.6,2.7
TKT506218,2025-06-24,Phone,Account,Account Access,Positive,Low,Resolved,23.8,4.0
TKT511344,2025-06-24,Social,Account,Card Issue,Neutral,High,Pending,30.3,2.4
TKT510769,2025-06-24,Chat,Account,Refund Delay,Positive,Low,Resolved,26.2,4.4
TKT505848,2025-06-24,Phone,Cards,App Bug,Negative,High,Pending,31.6,2.1
TKT502333,2025-06-24,Phone,Mobile App,Card Issue,Positive,Critical,Pending,34.7,5.0
TKT510160,2025-06-24,Email,Account,App Bug,Positive,High,Pending,39.3,3.9
TKT501676,2025-06-24,Phone,Account,Card Issue,Neutral,High,Pending,43.4,4.7
TKT501712,2025-06-24,Chat,Payments,Login Issue,Negative,High,Pending,41.1,2.8
TKT501622,2025-06-25,Email,Account,Card Issue,Neutral,Medium,Pending,40.0,4.7
TKT500908,2025-06-25,Phone,Loans,Card Issue,Neutral,Low,Resolved,19.9,3.9
TKT508972,2025-06-25,Phone,Mobile App,Card Issue,Positive,Medium,Resolved,19.9,3.4
TKT500799,2025-06-25,Chat,Cards,Refund Delay,Positive,Medium,Resolved,17.5,3.9
TKT511844,2025-06-25,Email,Loans,Card Issue,Neutral,Low,Pending,34.1,3.4
TKT507886,2025-06-25,Email,Mobile App,App Bug,Negative,Medium,Pending,45.3,2.3
TKT500242,2025-06-25,Chat,Mobile App,Payment Failed,Neutral,High,Resolved,28.3,4.1
TKT509792,2025-06-25,Email,Loans,Account Access,Negative,High,Pending,38.5,2.8
TKT502722,2025-06-25,Phone,Mobile App,Card Issue,Negative,Medium,Resolved,26.0,2.8
TKT503232,2025-06-25,Social,Mobile App,Account Access,Negative,Medium,Resolved,27.2,2.1
TKT508564,2025-06-25,Social,Payments,Refund Delay,Negative,Medium,Resolved,21.8,3.3
TKT506431,2025-06-25,Chat,Mobile App,Refund Delay,Positive,Low,Resolved,22.3,2.7
TKT510005,2025-06-25,Chat,Account,Account Access,Negative,High,Resolved,21.7,3.0
TKT503291,2025-06-25,Phone,Cards,App Bug,Neutral,High,Resolved,27.6,3.9
TKT506718,2025-06-25,Chat,Account,Payment Failed,Negative,Critical,Resolved,27.7,2.2
TKT508148,2025-06-25,Phone,Loans,Account Access,Neutral,Medium,Pending,38.3,4.0
TKT503117,2025-06-25,Chat,Loans,Card Issue,Positive,Critical,Resolved,29.5,3.5
TKT509573,2025-06-25,Phone,Mobile App,Payment Failed,Positive,Medium,Pending,49.5,3.5
TKT505351,2025-06-25,Email,Account,Card Issue,Negative,Medium,Pending,51.2,2.8
TKT511587,2025-06-25,Phone,Account,Refund Delay,Negative,High,Pending,32.2,2.7
TKT503240,2025-06-25,Chat,Mobile App,Card Issue,Positive,High,Pending,43.8,2.5
TKT501903,2025-06-25,Chat,Cards,Loan Query,Neutral,Low,Resolved,26.1,3.2
TKT503324,2025-06-25,Email,Account,Card Issue,Positive,Low,Escalated,71.4,2.9
TKT504643,2025-06-26,Chat,Payments,Login Issue,Positive,Medium,Resolved,20.7,3.3
TKT500150,2025-06-26,Email,Payments,Login Issue,Negative,High,Pending,41.6,2.8
TKT511934,2025-06-26,Email,Loans,Payment Failed,Negative,Critical,Escalated,65.3,2.4
TKT506188,2025-06-26,Social,Payments,Payment Failed,Negative,Medium,Resolved,29.2,1.6
TKT506646,2025-06-26,Chat,Loans,Loan Query,Positive,Medium,Resolved,15.8,4.2
TKT505373,2025-06-26,Email,Loans,App Bug,Positive,Medium,Pending,53.3,3.7
TKT508806,2025-06-26,Email,Payments,Loan Query,Positive,Low,Pending,48.5,3.0
TKT502267,2025-06-26,Phone,Mobile App,Login Issue,Negative,Low,Resolved,28.9,1.4
TKT500254,2025-06-26,Email,Mobile App,Login Issue,Neutral,Medium,Pending,38.9,5.0
TKT502527,2025-06-26,Chat,Payments,Loan Query,Positive,Medium,Resolved,16.5,3.6
TKT503246,2025-06-26,Phone,Loans,Account Access,Positive,Medium,Resolved,27.5,3.4
TKT506024,2025-06-26,Social,Mobile App,Login Issue,Negative,Low,Resolved,27.3,3.3
TKT501541,2025-06-26,Social,Loans,App Bug,Negative,High,Pending,36.8,2.2
TKT504493,2025-06-26,Phone,Mobile App,Login Issue,Neutral,High,Pending,32.4,3.5
TKT508450,2025-06-26,Phone,Mobile App,Card Issue,Negative,High,Pending,32.3,2.2
TKT502622,2025-06-26,Chat,Payments,Login Issue,Positive,Medium,Resolved,19.7,3.4
TKT503192,2025-06-26,Phone,Mobile App,Refund Delay,Positive,High,Pending,34.2,4.0
TKT504714,2025-06-26,Chat,Payments,Loan Query,Positive,High,Resolved,21.3,3.3
TKT501934,2025-06-26,Chat,Account,Loan Query,Positive,Critical,Resolved,29.1,3.5
TKT508152,2025-06-26,Phone,Mobile App,Loan Query,Negative,Medium,Resolved,22.9,1.6
TKT507044,2025-06-26,Phone,Mobile App,Card Issue,Negative,Medium,Resolved,25.9,3.3
TKT504055,2025-06-26,Email,Mobile App,Account Access,Neutral,Low,Pending,37.2,4.0
TKT508209,2025-06-26,Email,Mobile App,App Bug,Negative,Low,Pending,41.5,2.6
TKT505168,2025-06-26,Email,Account,Login Issue,Negative,High,Pending,45.4,2.3
TKT509167,2025-06-26,Social,Loans,Login Issue,Positive,Medium,Pending,33.0,3.7
TKT507329,2025-06-26,Email,Mobile App,Account Access,Positive,High,Pending,54.9,4.5
TKT511077,2025-06-26,Phone,Loans,Refund Delay,Negative,Medium,Pending,31.0,2.5
TKT502906,2025-06-26,Social,Payments,Login Issue,Neutral,Medium,Pending,41.3,5.0
TKT500018,2025-06-26,Phone,Cards,Login Issue,Neutral,Medium,Resolved,27.3,4.8
TKT511085,2025-06-26,Phone,Account,Card Issue,Negative,Medium,Pending,44.2,2.6
TKT505585,2025-06-26,Chat,Account,Loan Query,Positive,High,Pending,32.4,2.7
TKT507137,2025-06-26,Chat,Mobile App,Payment Failed,Negative,Medium,Pending,35.5,2.9
TKT500279,2025-06-27,Phone,Loans,Card Issue,Neutral,Medium,Resolved,24.7,3.3
TKT503445,2025-06-27,Chat,Payments,Refund Delay,Neutral,Medium,Resolved,15.6,3.7
TKT503641,2025-06-27,Email,Mobile App,Refund Delay,Neutral,High,Pending,53.9,4.1
TKT508266,2025-06-27,Social,Mobile App,Account Access,Positive,Low,Resolved,21.8,3.9
TKT505830,2025-06-27,Chat,Cards,Payment Failed,Positive,Medium,Resolved,25.4,3.5
TKT500097,2025-06-27,Chat,Account,Login Issue,Negative,Medium,Resolved,19.7,3.6
TKT506051,2025-06-27,Chat,Loans,Payment Failed,Neutral,Critical,Resolved,28.5,4.4
TKT506042,2025-06-27,Social,Account,App Bug,Negative,Low,Pending,32.2,1.3
TKT511796,2025-06-27,Chat,Account,App Bug,Negative,Low,Resolved,17.8,2.0
TKT507912,2025-06-27,Chat,Cards,Login Issue,Neutral,Low,Resolved,21.6,4.3
TKT506798,2025-06-27,Chat,Mobile App,Payment Failed,Negative,High,Resolved,23.4,3.0
TKT507410,2025-06-27,Social,Mobile App,Payment Failed,Neutral,Critical,Pending,33.5,3.8
TKT503685,2025-06-27,Chat,Loans,Login Issue,Negative,Medium,Resolved,29.5,2.4
TKT501470,2025-06-27,Social,Mobile App,Login Issue,Negative,Low,Resolved,28.3,3.1
TKT505949,2025-06-27,Chat,Cards,Refund Delay,Negative,High,Pending,34.4,3.2
TKT503606,2025-06-27,Social,Account,Card Issue,Negative,High,Pending,36.9,3.6
TKT501621,2025-06-27,Email,Payments,Loan Query,Positive,Low,Pending,39.9,3.0
TKT502750,2025-06-27,Email,Account,Account Access,Neutral,High,Pending,44.8,4.6
TKT511280,2025-06-27,Email,Account,App Bug,Positive,High,Pending,42.8,3.9
TKT507593,2025-06-28,Social,Account,Account Access,Negative,Medium,Resolved,21.6,2.3
TKT510754,2025-06-28,Phone,Loans,Login Issue,Negative,High,Pending,42.2,2.1
TKT507686,2025-06-28,Chat,Loans,Payment Failed,Neutral,Medium,Resolved,26.7,3.9
TKT510404,2025-06-28,Chat,Payments,Account Access,Positive,High,Resolved,28.3,3.5
TKT509199,2025-06-28,Phone,Payments,Account Access,Negative,Medium,Resolved,23.8,3.0
TKT510771,2025-06-28,Chat,Cards,Card Issue,Neutral,Medium,Resolved,26.1,2.5
TKT501599,2025-06-28,Email,Loans,Card Issue,Negative,Low,Pending,42.6,2.5
TKT507993,2025-06-28,Social,Mobile App,Payment Failed,Neutral,High,Pending,41.5,3.5
TKT510729,2025-06-28,Chat,Cards,Payment Failed,Negative,High,Resolved,23.6,2.3
TKT502141,2025-06-28,Social,Payments,Login Issue,Negative,Low,Resolved,20.7,3.2
TKT508086,2025-06-28,Chat,Mobile App,Login Issue,Neutral,Medium,Pending,31.8,3.6
TKT500808,2025-06-28,Social,Cards,Login Issue,Negative,High,Pending,31.9,1.4
TKT510007,2025-06-28,Chat,Payments,Payment Failed,Neutral,Critical,Pending,44.3,3.9
TKT509135,2025-06-28,Chat,Payments,Card Issue,Positive,Medium,Resolved,23.7,4.2
TKT502823,2025-06-28,Email,Account,Card Issue,Neutral,Medium,Pending,33.1,3.3
TKT508535,2025-06-28,Email,Payments,Login Issue,Neutral,Medium,Pending,44.7,3.2
TKT505788,2025-06-28,Email,Cards,Login Issue,Negative,Low,Pending,38.1,2.9
TKT509017,2025-06-28,Social,Cards,Payment Failed,Neutral,Medium,Pending,30.9,3.9
TKT511958,2025-06-28,Phone,Cards,Card Issue,Positive,Medium,Resolved,25.2,3.5
TKT501733,2025-06-28,Chat,Account,Account Access,Positive,Medium,Resolved,18.5,4.7
TKT509513,2025-06-28,Phone,Payments,Loan Query,Negative,Medium,Resolved,21.5,2.7
TKT504465,2025-06-28,Email,Mobile App,Login Issue,Positive,Low,Pending,48.9,2.9
TKT505095,2025-06-29,Chat,Mobile App,Payment Failed,Positive,High,Resolved,25.6,3.3
TKT500234,2025-06-29,Chat,Payments,App Bug,Positive,Low,Resolved,23.8,3.7
TKT505008,2025-06-29,Chat,Mobile App,Refund Delay,Negative,High,Resolved,27.5,2.6
TKT507018,2025-06-29,Chat,Account,Refund Delay,Positive,High,Resolved,24.4,3.9
TKT502983,2025-06-29,Phone,Payments,Card Issue,Neutral,Low,Resolved,23.6,4.7
TKT510086,2025-06-29,Phone,Cards,Card Issue,Negative,High,Pending,32.9,2.9
TKT502300,2025-06-29,Chat,Mobile App,App Bug,Negative,Low,Resolved,13.4,2.6
TKT500998,2025-06-29,Chat,Account,Payment Failed,Neutral,Low,Resolved,26.4,3.2
TKT503566,2025-06-29,Email,Mobile App,Loan Query,Negative,High,Pending,46.2,2.2
TKT510781,2025-06-29,Chat,Mobile App,Refund Delay,Positive,Medium,Pending,48.4,4.6
TKT506846,2025-06-29,Chat,Mobile App,Account Access,Negative,Medium,Resolved,20.0,3.1
TKT502105,2025-06-29,Phone,Mobile App,Login Issue,Negative,High,Pending,41.7,2.5
TKT511117,2025-06-29,Social,Account,App Bug,Negative,High,Pending,31.7,2.5
TKT506761,2025-06-29,Phone,Mobile App,Account Access,Negative,High,Pending,31.2,1.9
TKT510316,2025-06-29,Social,Mobile App,Card Issue,Negative,Medium,Resolved,28.3,2.6
TKT505886,2025-06-29,Chat,Mobile App,Refund Delay,Neutral,High,Pending,33.3,4.1
TKT500619,2025-06-29,Phone,Account,App Bug,Neutral,High,Resolved,29.4,4.1
TKT510185,2025-06-29,Phone,Loans,Login Issue,Neutral,Medium,Pending,30.6,4.9
TKT507304,2025-06-29,Chat,Mobile App,Login Issue,Negative,High,Resolved,23.7,2.7
TKT508168,2025-06-29,Email,Cards,Payment Failed,Negative,Medium,Pending,38.6,3.0
TKT504742,2025-06-29,Email,Payments,Loan Query,Positive,Medium,Pending,47.0,4.3
TKT502438,2025-06-29,Social,Loans,Loan Query,Positive,Low,Resolved,29.0,3.5
TKT504605,2025-06-30,Chat,Payments,Account Access,Positive,High,Resolved,22.8,4.0
TKT509052,2025-06-30,Email,Mobile App,Payment Failed,Negative,High,Pending,54.7,3.7
TKT506567,2025-06-30,Chat,Loans,Login Issue,Positive,Medium,Resolved,21.6,3.4
TKT504052,2025-06-30,Phone,Mobile App,Login Issue,Negative,High,Pending,37.0,2.6
TKT509832,2025-06-30,Phone,Payments,Account Access,Neutral,Medium,Resolved,19.7,3.2
TKT509352,2025-06-30,Chat,Payments,Loan Query,Positive,High,Pending,36.6,3.7
TKT508271,2025-06-30,Email,Account,Account Access,Neutral,Medium,Pending,34.4,2.8
TKT508631,2025-06-30,Chat,Mobile App,App Bug,Neutral,High,Resolved,23.5,3.1
TKT504436,2025-06-30,Social,Mobile App,Account Access,Negative,High,Pending,32.0,2.3
TKT509651,2025-06-30,Email,Mobile App,Payment Failed,Negative,Medium,Pending,38.0,1.4
TKT504812,2025-06-30,Chat,Payments,Payment Failed,Positive,Low,Resolved,17.1,3.5
TKT505023,2025-06-30,Email,Mobile App,Login Issue,Negative,High,Pending,51.0,3.2
TKT503201,2025-06-30,Email,Cards,App Bug,Positive,High,Pending,50.8,2.9
TKT502123,2025-06-30,Chat,Account,Login Issue,Negative,Medium,Resolved,25.5,2.5
TKT511799,2025-06-30,Chat,Cards,Login Issue,Negative,High,Resolved,26.3,3.2
TKT500548,2025-06-30,Chat,Mobile App,Account Access,Positive,High,Pending,40.5,4.3
TKT505172,2025-07-01,Email,Account,Account Access,Positive,Medium,Pending,46.5,3.8
TKT506417,2025-07-01,Social,Account,Card Issue,Negative,Medium,Resolved,22.7,3.2
TKT500378,2025-07-01,Social,Mobile App,Payment Failed,Negative,High,Pending,36.0,2.3
TKT508573,2025-07-01,Phone,Account,Refund Delay,Negative,Medium,Resolved,24.7,3.0
TKT503001,2025-07-01,Phone,Account,Login Issue,Neutral,Medium,Resolved,20.5,2.9
TKT507312,2025-07-01,Chat,Payments,Login Issue,Negative,Medium,Pending,36.2,2.0
TKT504368,2025-07-01,Phone,Account,App Bug,Negative,High,Resolved,29.7,2.2
TKT504567,2025-07-01,Email,Loans,Login Issue,Negative,High,Pending,45.1,2.9
TKT502139,2025-07-01,Chat,Mobile App,Loan Query,Positive,Medium,Pending,43.0,4.9
TKT503108,2025-07-01,Email,Loans,Payment Failed,Positive,Critical,Pending,48.0,3.5
TKT503597,2025-07-01,Chat,Payments,Loan Query,Positive,High,Pending,40.3,3.9
TKT500830,2025-07-01,Chat,Account,Payment Failed,Negative,Critical,Pending,37.1,2.3
TKT505240,2025-07-01,Chat,Cards,Loan Query,Positive,High,Pending,40.0,3.4
TKT502822,2025-07-01,Chat,Account,Card Issue,Positive,Medium,Resolved,21.5,2.9
TKT501559,2025-07-01,Email,Account,Loan Query,Neutral,High,Pending,40.4,3.6
TKT508381,2025-07-01,Phone,Payments,Account Access,Negative,Low,Resolved,24.0,2.0
TKT510467,2025-07-01,Phone,Account,Card Issue,Positive,Medium,Pending,34.2,3.6
TKT506649,2025-07-01,Phone,Mobile App,Payment Failed,Negative,High,Resolved,28.1,2.7
TKT503362,2025-07-01,Chat,Account,Refund Delay,Negative,High,Pending,33.0,2.7
TKT503416,2025-07-01,Social,Mobile App,Payment Failed,Positive,Low,Resolved,25.9,3.9
TKT510396,2025-07-01,Phone,Account,Payment Failed,Positive,Medium,Pending,41.6,4.8
TKT510513,2025-07-01,Chat,Loans,Loan Query,Neutral,Low,Pending,30.3,3.3
TKT504953,2025-07-01,Phone,Payments,Card Issue,Negative,Medium,Pending,36.6,2.7
TKT502784,2025-07-01,Email,Payments,Login Issue,Negative,High,Escalated,56.0,3.3
TKT507398,2025-07-01,Email,Account,Loan Query,Neutral,Medium,Pending,51.3,4.0
TKT500717,2025-07-01,Chat,Cards,Account Access,Neutral,High,Pending,34.0,3.5
TKT504804,2025-07-02,Phone,Payments,Loan Query,Neutral,Low,Pending,39.5,3.1
TKT501300,2025-07-02,Chat,Cards,Card Issue,Negative,High,Resolved,28.5,2.3
TKT507803,2025-07-02,Email,Account,Payment Failed,Neutral,High,Pending,43.6,3.0
TKT511439,2025-07-02,Email,Loans,Card Issue,Negative,High,Pending,43.5,2.4
TKT503107,2025-07-02,Chat,Payments,Account Access,Positive,Medium,Resolved,27.8,3.3
TKT504374,2025-07-02,Email,Loans,Account Access,Negative,High,Pending,43.8,2.9
TKT504854,2025-07-02,Chat,Account,Card Issue,Neutral,High,Pending,35.4,3.7
TKT506239,2025-07-02,Chat,Loans,Account Access,Negative,High,Pending,33.1,3.6
TKT504032,2025-07-02,Social,Account,App Bug,Neutral,High,Pending,35.6,3.8
TKT503337,2025-07-02,Phone,Cards,Refund Delay,Negative,Medium,Pending,40.1,3.1
TKT511941,2025-07-02,Phone,Cards,Refund Delay,Negative,High,Pending,32.2,2.3
TKT508667,2025-07-02,Email,Mobile App,Payment Failed,Negative,Low,Pending,43.1,2.4
TKT509071,2025-07-02,Phone,Account,Card Issue,Positive,High,Pending,31.6,4.7
TKT503643,2025-07-02,Chat,Payments,Payment Failed,Positive,High,Pending,30.1,2.3
TKT502715,2025-07-02,Chat,Mobile App,Loan Query,Neutral,High,Pending,33.0,3.3
TKT500890,2025-07-02,Social,Payments,Payment Failed,Neutral,Low,Resolved,25.7,4.4
TKT501441,2025-07-02,Phone,Mobile App,Payment Failed,Negative,Critical,Pending,34.2,2.9
TKT508251,2025-07-02,Email,Payments,Payment Failed,Negative,Critical,Pending,47.4,2.3
TKT506544,2025-07-02,Email,Cards,Payment Failed,Negative,Low,Pending,53.6,2.9
TKT504355,2025-07-02,Phone,Cards,Refund Delay,Negative,High,Resolved,29.5,2.5
TKT505066,2025-07-02,Chat,Account,Payment Failed,Negative,High,Resolved,21.0,2.5
TKT503833,2025-07-02,Social,Payments,Login Issue,Neutral,Medium,Resolved,23.0,4.8
TKT507774,2025-07-02,Phone,Cards,Refund Delay,Negative,Low,Pending,34.9,1.0
TKT511965,2025-07-02,Chat,Account,Loan Query,Negative,High,Resolved,29.8,1.4
TKT511775,2025-07-02,Email,Payments,App Bug,Negative,High,Pending,51.5,2.1
TKT504920,2025-07-02,Email,Mobile App,Card Issue,Negative,Medium,Pending,53.3,2.8
TKT507400,2025-07-02,Phone,Mobile App,App Bug,Negative,High,Resolved,29.1,2.7
TKT506963,2025-07-03,Chat,Payments,Account Access,Negative,High,Resolved,24.7,2.7
TKT509791,2025-07-03,Email,Payments,Card Issue,Negative,High,Escalated,66.0,2.1
TKT504576,2025-07-03,Social,Payments,Login Issue,Neutral,Medium,Resolved,28.6,4.6
TKT509554,2025-07-03,Chat,Payments,App Bug,Negative,Medium,Pending,30.0,1.8
TKT508499,2025-07-03,Phone,Loans,Refund Delay,Neutral,High,Pending,33.8,4.6
TKT508223,2025-07-03,Phone,Payments,App Bug,Neutral,Low,Resolved,27.2,3.8
TKT506857,2025-07-03,Phone,Mobile App,Login Issue,Neutral,Medium,Resolved,22.3,4.0
TKT500533,2025-07-03,Chat,Loans,Account Access,Neutral,Medium,Resolved,23.4,4.4
TKT505106,2025-07-03,Chat,Cards,Payment Failed,Negative,Critical,Resolved,27.2,1.8
TKT510866,2025-07-03,Email,Mobile App,Card Issue,Neutral,Medium,Escalated,60.9,3.5
TKT503649,2025-07-03,Chat,Payments,Payment Failed,Neutral,High,Resolved,23.1,3.5
TKT505118,2025-07-03,Chat,Payments,Payment Failed,Negative,High,Resolved,23.6,1.8
TKT505859,2025-07-03,Chat,Loans,App Bug,Negative,High,Resolved,25.6,2.1
TKT509588,2025-07-03,Phone,Cards,Payment Failed,Neutral,Low,Resolved,26.8,3.1
TKT505268,2025-07-03,Email,Mobile App,Account Access,Positive,Medium,Pending,44.1,4.2
TKT506253,2025-07-03,Social,Account,Payment Failed,Negative,Critical,Pending,45.1,3.3
TKT501098,2025-07-03,Social,Account,Login Issue,Neutral,High,Pending,30.5,3.5
TKT509827,2025-07-03,Chat,Payments,Card Issue,Neutral,Medium,Pending,31.2,3.6
TKT511828,2025-07-03,Phone,Mobile App,Payment Failed,Negative,Low,Resolved,22.3,3.1
TKT511306,2025-07-03,Social,Account,App Bug,Negative,Low,Resolved,21.8,2.3
TKT502284,2025-07-03,Phone,Account,Payment Failed,Negative,Critical,Pending,38.9,3.0
TKT504172,2025-07-04,Chat,Cards,Refund Delay,Neutral,Low,Pending,30.0,4.1
TKT504046,2025-07-04,Chat,Cards,App Bug,Neutral,Medium,Pending,48.2,3.7
TKT500885,2025-07-04,Chat,Payments,Card Issue,Neutral,Low,Resolved,22.1,3.2
TKT508024,2025-07-04,Phone,Mobile App,Account Access,Positive,High,Resolved,29.3,3.3
TKT509390,2025-07-04,Social,Cards,Refund Delay,Negative,High,Pending,40.3,3.4
TKT508722,2025-07-04,Phone,Mobile App,Payment Failed,Neutral,Medium,Pending,30.0,4.2
TKT503111,2025-07-04,Chat,Mobile App,Account Access,Neutral,Medium,Resolved,23.7,4.4
TKT501165,2025-07-04,Chat,Payments,Login Issue,Negative,High,Pending,31.3,2.3
TKT504016,2025-07-04,Phone,Loans,Account Access,Neutral,Low,Resolved,26.8,3.8
TKT506791,2025-07-04,Phone,Loans,Card Issue,Neutral,High,Pending,50.0,4.3
TKT500457,2025-07-04,Phone,Account,Payment Failed,Negative,High,Pending,36.7,3.0
TKT505235,2025-07-04,Social,Loans,Refund Delay,Negative,Low,Pending,32.4,3.8
TKT510917,2025-07-04,Chat,Mobile App,App Bug,Positive,Low,Resolved,13.5,4.2
TKT501603,2025-07-04,Social,Mobile App,Payment Failed,Neutral,Medium,Resolved,24.6,3.2
TKT503673,2025-07-04,Phone,Mobile App,Payment Failed,Negative,Medium,Pending,34.1,2.0
TKT505259,2025-07-04,Phone,Cards,Refund Delay,Neutral,High,Pending,38.0,3.4
TKT511835,2025-07-04,Email,Payments,App Bug,Neutral,Medium,Pending,39.6,3.3
TKT501810,2025-07-04,Social,Payments,Login Issue,Positive,Medium,Pending,35.5,2.3
TKT510466,2025-07-04,Phone,Mobile App,Account Access,Positive,Medium,Resolved,24.2,3.8
TKT510724,2025-07-05,Chat,Cards,App Bug,Negative,Low,Escalated,58.2,1.9
TKT507768,2025-07-05,Phone,Mobile App,Card Issue,Negative,High,Resolved,25.5,2.3
TKT511038,2025-07-05,Phone,Mobile App,Loan Query,Negative,High,Pending,32.9,2.8
TKT502760,2025-07-05,Phone,Cards,Card Issue,Neutral,Low,Resolved,29.2,2.5
TKT511048,2025-07-05,Chat,Payments,Payment Failed,Negative,Low,Resolved,29.4,2.8
TKT509185,2025-07-05,Chat,Mobile App,App Bug,Negative,Critical,Resolved,26.7,2.3
TKT510522,2025-07-05,Social,Mobile App,Refund Delay,Negative,High,Pending,39.0,3.5
TKT508598,2025-07-05,Phone,Payments,App Bug,Positive,Low,Pending,33.9,3.6
TKT500295,2025-07-05,Social,Mobile App,Login Issue,Neutral,High,Pending,36.0,3.6
TKT501475,2025-07-05,Social,Mobile App,Refund Delay,Positive,Medium,Resolved,29.6,3.6
TKT504889,2025-07-05,Phone,Account,Refund Delay,Positive,Medium,Resolved,26.3,3.9
TKT503941,2025-07-05,Email,Cards,App Bug,Positive,Low,Pending,44.1,3.7
TKT508278,2025-07-05,Email,Mobile App,Card Issue,Negative,Medium,Pending,46.3,2.1
TKT511155,2025-07-05,Phone,Account,Payment Failed,Negative,High,Pending,37.5,2.8
TKT508854,2025-07-05,Phone,Mobile App,Refund Delay,Positive,High,Pending,33.8,2.6
TKT502162,2025-07-05,Email,Cards,Login Issue,Negative,High,Pending,49.7,2.5
TKT501941,2025-07-05,Social,Loans,Account Access,Neutral,Medium,Pending,39.3,3.6
TKT508218,2025-07-05,Social,Mobile App,App Bug,Neutral,Critical,Pending,33.3,3.3
TKT508613,2025-07-05,Chat,Cards,Login Issue,Positive,Low,Resolved,16.9,2.5
TKT500309,2025-07-05,Email,Cards,Login Issue,Positive,Medium,Pending,35.9,3.5
TKT511404,2025-07-05,Email,Mobile App,Login Issue,Neutral,High,Pending,43.3,4.1
TKT500041,2025-07-05,Email,Loans,Card Issue,Negative,Low,Pending,43.1,3.1
TKT500263,2025-07-05,Social,Payments,Account Access,Neutral,Medium,Resolved,29.6,4.1
TKT506760,2025-07-05,Chat,Cards,Refund Delay,Positive,Medium,Resolved,27.6,4.2
TKT507369,2025-07-05,Social,Loans,App Bug,Negative,Medium,Pending,30.2,2.7
TKT511803,2025-07-05,Email,Mobile App,App Bug,Neutral,Critical,Escalated,58.2,3.9
TKT503838,2025-07-05,Email,Account,Card Issue,Neutral,Low,Pending,41.6,3.5
TKT504301,2025-07-05,Social,Mobile App,Refund Delay,Neutral,High,Pending,37.1,4.0
TKT502131,2025-07-05,Email,Mobile App,Loan Query,Negative,Medium,Pending,45.0,1.6
TKT505067,2025-07-05,Chat,Payments,Login Issue,Neutral,Medium,Resolved,19.9,3.9
TKT503745,2025-07-06,Chat,Mobile App,Account Access,Positive,Low,Resolved,21.1,3.5
TKT508981,2025-07-06,Phone,Loans,Login Issue,Neutral,Low,Resolved,29.0,3.7
TKT504120,2025-07-06,Chat,Account,App Bug,Positive,Medium,Resolved,18.3,3.2
TKT510911,2025-07-06,Chat,Payments,Login Issue,Negative,High,Resolved,26.9,2.8
TKT501848,2025-07-06,Chat,Cards,Card Issue,Neutral,Low,Resolved,25.1,3.2
TKT508030,2025-07-06,Email,Loans,Card Issue,Neutral,High,Pending,51.9,3.5
TKT506668,2025-07-06,Phone,Mobile App,Refund Delay,Positive,Low,Pending,34.2,3.8
TKT501398,2025-07-06,Email,Cards,Login Issue,Positive,High,Pending,37.4,4.0
TKT508745,2025-07-06,Social,Payments,Login Issue,Neutral,Medium,Pending,42.0,4.6
TKT508046,2025-07-06,Email,Payments,App Bug,Positive,High,Pending,44.6,4.0
TKT507746,2025-07-06,Chat,Payments,Login Issue,Neutral,High,Resolved,26.2,3.2
TKT503086,2025-07-06,Phone,Loans,Payment Failed,Neutral,High,Pending,39.9,3.9
TKT509882,2025-07-06,Social,Payments,Payment Failed,Negative,Medium,Resolved,21.4,3.3
TKT503735,2025-07-06,Chat,Payments,Payment Failed,Negative,High,Pending,33.4,3.1
TKT500505,2025-07-06,Chat,Mobile App,Login Issue,Neutral,Medium,Pending,30.8,3.4
TKT511970,2025-07-06,Email,Account,Refund Delay,Neutral,High,Pending,49.9,4.2
TKT503299,2025-07-06,Phone,Account,Loan Query,Negative,Critical,Pending,42.3,3.5
TKT509204,2025-07-06,Chat,Payments,Loan Query,Negative,Low,Pending,36.1,2.4
TKT505014,2025-07-06,Phone,Payments,Refund Delay,Positive,High,Pending,33.0,3.8
TKT501180,2025-07-06,Email,Payments,Refund Delay,Neutral,Medium,Pending,50.2,4.2
TKT509944,2025-07-06,Chat,Payments,Loan Query,Positive,Low,Resolved,26.7,3.7
TKT509036,2025-07-06,Social,Payments,App Bug,Negative,Low,Pending,39.8,1.1
TKT500732,2025-07-06,Phone,Loans,Loan Query,Positive,Medium,Resolved,22.0,4.0
TKT508401,2025-07-06,Email,Mobile App,Payment Failed,Neutral,Low,Pending,46.6,3.4
TKT509370,2025-07-06,Email,Cards,Refund Delay,Negative,Low,Pending,39.3,2.8
TKT501048,2025-07-07,Phone,Cards,Loan Query,Positive,Medium,Resolved,22.0,3.8
TKT507937,2025-07-07,Email,Mobile App,Card Issue,Neutral,Low,Pending,51.2,3.5
TKT503345,2025-07-07,Chat,Payments,Payment Failed,Negative,High,Resolved,26.2,2.7
TKT504140,2025-07-07,Email,Loans,Payment Failed,Neutral,High,Pending,51.3,3.9
TKT507805,2025-07-07,Email,Cards,Card Issue,Neutral,Medium,Pending,48.4,3.2
TKT511438,2025-07-07,Email,Payments,Refund Delay,Negative,Medium,Pending,46.7,2.9
TKT511356,2025-07-07,Email,Payments,Account Access,Neutral,Low,Pending,37.0,4.2
TKT503301,2025-07-07,Chat,Account,Loan Query,Positive,Low,Resolved,25.3,2.7
TKT505369,2025-07-07,Social,Mobile App,Refund Delay,Negative,High,Pending,31.3,3.0
TKT510391,2025-07-07,Phone,Mobile App,Refund Delay,Positive,Medium,Resolved,20.6,3.5
TKT500518,2025-07-07,Chat,Cards,Login Issue,Neutral,Medium,Resolved,16.5,2.8
TKT500702,2025-07-07,Social,Mobile App,Loan Query,Negative,High,Pending,52.8,2.0
TKT511509,2025-07-07,Email,Account,App Bug,Negative,Low,Pending,44.7,2.9
TKT501223,2025-07-07,Chat,Mobile App,App Bug,Negative,Medium,Resolved,28.8,3.0
TKT504612,2025-07-07,Social,Loans,Account Access,Neutral,Low,Resolved,26.9,4.2
TKT507573,2025-07-07,Email,Cards,Login Issue,Negative,High,Pending,45.9,2.0
TKT508212,2025-07-07,Social,Payments,Login Issue,Negative,Low,Resolved,27.9,2.5
TKT504950,2025-07-07,Chat,Loans,Account Access,Positive,High,Resolved,26.7,4.6
TKT503442,2025-07-07,Social,Account,Payment Failed,Negative,Critical,Pending,37.7,2.9
TKT509667,2025-07-07,Email,Payments,Loan Query,Neutral,Critical,Escalated,59.3,3.6
TKT507590,2025-07-08,Social,Loans,Refund Delay,Negative,Medium,Resolved,24.9,2.7
TKT511203,2025-07-08,Email,Mobile App,Payment Failed,Positive,Low,Pending,40.9,4.9
TKT510182,2025-07-08,Email,Payments,Card Issue,Neutral,Low,Pending,32.9,4.3
TKT503036,2025-07-08,Email,Cards,Payment Failed,Neutral,Critical,Escalated,57.1,4.3
TKT502395,2025-07-08,Chat,Payments,Refund Delay,Negative,Medium,Resolved,14.2,2.2
TKT501040,2025-07-08,Social,Cards,Login Issue,Neutral,Medium,Resolved,27.7,4.2
TKT500429,2025-07-08,Phone,Payments,Account Access,Negative,High,Resolved,29.5,3.3
TKT500160,2025-07-08,Chat,Cards,Login Issue,Positive,Low,Resolved,24.7,3.4
TKT503723,2025-07-08,Phone,Mobile App,Payment Failed,Neutral,Low,Pending,41.8,3.4
TKT503825,2025-07-08,Social,Payments,Account Access,Negative,Critical,Pending,44.2,1.7
TKT504315,2025-07-08,Email,Payments,Account Access,Positive,Medium,Pending,36.3,3.6
TKT501784,2025-07-08,Email,Loans,Loan Query,Negative,Low,Pending,43.5,2.1
TKT510339,2025-07-08,Email,Account,Card Issue,Neutral,Critical,Escalated,57.0,3.5
TKT504365,2025-07-08,Social,Payments,Refund Delay,Neutral,Low,Pending,48.8,3.3
TKT505151,2025-07-08,Chat,Account,Payment Failed,Negative,High,Pending,41.6,2.0
TKT510076,2025-07-08,Email,Account,Payment Failed,Neutral,High,Pending,54.2,3.6
TKT500945,2025-07-08,Email,Payments,Payment Failed,Positive,High,Pending,46.3,3.8
TKT500691,2025-07-08,Phone,Loans,Refund Delay,Negative,High,Pending,45.9,3.1
TKT500854,2025-07-08,Chat,Cards,Refund Delay,Positive,Medium,Resolved,17.2,3.1
TKT509271,2025-07-08,Chat,Cards,Payment Failed,Neutral,High,Resolved,22.2,3.7
TKT502525,2025-07-08,Email,Mobile App,Refund Delay,Negative,Low,Pending,43.9,2.6
TKT509287,2025-07-08,Phone,Loans,Loan Query,Negative,High,Pending,32.9,1.4
TKT510429,2025-07-09,Chat,Mobile App,Login Issue,Negative,High,Pending,30.5,2.2
TKT508926,2025-07-09,Email,Account,Login Issue,Neutral,High,Pending,40.9,3.4
TKT510780,2025-07-09,Phone,Account,Refund Delay,Neutral,Medium,Resolved,24.3,4.5
TKT508215,2025-07-09,Chat,Mobile App,App Bug,Negative,Medium,Resolved,19.7,2.4
TKT502594,2025-07-09,Email,Cards,Account Access,Negative,High,Pending,49.4,2.5
TKT503700,2025-07-09,Email,Payments,Refund Delay,Positive,Low,Pending,35.2,3.2
TKT508228,2025-07-09,Chat,Mobile App,Payment Failed,Neutral,High,Pending,31.2,3.8
TKT506102,2025-07-09,Phone,Loans,Loan Query,Neutral,Medium,Resolved,24.2,4.2
TKT501320,2025-07-09,Email,Mobile App,Card Issue,Positive,Low,Pending,33.5,3.5
TKT509469,2025-07-09,Email,Account,Card Issue,Neutral,Medium,Pending,36.4,4.5
TKT508025,2025-07-09,Social,Account,App Bug,Neutral,High,Pending,36.5,3.5
TKT508126,2025-07-09,Email,Cards,App Bug,Positive,Critical,Pending,46.3,2.7
TKT510528,2025-07-09,Email,Cards,Payment Failed,Negative,High,Pending,41.2,3.2
TKT500455,2025-07-09,Chat,Account,Account Access,Neutral,High,Resolved,21.8,3.2
TKT511481,2025-07-09,Chat,Loans,Loan Query,Negative,Low,Pending,38.3,1.1
TKT500114,2025-07-09,Chat,Payments,Account Access,Neutral,Medium,Resolved,24.2,4.2
TKT502573,2025-07-09,Chat,Payments,Card Issue,Positive,Low,Pending,33.0,4.0
TKT504379,2025-07-10,Chat,Payments,App Bug,Negative,Medium,Resolved,27.5,2.4
TKT500050,2025-07-10,Chat,Account,Account Access,Negative,Medium,Resolved,21.7,1.6
TKT501196,2025-07-10,Chat,Payments,Loan Query,Negative,High,Pending,39.6,2.6
TKT502409,2025-07-10,Chat,Loans,Card Issue,Negative,High,Pending,36.4,2.4
TKT500090,2025-07-10,Chat,Account,Refund Delay,Neutral,Critical,Pending,31.2,2.5
TKT507089,2025-07-10,Email,Cards,Refund Delay,Neutral,Medium,Pending,43.8,4.0
TKT506889,2025-07-10,Chat,Payments,Loan Query,Negative,High,Resolved,25.8,2.2
TKT509632,2025-07-10,Chat,Payments,App Bug,Negative,High,Resolved,27.2,1.9
TKT502909,2025-07-10,Social,Mobile App,Loan Query,Neutral,Medium,Resolved,24.8,3.3
TKT502625,2025-07-10,Phone,Cards,Refund Delay,Positive,Low,Pending,39.1,3.5
TKT507237,2025-07-10,Chat,Account,Loan Query,Positive,High,Pending,38.5,4.1
TKT508428,2025-07-10,Email,Cards,App Bug,Neutral,High,Pending,45.2,2.7
TKT502165,2025-07-10,Phone,Account,Loan Query,Positive,Medium,Resolved,22.8,4.7
TKT504811,2025-07-10,Social,Payments,Login Issue,Neutral,Low,Pending,37.4,2.2
TKT504449,2025-07-10,Email,Loans,Account Access,Negative,High,Pending,48.6,1.7
TKT507915,2025-07-10,Phone,Account,Loan Query,Neutral,Medium,Pending,44.0,2.5
TKT500472,2025-07-10,Chat,Mobile App,Login Issue,Negative,High,Pending,38.1,2.6
TKT510763,2025-07-10,Chat,Cards,Card Issue,Neutral,Low,Pending,32.5,3.3
TKT506690,2025-07-10,Phone,Cards,Loan Query,Positive,Medium,Resolved,23.8,3.8
TKT507690,2025-07-10,Phone,Loans,Payment Failed,Neutral,Medium,Pending,41.0,3.8
TKT506358,2025-07-11,Social,Account,Payment Failed,Negative,High,Pending,30.2,3.0
TKT500632,2025-07-11,Email,Payments,Account Access,Negative,High,Escalated,65.7,3.3
TKT506019,2025-07-11,Phone,Mobile App,Login Issue,Positive,High,Pending,44.0,4.2
TKT503932,2025-07-11,Email,Account,Loan Query,Neutral,Low,Pending,34.3,3.7
TKT503529,2025-07-11,Email,Account,Refund Delay,Neutral,High,Escalated,61.9,4.6
TKT507336,2025-07-11,Social,Account,Login Issue,Neutral,High,Resolved,29.9,4.0
TKT510938,2025-07-11,Email,Account,Card Issue,Neutral,Medium,Pending,36.2,4.2
TKT506240,2025-07-11,Email,Mobile App,App Bug,Negative,High,Pending,42.2,3.2
TKT507948,2025-07-11,Chat,Loans,Card Issue,Negative,High,Resolved,24.1,2.8
TKT504698,2025-07-11,Phone,Mobile App,Loan Query,Negative,Low,Pending,44.7,3.1
TKT500464,2025-07-11,Chat,Account,Loan Query,Neutral,Medium,Resolved,21.7,4.8
TKT508061,2025-07-11,Chat,Mobile App,Refund Delay,Negative,High,Resolved,24.8,3.2
TKT500297,2025-07-11,Chat,Loans,Loan Query,Negative,Medium,Resolved,28.3,2.7
TKT502029,2025-07-11,Email,Payments,Loan Query,Negative,Medium,Pending,39.1,2.1
TKT508963,2025-07-11,Chat,Mobile App,Login Issue,Negative,Low,Pending,30.9,3.7
TKT507983,2025-07-11,Phone,Mobile App,Account Access,Neutral,Medium,Pending,50.8,4.3
TKT507401,2025-07-11,Phone,Account,Card Issue,Negative,High,Pending,33.3,2.6
TKT501232,2025-07-11,Phone,Payments,App Bug,Positive,Medium,Resolved,27.5,3.6
TKT504028,2025-07-11,Chat,Cards,Login Issue,Neutral,High,Resolved,23.5,4.0
TKT508561,2025-07-12,Email,Account,App Bug,Positive,Medium,Pending,42.0,3.7
TKT501286,2025-07-12,Chat,Mobile App,Payment Failed,Negative,High,Resolved,28.4,2.8
TKT510919,2025-07-12,Phone,Payments,Login Issue,Neutral,High,Pending,36.4,2.8
TKT508239,2025-07-12,Email,Payments,Login Issue,Negative,High,Pending,44.3,2.4
TKT508049,2025-07-12,Email,Mobile App,Account Access,Positive,Medium,Pending,44.7,3.0
TKT502503,2025-07-12,Social,Mobile App,Refund Delay,Positive,Medium,Pending,40.4,5.0
TKT511510,2025-07-12,Email,Payments,Card Issue,Neutral,High,Pending,44.0,4.0
TKT502238,2025-07-12,Chat,Mobile App,Card Issue,Negative,Critical,Resolved,29.1,2.8
TKT502646,2025-07-12,Email,Cards,Payment Failed,Negative,Medium,Pending,33.7,2.9
TKT508302,2025-07-12,Email,Account,Payment Failed,Positive,Medium,Pending,36.6,4.5
TKT504205,2025-07-12,Social,Payments,Loan Query,Positive,High,Pending,32.0,5.0
TKT504760,2025-07-12,Phone,Cards,Card Issue,Negative,Low,Resolved,20.4,1.9
TKT505125,2025-07-12,Social,Mobile App,Card Issue,Neutral,High,Pending,44.3,4.0
TKT511574,2025-07-12,Phone,Mobile App,Card Issue,Positive,Low,Pending,41.0,3.6
TKT507641,2025-07-12,Social,Loans,Payment Failed,Negative,Critical,Pending,33.9,3.0
TKT507409,2025-07-12,Chat,Payments,Refund Delay,Negative,Medium,Pending,32.8,2.9
TKT511015,2025-07-12,Email,Payments,Login Issue,Positive,High,Pending,38.4,3.2
TKT509954,2025-07-12,Email,Mobile App,Refund Delay,Negative,High,Escalated,57.1,1.9
TKT508343,2025-07-12,Email,Payments,Refund Delay,Neutral,High,Pending,54.3,4.4
TKT505475,2025-07-12,Chat,Account,Refund Delay,Positive,Medium,Resolved,21.1,4.0
TKT501104,2025-07-12,Email,Payments,Login Issue,Neutral,Low,Pending,38.5,3.3
TKT505901,2025-07-12,Chat,Loans,Loan Query,Negative,Medium,Resolved,22.4,2.8
TKT510647,2025-07-12,Chat,Mobile App,Account Access,Negative,High,Resolved,22.2,3.6
TKT510899,2025-07-12,Social,Mobile App,Login Issue,Positive,Medium,Resolved,23.6,2.9
TKT506418,2025-07-12,Email,Mobile App,Card Issue,Negative,Low,Pending,31.4,2.9
TKT506089,2025-07-12,Email,Payments,Refund Delay,Positive,Medium,Pending,40.3,3.1
TKT509233,2025-07-13,Chat,Payments,App Bug,Neutral,Medium,Resolved,24.8,4.1
TKT509256,2025-07-13,Chat,Mobile App,Payment Failed,Neutral,High,Resolved,28.5,4.5
TKT507596,2025-07-13,Social,Loans,Login Issue,Negative,High,Pending,38.9,3.2
TKT511852,2025-07-13,Chat,Mobile App,Card Issue,Negative,Medium,Resolved,17.8,3.4
TKT504443,2025-07-13,Email,Payments,Payment Failed,Neutral,Medium,Pending,38.8,3.5
TKT506471,2025-07-13,Chat,Payments,Login Issue,Positive,Medium,Resolved,25.6,3.7
TKT506023,2025-07-13,Phone,Payments,Account Access,Negative,Medium,Pending,30.6,2.4
TKT507331,2025-07-13,Email,Cards,Login Issue,Negative,Medium,Pending,32.6,2.9
TKT502393,2025-07-13,Phone,Account,Card Issue,Negative,Medium,Resolved,29.6,1.8
TKT504936,2025-07-13,Chat,Loans,App Bug,Negative,Low,Resolved,14.6,3.3
TKT507941,2025-07-13,Phone,Payments,Payment Failed,Neutral,Medium,Pending,44.5,3.6
TKT508708,2025-07-13,Email,Account,Refund Delay,Negative,High,Pending,37.9,3.2
TKT504995,2025-07-13,Email,Mobile App,Account Access,Negative,High,Pending,48.9,2.5
TKT506823,2025-07-13,Chat,Mobile App,App Bug,Negative,Medium,Resolved,15.6,2.3
TKT501565,2025-07-13,Email,Mobile App,Refund Delay,Negative,High,Pending,45.5,2.8
TKT508587,2025-07-13,Email,Mobile App,Refund Delay,Negative,High,Escalated,68.9,1.9
TKT502206,2025-07-13,Chat,Loans,Payment Failed,Negative,Critical,Pending,38.6,1.9
TKT506934,2025-07-13,Social,Cards,Login Issue,Negative,Low,Resolved,25.4,2.3
TKT509909,2025-07-13,Email,Loans,Login Issue,Neutral,Medium,Pending,37.0,2.7
TKT505687,2025-07-13,Social,Account,Account Access,Positive,High,Pending,32.0,2.9
TKT506528,2025-07-13,Email,Loans,Loan Query,Negative,High,Pending,50.7,2.7
TKT511119,2025-07-13,Phone,Account,Account Access,Neutral,Medium,Resolved,25.6,4.7
TKT501785,2025-07-14,Email,Mobile App,Account Access,Negative,High,Pending,40.2,2.7
TKT508999,2025-07-14,Chat,Mobile App,Payment Failed,Negative,Medium,Pending,40.1,2.5
TKT503134,2025-07-14,Email,Cards,Account Access,Positive,High,Pending,38.9,4.1
TKT501167,2025-07-14,Social,Cards,Loan Query,Positive,Medium,Resolved,29.6,3.7
TKT506076,2025-07-14,Chat,Account,Payment Failed,Negative,Medium,Resolved,17.0,2.3
TKT510070,2025-07-14,Chat,Cards,Login Issue,Negative,High,Resolved,25.3,2.4
TKT504934,2025-07-14,Phone,Loans,Loan Query,Positive,Low,Pending,39.8,2.9
TKT503007,2025-07-14,Email,Payments,Login Issue,Negative,High,Pending,38.5,2.8
TKT509190,2025-07-14,Phone,Mobile App,Payment Failed,Neutral,Critical,Pending,38.8,3.4
TKT505205,2025-07-14,Chat,Loans,Account Access,Positive,Medium,Resolved,20.5,4.5
TKT506257,2025-07-14,Phone,Mobile App,Card Issue,Neutral,Low,Resolved,24.3,4.9
TKT502858,2025-07-14,Phone,Account,App Bug,Positive,Medium,Resolved,24.9,3.7
TKT510721,2025-07-14,Phone,Cards,Login Issue,Neutral,Medium,Pending,31.5,2.7
TKT505225,2025-07-14,Email,Payments,App Bug,Neutral,Medium,Pending,49.7,3.4
TKT500079,2025-07-14,Phone,Payments,Login Issue,Negative,High,Pending,38.6,3.2
TKT506545,2025-07-14,Phone,Loans,Refund Delay,Negative,High,Resolved,29.9,2.3
TKT510487,2025-07-14,Email,Payments,Login Issue,Negative,Low,Pending,32.6,2.7
TKT511249,2025-07-14,Chat,Loans,Loan Query,Negative,Medium,Resolved,14.7,2.0
TKT503770,2025-07-14,Phone,Loans,Refund Delay,Positive,High,Pending,43.0,3.8
TKT502359,2025-07-14,Email,Cards,Refund Delay,Negative,Medium,Escalated,56.8,1.9
TKT503054,2025-07-14,Email,Payments,App Bug,Neutral,Low,Pending,36.0,3.5
TKT503150,2025-07-15,Chat,Cards,Login Issue,Neutral,High,Pending,40.1,4.4
TKT511969,2025-07-15,Phone,Payments,Card Issue,Neutral,Low,Resolved,19.0,4.1
TKT510376,2025-07-15,Chat,Loans,Card Issue,Neutral,Medium,Pending,35.3,3.9
TKT503336,2025-07-15,Phone,Account,Login Issue,Negative,High,Pending,50.8,2.3
TKT511055,2025-07-15,Chat,Payments,Card Issue,Negative,High,Pending,31.7,3.1
TKT510120,2025-07-15,Social,Account,Refund Delay,Neutral,Low,Pending,30.3,3.4
TKT506630,2025-07-15,Social,Payments,Login Issue,Negative,High,Pending,38.7,3.2
TKT507050,2025-07-15,Chat,Cards,Login Issue,Positive,High,Resolved,25.6,4.5
TKT500484,2025-07-15,Email,Cards,Loan Query,Positive,Low,Pending,35.5,4.1
TKT508766,2025-07-15,Phone,Payments,Card Issue,Positive,Medium,Pending,33.9,3.7
TKT501551,2025-07-15,Phone,Account,Login Issue,Negative,High,Pending,43.6,1.7
TKT509904,2025-07-15,Phone,Payments,Account Access,Positive,High,Pending,32.4,3.9
TKT502727,2025-07-15,Chat,Cards,Payment Failed,Neutral,Critical,Pending,32.6,4.4
TKT507000,2025-07-15,Chat,Loans,Card Issue,Negative,High,Resolved,27.5,1.7
TKT507763,2025-07-15,Phone,Account,Payment Failed,Negative,Critical,Pending,51.9,1.9
TKT500616,2025-07-15,Phone,Loans,Account Access,Neutral,Medium,Resolved,23.4,4.0
TKT502511,2025-07-15,Chat,Payments,Refund Delay,Neutral,Medium,Pending,34.6,4.2
TKT505301,2025-07-15,Email,Loans,Loan Query,Positive,Medium,Pending,32.1,2.9
TKT507907,2025-07-15,Chat,Payments,Loan Query,Positive,Medium,Resolved,14.7,3.2
TKT503541,2025-07-15,Phone,Loans,Refund Delay,Neutral,Medium,Pending,33.1,2.7
TKT510574,2025-07-15,Phone,Mobile App,Loan Query,Positive,Low,Resolved,29.9,3.9
TKT506635,2025-07-15,Chat,Cards,Login Issue,Negative,High,Resolved,28.4,3.1
TKT504474,2025-07-15,Email,Mobile App,App Bug,Neutral,Medium,Pending,50.2,4.2
TKT501141,2025-07-15,Social,Payments,Refund Delay,Negative,Medium,Pending,30.6,2.6
TKT501044,2025-07-16,Chat,Mobile App,Refund Delay,Negative,High,Pending,34.1,2.5
TKT502408,2025-07-16,Chat,Payments,App Bug,Neutral,Medium,Resolved,19.5,4.1
TKT510233,2025-07-16,Social,Loans,App Bug,Neutral,High,Pending,38.6,3.0
TKT509590,2025-07-16,Chat,Account,Payment Failed,Negative,Critical,Pending,34.3,2.7
TKT506730,2025-07-16,Phone,Account,App Bug,Negative,High,Pending,48.4,2.3
TKT509852,2025-07-16,Email,Mobile App,Loan Query,Negative,Low,Pending,35.7,2.3
TKT505153,2025-07-16,Chat,Mobile App,Refund Delay,Negative,High,Resolved,25.7,1.7
TKT510285,2025-07-16,Chat,Account,Card Issue,Negative,High,Resolved,29.7,2.3
TKT503053,2025-07-16,Email,Account,Login Issue,Negative,High,Pending,37.4,2.4
TKT506374,2025-07-16,Email,Account,Login Issue,Negative,High,Escalated,68.5,2.8
TKT502291,2025-07-16,Phone,Payments,Loan Query,Neutral,Medium,Resolved,28.1,4.2
TKT507316,2025-07-16,Chat,Cards,Card Issue,Negative,High,Resolved,23.6,1.5
TKT510638,2025-07-16,Phone,Account,Payment Failed,Neutral,High,Pending,32.0,3.9
TKT506621,2025-07-16,Phone,Payments,Loan Query,Positive,Medium,Pending,42.3,4.1
TKT511620,2025-07-16,Chat,Mobile App,Loan Query,Positive,Low,Pending,35.3,3.5
TKT510968,2025-07-16,Chat,Mobile App,Refund Delay,Positive,Medium,Resolved,21.0,3.9
TKT500987,2025-07-16,Email,Loans,Loan Query,Positive,High,Pending,52.4,3.5
TKT500943,2025-07-16,Social,Mobile App,Loan Query,Positive,Low,Pending,31.6,4.4
TKT502042,2025-07-16,Phone,Mobile App,Login Issue,Neutral,Low,Resolved,27.4,4.2
TKT506800,2025-07-16,Chat,Mobile App,Loan Query,Neutral,Critical,Resolved,26.8,3.6
TKT507855,2025-07-16,Email,Mobile App,App Bug,Neutral,High,Escalated,57.4,2.6
TKT504171,2025-07-16,Email,Payments,Account Access,Negative,Low,Pending,43.9,2.5
TKT508946,2025-07-16,Chat,Mobile App,Loan Query,Negative,High,Resolved,27.8,2.1
TKT501572,2025-07-16,Email,Loans,Account Access,Positive,Low,Pending,37.6,3.0
TKT503542,2025-07-17,Phone,Payments,Payment Failed,Negative,Medium,Resolved,21.3,3.5
TKT504142,2025-07-17,Chat,Account,Loan Query,Neutral,Medium,Resolved,14.3,4.9
TKT506336,2025-07-17,Phone,Cards,Account Access,Negative,High,Pending,44.6,2.5
TKT506412,2025-07-17,Social,Mobile App,Card Issue,Neutral,Critical,Pending,33.5,4.3
TKT505285,2025-07-17,Social,Loans,Login Issue,Neutral,High,Escalated,55.2,3.3
TKT502416,2025-07-17,Email,Payments,Refund Delay,Neutral,High,Pending,50.3,3.2
TKT503607,2025-07-17,Email,Mobile App,Refund Delay,Positive,High,Pending,42.0,3.3
TKT505646,2025-07-17,Chat,Cards,Refund Delay,Positive,Medium,Resolved,16.0,2.6
TKT507677,2025-07-17,Chat,Account,Refund Delay,Negative,High,Pending,32.8,1.3
TKT503367,2025-07-17,Phone,Cards,Loan Query,Neutral,High,Escalated,58.6,3.6
TKT511458,2025-07-17,Social,Account,App Bug,Positive,Low,Pending,35.1,4.1
TKT502566,2025-07-17,Chat,Payments,Payment Failed,Neutral,High,Pending,37.8,3.6
TKT501968,2025-07-17,Phone,Loans,Account Access,Positive,Medium,Resolved,26.2,3.6
TKT508149,2025-07-17,Email,Payments,Payment Failed,Negative,Critical,Pending,47.6,3.6
TKT506573,2025-07-17,Phone,Payments,Card Issue,Negative,High,Resolved,25.7,3.7
TKT504737,2025-07-17,Email,Mobile App,Card Issue,Negative,Low,Pending,43.1,1.9
TKT511808,2025-07-17,Chat,Account,Loan Query,Neutral,High,Resolved,28.8,3.8
TKT505836,2025-07-17,Phone,Cards,Refund Delay,Neutral,High,Pending,43.0,4.3
TKT502452,2025-07-17,Email,Mobile App,Payment Failed,Neutral,Critical,Escalated,63.5,3.7
TKT501173,2025-07-18,Email,Payments,Account Access,Positive,Medium,Pending,39.8,4.4
TKT507841,2025-07-18,Email,Payments,Refund Delay,Negative,High,Pending,49.5,2.7
TKT502179,2025-07-18,Phone,Payments,Login Issue,Negative,High,Pending,33.1,2.2
TKT503817,2025-07-18,Email,Mobile App,Payment Failed,Positive,Medium,Pending,37.2,3.4
TKT509687,2025-07-18,Social,Payments,Account Access,Neutral,Medium,Pending,45.8,2.0
TKT500465,2025-07-18,Social,Loans,Refund Delay,Negative,High,Pending,45.5,3.4
TKT506695,2025-07-18,Chat,Account,Payment Failed,Neutral,Low,Resolved,22.0,3.5
TKT501183,2025-07-18,Email,Payments,Refund Delay,Negative,High,Escalated,57.4,1.3
TKT511033,2025-07-18,Email,Mobile App,Card Issue,Negative,Medium,Pending,44.5,2.9
TKT507347,2025-07-18,Email,Mobile App,Loan Query,Positive,Medium,Pending,47.9,4.1
TKT506028,2025-07-18,Email,Cards,Account Access,Negative,High,Pending,43.1,2.1
TKT502384,2025-07-18,Chat,Account,Refund Delay,Negative,High,Resolved,24.2,2.4
TKT502605,2025-07-18,Phone,Account,App Bug,Neutral,Medium,Resolved,22.2,3.6
TKT508479,2025-07-19,Email,Payments,Payment Failed,Negative,Medium,Pending,41.3,2.7
TKT510284,2025-07-19,Email,Loans,Login Issue,Positive,Low,Pending,39.5,3.2
TKT500135,2025-07-19,Chat,Account,Account Access,Neutral,Low,Resolved,18.0,3.2
TKT510245,2025-07-19,Chat,Account,App Bug,Neutral,Low,Pending,30.1,3.7
TKT506600,2025-07-19,Email,Mobile App,Account Access,Neutral,High,Pending,49.5,3.5
TKT500083,2025-07-19,Social,Mobile App,Loan Query,Positive,High,Pending,33.4,4.2
TKT500513,2025-07-19,Phone,Loans,Login Issue,Negative,High,Resolved,27.2,1.9
TKT507036,2025-07-19,Email,Mobile App,App Bug,Negative,High,Pending,54.9,3.1
TKT503486,2025-07-19,Chat,Account,Payment Failed,Negative,Low,Resolved,17.7,2.8
TKT509429,2025-07-19,Email,Loans,Login Issue,Neutral,High,Pending,52.9,4.8
TKT507978,2025-07-19,Phone,Mobile App,Payment Failed,Neutral,High,Pending,35.3,3.0
TKT505899,2025-07-19,Phone,Payments,Account Access,Negative,High,Pending,46.6,2.7
TKT510054,2025-07-19,Email,Payments,Payment Failed,Neutral,High,Pending,38.8,3.3
TKT502049,2025-07-19,Social,Account,Loan Query,Negative,Medium,Pending,34.2,3.4
TKT505574,2025-07-19,Email,Payments,Login Issue,Negative,Low,Pending,37.1,2.4
TKT500887,2025-07-19,Phone,Payments,App Bug,Negative,Low,Resolved,24.3,3.6
TKT506232,2025-07-19,Email,Payments,Refund Delay,Neutral,Low,Pending,31.7,4.7
TKT510962,2025-07-19,Phone,Mobile App,Loan Query,Neutral,High,Pending,31.6,4.3
TKT502747,2025-07-19,Phone,Cards,Account Access,Positive,Low,Resolved,25.9,4.0
TKT503061,2025-07-19,Phone,Mobile App,Account Access,Positive,High,Resolved,29.1,3.9
TKT505196,2025-07-19,Chat,Payments,Loan Query,Negative,High,Resolved,25.3,2.9
TKT501419,2025-07-19,Email,Mobile App,Account Access,Negative,Medium,Pending,44.8,2.8
TKT500163,2025-07-19,Chat,Payments,App Bug,Neutral,Low,Resolved,21.3,3.4
TKT500043,2025-07-19,Phone,Cards,Payment Failed,Neutral,Medium,Pending,45.3,4.7
TKT502902,2025-07-19,Email,Payments,Card Issue,Negative,High,Pending,46.7,2.5
TKT506975,2025-07-19,Chat,Account,Account Access,Positive,Medium,Resolved,18.3,3.9
TKT505878,2025-07-19,Chat,Cards,Payment Failed,Negative,High,Pending,34.7,1.7
TKT511995,2025-07-20,Chat,Loans,Login Issue,Neutral,High,Pending,40.6,4.5
TKT505911,2025-07-20,Email,Payments,Refund Delay,Positive,Medium,Pending,33.9,3.5
TKT511536,2025-07-20,Phone,Mobile App,Account Access,Neutral,Medium,Resolved,19.8,4.1
TKT509121,2025-07-20,Phone,Loans,Refund Delay,Neutral,High,Resolved,27.5,3.7
TKT511623,2025-07-20,Phone,Loans,Account Access,Neutral,Low,Pending,34.8,3.1
TKT506954,2025-07-20,Phone,Payments,Payment Failed,Neutral,Medium,Resolved,29.6,4.5
TKT506628,2025-07-20,Email,Account,Refund Delay,Negative,High,Pending,45.1,2.3
TKT510852,2025-07-20,Phone,Mobile App,Refund Delay,Positive,Low,Resolved,26.9,3.9
TKT510759,2025-07-20,Email,Mobile App,Loan Query,Negative,High,Pending,39.5,2.4
TKT500324,2025-07-20,Email,Account,App Bug,Neutral,Medium,Escalated,61.9,2.6
TKT507460,2025-07-20,Phone,Loans,Payment Failed,Positive,Critical,Pending,44.5,2.9
TKT510519,2025-07-20,Phone,Cards,Login Issue,Neutral,Medium,Resolved,25.7,4.2
TKT507004,2025-07-20,Email,Account,App Bug,Positive,Low,Pending,41.4,3.6
TKT511508,2025-07-20,Email,Mobile App,Refund Delay,Neutral,High,Pending,43.4,4.3
TKT506390,2025-07-20,Chat,Cards,Refund Delay,Neutral,Medium,Pending,42.7,3.4
TKT503780,2025-07-20,Social,Payments,Account Access,Negative,High,Pending,33.5,2.8
TKT503883,2025-07-20,Email,Mobile App,App Bug,Positive,Medium,Pending,44.1,4.6
TKT503733,2025-07-20,Chat,Cards,App Bug,Neutral,Low,Resolved,25.2,4.3
TKT502461,2025-07-20,Phone,Account,Payment Failed,Neutral,High,Pending,43.7,3.4
TKT501692,2025-07-20,Chat,Mobile App,App Bug,Negative,High,Pending,36.0,2.2
TKT501298,2025-07-21,Phone,Loans,Account Access,Negative,High,Pending,50.6,3.6
TKT504725,2025-07-21,Phone,Loans,Account Access,Negative,Low,Resolved,25.5,4.2
TKT507560,2025-07-21,Chat,Mobile App,App Bug,Negative,High,Resolved,23.5,2.9
TKT508455,2025-07-21,Social,Payments,Loan Query,Positive,Critical,Pending,40.6,3.6
TKT504586,2025-07-21,Phone,Loans,Account Access,Neutral,Low,Resolved,21.2,4.3
TKT509916,2025-07-21,Phone,Mobile App,Login Issue,Negative,High,Pending,31.0,3.7
TKT507223,2025-07-21,Phone,Mobile App,Refund Delay,Negative,Low,Resolved,28.0,2.7
TKT507207,2025-07-21,Chat,Account,App Bug,Negative,Medium,Resolved,17.3,3.2
TKT500273,2025-07-21,Social,Payments,Account Access,Neutral,Medium,Resolved,26.3,3.9
TKT506571,2025-07-21,Chat,Mobile App,Refund Delay,Negative,High,Resolved,23.8,2.2
TKT505557,2025-07-21,Chat,Mobile App,Loan Query,Positive,High,Resolved,23.8,3.6
TKT510888,2025-07-21,Chat,Payments,Login Issue,Negative,Medium,Resolved,18.5,2.4
TKT501028,2025-07-21,Chat,Mobile App,App Bug,Negative,High,Pending,39.3,3.1
TKT504678,2025-07-21,Chat,Mobile App,Login Issue,Positive,Medium,Resolved,27.2,3.4
TKT502321,2025-07-21,Chat,Mobile App,Refund Delay,Positive,Low,Resolved,17.7,4.9
TKT507167,2025-07-21,Social,Loans,Refund Delay,Negative,High,Pending,50.4,1.9
TKT506767,2025-07-21,Social,Cards,Card Issue,Negative,Low,Pending,33.4,3.2
TKT507849,2025-07-21,Social,Mobile App,Refund Delay,Neutral,Medium,Resolved,28.4,3.8
TKT511323,2025-07-21,Phone,Mobile App,Loan Query,Neutral,High,Pending,36.6,3.9
TKT511636,2025-07-21,Chat,Account,Payment Failed,Negative,Critical,Pending,32.5,2.4
TKT500795,2025-07-21,Email,Cards,Refund Delay,Neutral,Medium,Pending,34.5,2.7
TKT501510,2025-07-21,Phone,Cards,Login Issue,Neutral,Low,Pending,31.0,3.4
TKT501497,2025-07-21,Chat,Mobile App,Payment Failed,Negative,Medium,Resolved,23.4,2.5
TKT501138,2025-07-21,Chat,Payments,Account Access,Negative,Medium,Pending,30.1,3.8
TKT500512,2025-07-21,Phone,Payments,Account Access,Negative,Medium,Resolved,29.5,1.1
TKT508106,2025-07-21,Email,Mobile App,Card Issue,Positive,Medium,Pending,38.2,4.0
TKT510598,2025-07-21,Chat,Payments,Payment Failed,Negative,Critical,Resolved,28.5,2.0
TKT504033,2025-07-21,Social,Account,Refund Delay,Neutral,Medium,Pending,36.6,3.8
TKT507007,2025-07-22,Chat,Account,Account Access,Positive,High,Pending,34.7,4.5
TKT501516,2025-07-22,Chat,Payments,Login Issue,Negative,Medium,Resolved,18.8,2.8
TKT508796,2025-07-22,Chat,Loans,Refund Delay,Negative,High,Pending,31.9,2.3
TKT500845,2025-07-22,Phone,Payments,Refund Delay,Negative,High,Pending,36.1,3.0
TKT504652,2025-07-22,Email,Payments,App Bug,Negative,High,Pending,44.0,2.9
TKT505734,2025-07-22,Email,Payments,Loan Query,Positive,Medium,Pending,31.1,4.1
TKT500872,2025-07-22,Chat,Payments,Account Access,Neutral,Medium,Resolved,23.7,3.8
TKT507648,2025-07-22,Email,Payments,Login Issue,Neutral,Low,Pending,36.3,3.3
TKT505053,2025-07-22,Email,Mobile App,Payment Failed,Neutral,Critical,Pending,47.0,4.5
TKT503528,2025-07-22,Phone,Cards,App Bug,Negative,Medium,Resolved,28.9,3.0
TKT511295,2025-07-22,Email,Payments,Refund Delay,Neutral,High,Pending,40.7,3.7
TKT504566,2025-07-22,Email,Mobile App,App Bug,Negative,Critical,Escalated,71.7,1.0
TKT504947,2025-07-22,Email,Account,Login Issue,Negative,Medium,Pending,47.6,2.2
TKT511625,2025-07-22,Email,Loans,Payment Failed,Neutral,High,Pending,45.2,3.9
TKT510002,2025-07-22,Social,Cards,Payment Failed,Neutral,Low,Pending,33.3,4.5
TKT505790,2025-07-22,Social,Loans,Account Access,Positive,Medium,Resolved,28.4,3.7
TKT500113,2025-07-22,Phone,Mobile App,Payment Failed,Positive,Critical,Pending,47.4,4.2
TKT502077,2025-07-22,Email,Loans,Refund Delay,Negative,Low,Pending,37.4,2.7
TKT506516,2025-07-22,Chat,Payments,Card Issue,Negative,Medium,Resolved,19.5,1.7
TKT508494,2025-07-22,Email,Mobile App,Payment Failed,Negative,Critical,Pending,54.9,2.6
TKT506633,2025-07-23,Phone,Mobile App,Card Issue,Neutral,Medium,Resolved,23.6,4.1
TKT501178,2025-07-23,Social,Mobile App,Card Issue,Negative,High,Pending,52.7,2.4
TKT509218,2025-07-23,Phone,Mobile App,Login Issue,Positive,High,Resolved,29.9,3.8
TKT500078,2025-07-23,Social,Account,Refund Delay,Neutral,Medium,Resolved,23.2,3.4
TKT504524,2025-07-23,Email,Mobile App,Payment Failed,Neutral,Medium,Pending,47.8,3.2
TKT504559,2025-07-23,Email,Loans,Login Issue,Positive,High,Pending,41.7,3.1
TKT509466,2025-07-23,Email,Mobile App,Login Issue,Negative,High,Pending,50.2,2.4
TKT503369,2025-07-23,Email,Account,Login Issue,Neutral,Critical,Escalated,59.4,4.0
TKT511284,2025-07-23,Social,Payments,Refund Delay,Neutral,Medium,Resolved,25.2,3.3
TKT503583,2025-07-23,Social,Mobile App,Refund Delay,Negative,High,Pending,33.6,1.9
TKT507469,2025-07-23,Phone,Mobile App,Refund Delay,Negative,High,Pending,44.4,1.9
TKT502901,2025-07-23,Phone,Payments,Login Issue,Neutral,Medium,Pending,43.0,4.1
TKT510605,2025-07-23,Chat,Payments,App Bug,Neutral,Medium,Resolved,21.6,3.1
TKT500301,2025-07-23,Social,Payments,Login Issue,Negative,High,Pending,47.7,2.1
TKT508577,2025-07-23,Phone,Payments,Payment Failed,Negative,Medium,Resolved,29.0,2.7
TKT507341,2025-07-23,Phone,Cards,Login Issue,Neutral,High,Pending,37.3,3.9
TKT510816,2025-07-23,Email,Loans,Refund Delay,Positive,High,Escalated,68.4,3.6
TKT508374,2025-07-23,Phone,Account,Account Access,Neutral,Critical,Pending,37.9,3.8
TKT510146,2025-07-23,Phone,Cards,Account Access,Positive,Low,Resolved,26.8,3.5
TKT502555,2025-07-23,Email,Account,Card Issue,Negative,Low,Pending,51.2,2.1
TKT508784,2025-07-23,Email,Payments,Login Issue,Negative,High,Pending,41.0,3.2
TKT501110,2025-07-23,Email,Payments,Loan Query,Neutral,Low,Escalated,57.5,3.7
TKT510536,2025-07-24,Phone,Mobile App,Account Access,Negative,High,Pending,31.4,2.3
TKT505149,2025-07-24,Chat,Payments,Payment Failed,Negative,Low,Resolved,16.8,1.3
TKT502608,2025-07-24,Phone,Account,Account Access,Negative,High,Resolved,29.4,3.0
TKT502595,2025-07-24,Email,Loans,App Bug,Neutral,High,Pending,41.0,4.0
TKT506815,2025-07-24,Email,Account,App Bug,Neutral,High,Pending,43.9,3.1
TKT505381,2025-07-24,Chat,Mobile App,App Bug,Negative,Medium,Pending,37.3,2.7
TKT510736,2025-07-24,Chat,Payments,Login Issue,Negative,Critical,Resolved,29.3,2.4
TKT507069,2025-07-24,Email,Mobile App,Payment Failed,Negative,Critical,Escalated,57.0,1.1
TKT503765,2025-07-24,Email,Account,Payment Failed,Negative,Low,Pending,34.8,2.9
TKT506949,2025-07-24,Email,Loans,Refund Delay,Positive,Low,Pending,40.8,3.7
TKT504234,2025-07-24,Chat,Cards,Login Issue,Neutral,Low,Resolved,24.8,2.5
TKT500231,2025-07-24,Social,Loans,Login Issue,Negative,High,Pending,48.6,2.4
TKT506802,2025-07-24,Email,Mobile App,Account Access,Neutral,Medium,Pending,46.8,3.7
TKT506259,2025-07-24,Phone,Loans,Payment Failed,Negative,High,Pending,33.1,2.7
TKT506915,2025-07-24,Phone,Account,Payment Failed,Positive,Low,Resolved,27.5,4.1
TKT506039,2025-07-24,Chat,Mobile App,Login Issue,Negative,Medium,Resolved,15.2,2.4
TKT511235,2025-07-24,Phone,Payments,Loan Query,Positive,Critical,Pending,43.4,4.3
TKT501113,2025-07-24,Phone,Account,Card Issue,Negative,High,Resolved,29.6,2.1
TKT501100,2025-07-24,Social,Mobile App,App Bug,Negative,Medium,Resolved,25.3,2.4
TKT500397,2025-07-25,Phone,Mobile App,Refund Delay,Negative,Low,Resolved,24.1,1.5
TKT503333,2025-07-25,Chat,Payments,Payment Failed,Positive,Medium,Resolved,25.7,3.3
TKT508658,2025-07-25,Email,Mobile App,Login Issue,Negative,Low,Pending,42.8,3.4
TKT506057,2025-07-25,Chat,Mobile App,Payment Failed,Negative,High,Resolved,21.8,2.1
TKT505774,2025-07-25,Email,Mobile App,Card Issue,Neutral,Low,Pending,33.2,4.0
TKT509422,2025-07-25,Social,Loans,Card Issue,Neutral,Low,Resolved,25.0,4.3
TKT507294,2025-07-25,Email,Loans,App Bug,Neutral,High,Escalated,56.0,3.2
TKT506131,2025-07-25,Social,Account,Refund Delay,Positive,Medium,Pending,32.3,3.6
TKT508364,2025-07-25,Email,Cards,Card Issue,Neutral,Medium,Pending,40.9,2.7
TKT501008,2025-07-25,Chat,Mobile App,Card Issue,Neutral,Medium,Resolved,20.6,4.0
TKT508394,2025-07-25,Phone,Payments,Account Access,Neutral,Low,Resolved,22.8,3.8
TKT500976,2025-07-25,Email,Cards,Login Issue,Negative,Low,Pending,52.2,2.4
TKT500617,2025-07-25,Email,Mobile App,App Bug,Neutral,Low,Pending,34.6,4.3
TKT510068,2025-07-25,Chat,Loans,Card Issue,Negative,Medium,Resolved,16.9,2.9
TKT501452,2025-07-25,Chat,Account,Account Access,Negative,Medium,Resolved,15.9,2.5
TKT506859,2025-07-25,Social,Payments,Payment Failed,Negative,Critical,Pending,41.6,3.1
TKT510013,2025-07-25,Social,Account,Payment Failed,Negative,High,Pending,38.3,1.9
TKT505829,2025-07-25,Phone,Payments,Payment Failed,Negative,High,Pending,44.6,2.6
TKT503241,2025-07-25,Email,Payments,Refund Delay,Negative,Low,Pending,34.7,3.6
TKT508039,2025-07-25,Social,Mobile App,Payment Failed,Negative,High,Pending,43.8,3.1
TKT511278,2025-07-25,Chat,Loans,Account Access,Negative,High,Resolved,26.8,2.4
TKT500936,2025-07-25,Email,Account,Card Issue,Neutral,Low,Pending,36.5,4.1
TKT509266,2025-07-25,Phone,Payments,Payment Failed,Negative,Critical,Pending,37.4,2.8
TKT502051,2025-07-26,Phone,Payments,Card Issue,Positive,High,Pending,30.9,3.9
TKT509532,2025-07-26,Social,Loans,Refund Delay,Neutral,Low,Resolved,29.7,4.2
TKT505471,2025-07-26,Chat,Account,Card Issue,Negative,Low,Resolved,25.2,3.2
TKT511217,2025-07-26,Chat,Loans,Login Issue,Negative,Medium,Pending,30.0,3.3
TKT504900,2025-07-26,Chat,Account,Account Access,Positive,Medium,Resolved,28.2,3.6
TKT503598,2025-07-26,Email,Mobile App,Account Access,Negative,High,Pending,46.1,3.5
TKT503338,2025-07-26,Email,Account,Card Issue,Neutral,Critical,Pending,49.7,4.6
TKT503564,2025-07-26,Chat,Payments,Loan Query,Neutral,Low,Resolved,26.2,3.3
TKT508860,2025-07-26,Phone,Cards,Login Issue,Negative,High,Pending,31.1,3.2
TKT510906,2025-07-26,Email,Payments,Refund Delay,Negative,High,Pending,42.4,2.0
TKT505896,2025-07-26,Social,Payments,Login Issue,Neutral,Low,Pending,37.1,3.3
TKT501071,2025-07-26,Email,Payments,App Bug,Negative,Medium,Pending,35.2,2.0
TKT509521,2025-07-26,Social,Payments,Account Access,Negative,High,Pending,34.3,2.7
TKT503319,2025-07-26,Email,Account,App Bug,Negative,Low,Pending,35.8,3.0
TKT506924,2025-07-26,Social,Mobile App,Refund Delay,Positive,Low,Resolved,21.0,4.0
TKT510477,2025-07-26,Social,Cards,Login Issue,Negative,Medium,Pending,31.7,3.2
TKT510530,2025-07-26,Chat,Account,Payment Failed,Negative,Low,Pending,38.2,3.5
TKT509454,2025-07-26,Chat,Mobile App,Card Issue,Positive,Critical,Resolved,29.7,4.1
TKT505685,2025-07-26,Chat,Mobile App,Loan Query,Positive,Low,Resolved,27.9,4.2
TKT506323,2025-07-26,Phone,Payments,App Bug,Negative,High,Pending,40.2,2.5
TKT502875,2025-07-27,Chat,Payments,Refund Delay,Negative,High,Pending,36.5,3.0
TKT505614,2025-07-27,Chat,Cards,Card Issue,Negative,Medium,Resolved,24.5,2.5
TKT509982,2025-07-27,Chat,Account,Account Access,Positive,High,Resolved,25.4,4.0
TKT504415,2025-07-27,Chat,Mobile App,Refund Delay,Neutral,Medium,Resolved,22.3,3.4
TKT505599,2025-07-27,Social,Account,App Bug,Positive,Low,Resolved,21.0,3.7
TKT509841,2025-07-27,Chat,Account,Payment Failed,Neutral,Medium,Resolved,18.4,3.7
TKT510232,2025-07-27,Chat,Payments,Payment Failed,Negative,High,Resolved,22.5,1.0
TKT509867,2025-07-27,Chat,Account,Card Issue,Positive,Medium,Pending,36.3,3.7
TKT508848,2025-07-27,Social,Mobile App,Loan Query,Positive,High,Resolved,28.9,4.7
TKT501644,2025-07-27,Chat,Payments,App Bug,Neutral,Low,Resolved,29.0,3.8
TKT509324,2025-07-27,Chat,Loans,Card Issue,Neutral,Medium,Pending,33.5,3.9
TKT504809,2025-07-27,Email,Payments,Refund Delay,Negative,High,Escalated,70.1,1.5
TKT510840,2025-07-27,Chat,Mobile App,Payment Failed,Neutral,Critical,Pending,47.4,3.3
TKT500564,2025-07-27,Email,Loans,Payment Failed,Positive,Low,Pending,44.3,2.7
TKT508544,2025-07-27,Social,Account,Card Issue,Positive,Low,Pending,33.0,4.0
TKT508599,2025-07-27,Social,Mobile App,App Bug,Negative,Low,Pending,30.0,1.8
TKT504260,2025-07-27,Social,Account,App Bug,Negative,High,Pending,33.4,1.8
TKT511178,2025-07-27,Social,Payments,Account Access,Negative,High,Pending,44.7,3.1
TKT510641,2025-07-27,Social,Payments,Payment Failed,Negative,Low,Resolved,26.5,2.6
TKT506286,2025-07-27,Chat,Loans,Payment Failed,Negative,Low,Resolved,18.7,2.6
TKT509491,2025-07-27,Phone,Account,Login Issue,Negative,Medium,Pending,41.8,3.1
TKT503514,2025-07-27,Chat,Cards,App Bug,Positive,Medium,Resolved,19.4,4.2
TKT506279,2025-07-27,Chat,Loans,Payment Failed,Negative,High,Resolved,25.4,2.6
TKT501151,2025-07-27,Email,Cards,Card Issue,Negative,Low,Pending,35.9,3.5
TKT500188,2025-07-27,Chat,Mobile App,Card Issue,Negative,Medium,Pending,42.3,2.4
TKT505087,2025-07-27,Chat,Account,Payment Failed,Negative,Critical,Pending,30.0,2.4
TKT502545,2025-07-27,Social,Payments,Account Access,Neutral,Low,Resolved,22.2,3.5
TKT500179,2025-07-27,Chat,Mobile App,Card Issue,Neutral,Medium,Pending,30.4,3.5
TKT506050,2025-07-27,Social,Mobile App,Loan Query,Neutral,High,Pending,34.6,4.8
TKT501226,2025-07-28,Social,Mobile App,Payment Failed,Positive,Medium,Resolved,25.0,4.7
TKT508706,2025-07-28,Social,Account,Account Access,Neutral,Medium,Resolved,24.0,3.8
TKT503560,2025-07-28,Email,Loans,Loan Query,Positive,Low,Pending,41.7,4.1
TKT500433,2025-07-28,Phone,Payments,Login Issue,Neutral,High,Pending,32.5,3.6
TKT506482,2025-07-28,Social,Mobile App,Refund Delay,Positive,High,Pending,33.4,3.1
TKT504602,2025-07-28,Phone,Payments,App Bug,Positive,Medium,Resolved,23.7,3.4
TKT501868,2025-07-28,Phone,Account,Card Issue,Negative,High,Pending,48.7,2.6
TKT500365,2025-07-28,Email,Payments,Login Issue,Negative,High,Pending,48.3,1.9
TKT510525,2025-07-28,Email,Mobile App,Refund Delay,Negative,High,Pending,50.1,2.4
TKT503914,2025-07-28,Chat,Cards,Card Issue,Negative,High,Pending,31.0,2.6
TKT510093,2025-07-28,Chat,Cards,Payment Failed,Negative,Low,Resolved,13.3,2.3
TKT507933,2025-07-28,Phone,Account,App Bug,Negative,High,Pending,36.1,2.1
TKT506921,2025-07-28,Email,Payments,Account Access,Neutral,Low,Pending,47.2,2.9
TKT505615,2025-07-28,Social,Cards,App Bug,Neutral,High,Pending,45.4,4.4
TKT506813,2025-07-28,Social,Payments,Account Access,Neutral,High,Pending,40.0,3.8
TKT503267,2025-07-28,Chat,Account,Login Issue,Negative,Low,Resolved,15.3,2.8
TKT505694,2025-07-28,Email,Mobile App,Account Access,Neutral,High,Pending,52.2,3.6
TKT509983,2025-07-28,Chat,Mobile App,App Bug,Positive,Medium,Resolved,26.4,3.9
TKT505104,2025-07-28,Email,Payments,Loan Query,Positive,Medium,Pending,35.3,3.6
TKT511485,2025-07-28,Email,Loans,Card Issue,Neutral,Low,Pending,38.9,4.0
TKT509716,2025-07-28,Email,Mobile App,Loan Query,Negative,Critical,Pending,46.4,3.7
TKT506088,2025-07-28,Social,Mobile App,Refund Delay,Negative,Medium,Pending,41.2,3.5
TKT509516,2025-07-28,Chat,Loans,Payment Failed,Positive,High,Resolved,22.1,3.8
TKT511097,2025-07-28,Email,Mobile App,Payment Failed,Negative,High,Pending,39.0,2.7
TKT510303,2025-07-28,Phone,Mobile App,Card Issue,Negative,High,Resolved,29.3,2.9
TKT509376,2025-07-28,Email,Payments,App Bug,Positive,Medium,Pending,37.5,4.4
TKT506004,2025-07-28,Phone,Payments,Payment Failed,Positive,Low,Resolved,27.3,3.4
TKT511073,2025-07-29,Email,Mobile App,Refund Delay,Positive,Medium,Pending,31.8,3.7
TKT505504,2025-07-29,Email,Account,Payment Failed,Negative,High,Pending,43.9,3.0
TKT504501,2025-07-29,Phone,Mobile App,Login Issue,Negative,Low,Pending,34.0,2.3
TKT505550,2025-07-29,Chat,Payments,Login Issue,Positive,Medium,Pending,41.0,4.1
TKT504932,2025-07-29,Chat,Loans,Refund Delay,Negative,Medium,Resolved,17.8,2.7
TKT508410,2025-07-29,Social,Loans,App Bug,Positive,High,Pending,38.2,4.0
TKT504316,2025-07-29,Phone,Payments,Account Access,Negative,High,Pending,39.0,2.9
TKT508489,2025-07-29,Chat,Payments,Loan Query,Negative,Low,Resolved,17.4,2.7
TKT507970,2025-07-29,Social,Loans,Refund Delay,Positive,Medium,Resolved,27.0,3.5
TKT509950,2025-07-29,Chat,Payments,Payment Failed,Negative,Medium,Resolved,22.4,2.3
TKT500727,2025-07-29,Phone,Loans,Refund Delay,Negative,Medium,Resolved,27.0,2.6
TKT502121,2025-07-29,Social,Payments,Login Issue,Neutral,Medium,Pending,34.1,3.9
TKT503252,2025-07-29,Social,Account,Refund Delay,Negative,Critical,Pending,42.9,2.9
TKT510681,2025-07-29,Phone,Cards,Card Issue,Positive,High,Pending,33.1,3.4
TKT502953,2025-07-29,Phone,Account,Account Access,Neutral,High,Pending,54.2,3.1
TKT511641,2025-07-29,Chat,Mobile App,Payment Failed,Positive,Medium,Pending,35.3,3.5
TKT510660,2025-07-29,Email,Mobile App,Account Access,Positive,High,Pending,53.7,2.7
TKT502985,2025-07-29,Social,Cards,Payment Failed,Positive,Medium,Pending,32.1,3.7
TKT507834,2025-07-29,Email,Cards,Refund Delay,Neutral,High,Pending,51.7,4.0
TKT500875,2025-07-29,Email,Mobile App,Account Access,Neutral,Low,Pending,36.2,4.5
TKT503808,2025-07-29,Email,Mobile App,Refund Delay,Neutral,Low,Pending,40.5,3.4
TKT503015,2025-07-29,Email,Mobile App,Payment Failed,Positive,High,Pending,42.0,3.2
TKT508351,2025-07-29,Chat,Payments,Payment Failed,Negative,Medium,Resolved,20.2,2.5
TKT511545,2025-07-29,Social,Cards,App Bug,Negative,Medium,Pending,36.2,3.2
TKT505459,2025-07-29,Email,Mobile App,Payment Failed,Positive,Medium,Pending,36.7,4.9
TKT500736,2025-07-29,Chat,Mobile App,Refund Delay,Negative,High,Resolved,26.9,2.7
TKT502795,2025-07-30,Email,Cards,App Bug,Negative,High,Escalated,81.3,2.7
TKT503549,2025-07-30,Social,Payments,Loan Query,Positive,Low,Pending,35.2,4.1
TKT511276,2025-07-30,Chat,Payments,Login Issue,Neutral,Medium,Resolved,15.2,4.2
TKT501249,2025-07-30,Chat,Loans,Payment Failed,Negative,Medium,Resolved,24.3,2.2
TKT500499,2025-07-30,Phone,Cards,App Bug,Negative,High,Pending,33.6,2.2
TKT509503,2025-07-30,Email,Cards,Refund Delay,Neutral,Low,Pending,39.6,4.0
TKT502018,2025-07-30,Phone,Payments,Card Issue,Neutral,Critical,Pending,36.1,3.3
TKT510974,2025-07-30,Social,Payments,Account Access,Negative,High,Pending,42.0,2.1
TKT503625,2025-07-30,Email,Account,Login Issue,Positive,Low,Pending,35.4,3.9
TKT503000,2025-07-30,Chat,Mobile App,Login Issue,Positive,Medium,Resolved,15.5,3.8
TKT510981,2025-07-30,Email,Payments,Loan Query,Negative,Medium,Pending,42.4,3.3
TKT501812,2025-07-30,Phone,Mobile App,Login Issue,Neutral,Medium,Resolved,21.8,4.0
TKT501127,2025-07-30,Email,Cards,Account Access,Positive,High,Pending,50.2,2.8
TKT504568,2025-07-30,Chat,Payments,App Bug,Negative,High,Pending,30.9,2.2
TKT504241,2025-07-30,Email,Account,Login Issue,Negative,Critical,Pending,46.8,3.2
TKT504682,2025-07-30,Email,Loans,Card Issue,Negative,Medium,Pending,31.5,3.1
TKT510697,2025-07-30,Social,Cards,Loan Query,Neutral,Low,Pending,40.7,3.2
TKT505702,2025-07-30,Email,Cards,Account Access,Positive,High,Pending,48.3,3.6
TKT509050,2025-07-30,Email,Loans,Account Access,Neutral,Medium,Pending,37.0,3.7
TKT503459,2025-07-30,Social,Account,Refund Delay,Neutral,Medium,Pending,30.4,3.7
TKT502879,2025-07-30,Email,Payments,Card Issue,Negative,Medium,Pending,31.0,2.7
TKT506098,2025-07-30,Social,Loans,Login Issue,Positive,High,Pending,38.2,3.5
TKT501879,2025-07-30,Social,Account,App Bug,Negative,High,Pending,46.3,3.1
TKT508881,2025-07-30,Chat,Mobile App,Login Issue,Neutral,Low,Pending,31.2,3.8
TKT501556,2025-07-30,Email,Loans,Login Issue,Negative,Critical,Pending,47.0,3.2
TKT502515,2025-07-30,Social,Account,Login Issue,Negative,Medium,Pending,48.4,2.6
TKT509870,2025-07-30,Phone,Cards,Payment Failed,Neutral,Medium,Pending,30.1,3.4
TKT506976,2025-07-30,Email,Mobile App,Card Issue,Negative,Medium,Pending,32.6,3.0
TKT506246,2025-07-30,Phone,Cards,Refund Delay,Neutral,High,Pending,33.0,4.2
TKT508808,2025-07-30,Email,Payments,Card Issue,Negative,High,Pending,42.6,2.7
TKT509259,2025-07-31,Chat,Account,App Bug,Positive,Low,Resolved,21.9,1.9
TKT502575,2025-07-31,Chat,Cards,Card Issue,Negative,Low,Pending,48.2,2.9
TKT511393,2025-07-31,Chat,Payments,Loan Query,Negative,High,Resolved,24.0,1.8
TKT506315,2025-07-31,Chat,Account,App Bug,Negative,Critical,Pending,38.2,2.8
TKT500187,2025-07-31,Chat,Account,Refund Delay,Neutral,High,Resolved,29.6,4.0
TKT502847,2025-07-31,Phone,Payments,Account Access,Positive,High,Pending,39.0,3.3
TKT504065,2025-07-31,Email,Cards,App Bug,Neutral,Low,Pending,39.3,3.8
TKT500719,2025-07-31,Phone,Payments,Payment Failed,Negative,Critical,Pending,37.9,1.5
TKT506117,2025-07-31,Chat,Mobile App,Payment Failed,Negative,High,Resolved,21.3,2.9
TKT501738,2025-07-31,Chat,Payments,Login Issue,Negative,Medium,Resolved,29.2,2.4
TKT500516,2025-07-31,Phone,Account,Loan Query,Positive,Low,Resolved,29.1,4.4
TKT507723,2025-07-31,Social,Payments,Payment Failed,Neutral,Critical,Pending,41.3,3.5
TKT505976,2025-07-31,Email,Payments,Account Access,Positive,High,Pending,44.2,3.9
TKT509221,2025-07-31,Social,Payments,Payment Failed,Positive,Critical,Pending,38.2,4.4
TKT502538,2025-07-31,Social,Cards,Login Issue,Positive,High,Pending,41.3,4.6
TKT510933,2025-07-31,Chat,Loans,Card Issue,Neutral,Low,Resolved,23.6,4.0
TKT510347,2025-07-31,Chat,Account,Refund Delay,Negative,Medium,Resolved,24.7,2.5
TKT506134,2025-07-31,Chat,Cards,Card Issue,Positive,Medium,Resolved,19.0,4.0
TKT507782,2025-07-31,Chat,Cards,Account Access,Negative,High,Resolved,29.5,2.4
TKT506817,2025-08-01,Chat,Account,Payment Failed,Negative,Low,Resolved,27.3,2.7
TKT506923,2025-08-01,Chat,Cards,Payment Failed,Negative,Medium,Resolved,25.0,2.9
TKT502891,2025-08-01,Phone,Payments,Payment Failed,Neutral,Critical,Pending,37.3,3.5
TKT508526,2025-08-01,Chat,Account,Account Access,Neutral,Medium,Resolved,24.2,3.8
TKT510275,2025-08-01,Social,Mobile App,Payment Failed,Neutral,Low,Resolved,23.6,4.1
TKT506993,2025-08-01,Email,Account,Account Access,Neutral,Low,Escalated,55.4,3.9
TKT508007,2025-08-01,Email,Cards,Loan Query,Negative,High,Pending,44.0,2.9
TKT506850,2025-08-01,Email,Loans,Refund Delay,Negative,High,Pending,48.2,1.8
TKT510881,2025-08-01,Chat,Account,Loan Query,Positive,High,Resolved,26.4,3.8
TKT505542,2025-08-01,Email,Payments,Refund Delay,Neutral,Low,Pending,41.8,4.1
TKT500804,2025-08-01,Email,Account,Card Issue,Negative,Low,Pending,44.9,2.0
TKT508094,2025-08-01,Chat,Payments,Loan Query,Positive,Medium,Resolved,17.0,4.0
TKT506477,2025-08-01,Email,Loans,Loan Query,Negative,Medium,Pending,40.9,2.9
TKT500075,2025-08-01,Chat,Cards,Refund Delay,Positive,High,Pending,30.2,3.5
TKT511371,2025-08-01,Chat,Payments,Payment Failed,Neutral,Medium,Resolved,17.6,3.7
TKT509148,2025-08-01,Phone,Payments,Payment Failed,Neutral,High,Pending,41.8,3.4
TKT503359,2025-08-01,Email,Payments,Card Issue,Neutral,Low,Pending,34.1,4.2
TKT511933,2025-08-02,Chat,Account,Refund Delay,Negative,High,Resolved,28.7,2.3
TKT501721,2025-08-02,Chat,Cards,Login Issue,Positive,Medium,Resolved,17.3,4.6
TKT508370,2025-08-02,Email,Account,Card Issue,Negative,High,Pending,44.9,2.6
TKT504141,2025-08-02,Chat,Cards,Payment Failed,Negative,Medium,Resolved,22.4,2.4
TKT507555,2025-08-02,Phone,Payments,Account Access,Neutral,Medium,Pending,34.1,3.6
TKT510989,2025-08-02,Email,Loans,Payment Failed,Negative,High,Pending,46.5,3.2
TKT503385,2025-08-02,Chat,Payments,Payment Failed,Negative,Critical,Resolved,26.6,3.2
TKT506879,2025-08-02,Email,Payments,Loan Query,Negative,Medium,Pending,43.1,2.3
TKT506771,2025-08-02,Chat,Payments,Payment Failed,Negative,Critical,Pending,32.7,2.8
TKT502298,2025-08-02,Phone,Loans,Payment Failed,Neutral,High,Pending,46.4,3.9
TKT500825,2025-08-02,Email,Loans,Login Issue,Neutral,Low,Pending,36.0,4.1
TKT509820,2025-08-02,Social,Mobile App,Payment Failed,Negative,High,Pending,45.2,2.6
TKT508586,2025-08-02,Email,Cards,Payment Failed,Negative,Medium,Pending,39.4,2.1
TKT504573,2025-08-02,Email,Cards,Refund Delay,Neutral,Low,Escalated,57.6,2.9
TKT501204,2025-08-02,Email,Cards,Login Issue,Negative,High,Pending,44.7,2.0
TKT509678,2025-08-02,Email,Payments,Loan Query,Positive,Medium,Pending,38.8,4.3
TKT503214,2025-08-02,Chat,Account,Login Issue,Positive,Low,Resolved,21.9,3.8
TKT510360,2025-08-02,Chat,Payments,Account Access,Negative,Medium,Resolved,23.8,2.8
TKT501762,2025-08-02,Chat,Loans,Account Access,Negative,Low,Resolved,24.9,2.7
TKT506708,2025-08-02,Chat,Loans,Payment Failed,Negative,High,Resolved,24.5,3.3
TKT502240,2025-08-02,Email,Payments,Card Issue,Positive,High,Pending,45.4,3.7
TKT507950,2025-08-02,Phone,Payments,Refund Delay,Positive,High,Resolved,26.2,3.7
TKT504897,2025-08-02,Email,Payments,Account Access,Negative,Low,Pending,40.8,2.7
TKT508907,2025-08-02,Email,Cards,Account Access,Positive,Medium,Pending,53.6,4.1
TKT511557,2025-08-02,Chat,Mobile App,Account Access,Neutral,Medium,Resolved,14.8,4.5
TKT511031,2025-08-02,Chat,Cards,Payment Failed,Neutral,Medium,Pending,33.2,2.6
TKT503434,2025-08-02,Email,Payments,Card Issue,Neutral,Low,Pending,39.2,3.5
TKT504621,2025-08-02,Chat,Payments,Payment Failed,Neutral,Medium,Resolved,18.2,4.1
TKT509328,2025-08-03,Email,Cards,Login Issue,Negative,High,Pending,53.4,2.0
TKT501081,2025-08-03,Email,Mobile App,Card Issue,Negative,High,Pending,41.8,2.3
TKT506787,2025-08-03,Email,Payments,Payment Failed,Negative,High,Pending,48.2,2.4
TKT506877,2025-08-03,Phone,Cards,Card Issue,Negative,Medium,Resolved,21.9,2.3
TKT502413,2025-08-03,Email,Cards,Payment Failed,Negative,Low,Pending,45.5,2.4
TKT506408,2025-08-03,Email,Loans,Login Issue,Negative,High,Pending,38.8,2.1
TKT509399,2025-08-03,Phone,Loans,Refund Delay,Negative,Medium,Pending,31.8,3.5
TKT504618,2025-08-03,Chat,Payments,Payment Failed,Negative,High,Resolved,20.3,2.3
TKT511992,2025-08-03,Social,Payments,Account Access,Neutral,Low,Pending,35.5,4.7
TKT502172,2025-08-03,Chat,Mobile App,Refund Delay,Negative,High,Resolved,24.1,2.5
TKT500361,2025-08-03,Phone,Mobile App,Loan Query,Positive,Critical,Pending,33.0,3.3
TKT511260,2025-08-03,Email,Cards,Refund Delay,Neutral,High,Pending,40.6,3.8
TKT503917,2025-08-03,Social,Account,App Bug,Negative,High,Pending,31.5,1.9
TKT504349,2025-08-03,Social,Account,Payment Failed,Neutral,Low,Resolved,24.8,3.8
TKT501596,2025-08-03,Email,Payments,Refund Delay,Negative,Critical,Pending,48.9,2.2
TKT507328,2025-08-03,Chat,Cards,Login Issue,Negative,Low,Resolved,15.9,2.1
TKT502050,2025-08-03,Chat,Loans,Loan Query,Positive,Medium,Resolved,18.1,4.4
TKT508992,2025-08-03,Chat,Loans,App Bug,Negative,Low,Resolved,23.5,2.5
TKT503405,2025-08-03,Phone,Account,Payment Failed,Neutral,Low,Pending,30.8,3.6
TKT501041,2025-08-03,Phone,Account,Payment Failed,Negative,High,Pending,38.7,2.6
TKT508711,2025-08-04,Phone,Mobile App,Refund Delay,Negative,Medium,Resolved,26.8,2.1
TKT506534,2025-08-04,Social,Mobile App,Login Issue,Negative,Medium,Pending,48.5,2.3
TKT510897,2025-08-04,Chat,Payments,Loan Query,Negative,High,Resolved,23.6,2.6
TKT501690,2025-08-04,Phone,Mobile App,Loan Query,Positive,Low,Pending,32.2,3.9
TKT510203,2025-08-04,Chat,Payments,Payment Failed,Neutral,Medium,Pending,32.4,3.6
TKT507359,2025-08-04,Email,Mobile App,Account Access,Negative,Medium,Pending,37.6,3.1
TKT503534,2025-08-04,Email,Payments,Loan Query,Negative,High,Pending,44.7,2.5
TKT501535,2025-08-04,Social,Mobile App,Refund Delay,Negative,Medium,Resolved,26.1,2.2
TKT500922,2025-08-04,Chat,Payments,Refund Delay,Negative,Low,Resolved,28.0,2.2
TKT504477,2025-08-04,Email,Payments,Loan Query,Positive,Low,Pending,42.8,3.6
TKT507998,2025-08-04,Chat,Mobile App,Account Access,Negative,Medium,Resolved,23.9,2.0
TKT504508,2025-08-04,Social,Loans,Account Access,Positive,High,Pending,34.6,4.2
TKT501058,2025-08-04,Email,Cards,Card Issue,Negative,Low,Pending,37.8,2.8
TKT506203,2025-08-04,Phone,Loans,Card Issue,Negative,High,Pending,36.4,2.2
TKT509203,2025-08-04,Email,Loans,Payment Failed,Neutral,Critical,Pending,44.3,4.2
TKT509406,2025-08-04,Email,Mobile App,Login Issue,Negative,High,Pending,44.0,3.1
TKT509404,2025-08-04,Social,Loans,Refund Delay,Negative,Medium,Pending,35.5,1.8
TKT511227,2025-08-04,Chat,Loans,Login Issue,Neutral,Critical,Resolved,25.4,4.3
TKT505950,2025-08-04,Chat,Payments,Account Access,Negative,High,Pending,32.3,2.4
TKT507420,2025-08-04,Phone,Account,App Bug,Negative,Low,Resolved,22.2,3.4
TKT510243,2025-08-04,Email,Payments,Card Issue,Neutral,Low,Pending,34.2,3.8
TKT502012,2025-08-04,Email,Payments,Card Issue,Neutral,Medium,Pending,42.9,4.3
TKT511246,2025-08-04,Phone,Mobile App,Refund Delay,Neutral,Medium,Resolved,22.1,4.7
TKT506604,2025-08-04,Email,Payments,Card Issue,Neutral,Medium,Pending,54.7,3.8
TKT511929,2025-08-04,Chat,Account,App Bug,Negative,High,Pending,39.3,2.4
TKT509891,2025-08-05,Chat,Payments,Refund Delay,Neutral,Critical,Pending,31.0,3.0
TKT505418,2025-08-05,Email,Account,App Bug,Negative,High,Pending,45.5,2.8
TKT503123,2025-08-05,Email,Loans,Login Issue,Negative,Low,Pending,37.6,1.7
TKT510208,2025-08-05,Chat,Mobile App,Payment Failed,Negative,Medium,Resolved,18.0,2.0
TKT500406,2025-08-05,Email,Account,Login Issue,Neutral,Low,Pending,39.7,3.8
TKT508841,2025-08-05,Chat,Mobile App,Login Issue,Negative,High,Resolved,25.3,2.3
TKT511489,2025-08-05,Phone,Account,Login Issue,Neutral,Low,Resolved,28.7,3.4
TKT509919,2025-08-05,Chat,Loans,Payment Failed,Negative,High,Pending,39.6,2.7
TKT507772,2025-08-05,Chat,Payments,Login Issue,Negative,High,Pending,31.1,2.5
TKT510634,2025-08-05,Email,Mobile App,App Bug,Negative,Low,Pending,34.0,3.2
TKT507516,2025-08-05,Email,Cards,App Bug,Negative,Low,Pending,50.3,1.8
TKT502308,2025-08-05,Social,Loans,Login Issue,Neutral,Medium,Pending,46.9,4.4
TKT504888,2025-08-05,Phone,Payments,Card Issue,Positive,High,Pending,37.3,4.2
TKT502859,2025-08-05,Social,Mobile App,Login Issue,Neutral,Medium,Resolved,21.6,3.9
TKT500362,2025-08-05,Chat,Payments,Login Issue,Negative,Medium,Resolved,20.9,3.1
TKT510639,2025-08-05,Chat,Account,Payment Failed,Negative,Critical,Pending,39.4,2.3
TKT501255,2025-08-05,Phone,Payments,Refund Delay,Negative,Medium,Resolved,24.8,3.1
TKT509178,2025-08-05,Chat,Mobile App,App Bug,Negative,Low,Resolved,21.4,3.3
TKT503151,2025-08-05,Phone,Payments,Card Issue,Neutral,High,Pending,31.7,4.2
TKT508993,2025-08-05,Chat,Loans,Account Access,Negative,Low,Resolved,16.4,2.9
TKT506700,2025-08-05,Social,Loans,Login Issue,Positive,Medium,Resolved,25.0,4.4
TKT505686,2025-08-05,Chat,Mobile App,Card Issue,Positive,Medium,Pending,46.6,4.1
TKT506153,2025-08-05,Phone,Loans,Login Issue,Negative,High,Resolved,29.0,2.2
TKT511457,2025-08-06,Phone,Cards,Card Issue,Positive,Low,Pending,44.6,3.7
TKT502878,2025-08-06,Email,Loans,Card Issue,Negative,High,Pending,49.1,3.0
TKT505569,2025-08-06,Email,Payments,Card Issue,Neutral,Medium,Pending,36.3,3.5
TKT508475,2025-08-06,Chat,Cards,Account Access,Negative,High,Pending,37.0,2.3
TKT502710,2025-08-06,Chat,Cards,Login Issue,Neutral,Medium,Resolved,19.6,3.7
TKT506359,2025-08-06,Email,Payments,App Bug,Negative,Medium,Pending,34.0,3.2
TKT511776,2025-08-06,Chat,Account,App Bug,Negative,High,Resolved,23.7,2.1
TKT501874,2025-08-06,Phone,Cards,Loan Query,Neutral,High,Pending,32.1,3.3
TKT507492,2025-08-06,Social,Payments,Refund Delay,Negative,Low,Resolved,22.0,3.9
TKT508737,2025-08-06,Social,Cards,Refund Delay,Positive,Low,Resolved,23.6,3.6
TKT507700,2025-08-06,Email,Account,Login Issue,Positive,Low,Pending,35.4,4.0
TKT505344,2025-08-06,Phone,Loans,Login Issue,Negative,Medium,Resolved,24.7,2.3
TKT501250,2025-08-06,Social,Mobile App,App Bug,Negative,Low,Resolved,27.2,1.3
TKT507725,2025-08-06,Phone,Mobile App,Payment Failed,Neutral,High,Resolved,27.5,3.3
TKT500528,2025-08-06,Phone,Cards,Card Issue,Negative,Medium,Resolved,23.9,1.4
TKT509584,2025-08-06,Phone,Loans,Card Issue,Negative,Medium,Resolved,24.2,1.4
TKT511816,2025-08-06,Email,Account,Refund Delay,Neutral,High,Pending,38.1,3.8
TKT511749,2025-08-06,Phone,Loans,Refund Delay,Negative,High,Resolved,27.5,3.0
TKT500574,2025-08-06,Phone,Account,Card Issue,Neutral,Low,Pending,37.5,4.6
TKT500268,2025-08-06,Email,Mobile App,Refund Delay,Negative,High,Escalated,57.7,2.3
TKT506506,2025-08-06,Chat,Mobile App,Login Issue,Neutral,Critical,Pending,31.7,3.4
TKT500014,2025-08-06,Email,Mobile App,Payment Failed,Negative,Medium,Pending,44.0,2.5
TKT504967,2025-08-06,Phone,Payments,Login Issue,Negative,High,Pending,42.2,2.7
TKT511834,2025-08-06,Chat,Payments,Refund Delay,Negative,High,Resolved,23.1,2.2
TKT503044,2025-08-06,Chat,Account,Refund Delay,Negative,High,Resolved,27.3,1.9
TKT506391,2025-08-06,Phone,Cards,App Bug,Negative,Low,Resolved,25.2,2.5
TKT503168,2025-08-06,Chat,Mobile App,Loan Query,Positive,High,Pending,42.2,3.8
TKT506267,2025-08-06,Social,Payments,Account Access,Negative,Low,Pending,34.0,2.3
TKT500755,2025-08-06,Email,Payments,Refund Delay,Negative,High,Pending,51.6,1.4
TKT509619,2025-08-06,Phone,Mobile App,Login Issue,Negative,High,Resolved,27.4,2.5
TKT509921,2025-08-07,Email,Loans,Account Access,Negative,Medium,Pending,44.7,2.9
TKT511759,2025-08-07,Email,Payments,Card Issue,Negative,High,Pending,44.5,2.5
TKT509759,2025-08-07,Social,Mobile App,App Bug,Neutral,High,Pending,39.6,4.4
TKT509575,2025-08-07,Chat,Account,Payment Failed,Positive,Medium,Resolved,21.5,3.8
TKT511533,2025-08-07,Chat,Mobile App,Login Issue,Negative,High,Pending,39.9,2.0
TKT500443,2025-08-07,Social,Payments,Login Issue,Neutral,High,Pending,36.3,4.0
TKT511723,2025-08-07,Email,Payments,App Bug,Positive,Medium,Pending,36.3,4.8
TKT507035,2025-08-07,Chat,Payments,Login Issue,Neutral,Medium,Resolved,22.5,5.0
TKT507020,2025-08-07,Phone,Payments,Card Issue,Neutral,High,Resolved,27.6,4.4
TKT506342,2025-08-07,Phone,Cards,Login Issue,Negative,Low,Pending,32.5,2.0
TKT505947,2025-08-07,Chat,Payments,Payment Failed,Neutral,Medium,Pending,46.3,4.2
TKT505530,2025-08-07,Social,Mobile App,App Bug,Positive,Low,Pending,32.3,3.8
TKT501918,2025-08-07,Phone,Account,Login Issue,Neutral,High,Pending,43.2,4.1
TKT502095,2025-08-07,Chat,Payments,Payment Failed,Negative,High,Pending,39.2,2.0
TKT502116,2025-08-07,Phone,Loans,Login Issue,Neutral,Medium,Resolved,19.6,3.6
TKT508478,2025-08-07,Phone,Cards,Login Issue,Negative,High,Pending,35.0,3.3
TKT505579,2025-08-07,Email,Mobile App,Loan Query,Positive,Low,Pending,38.1,3.7
TKT507437,2025-08-07,Social,Loans,Card Issue,Neutral,Low,Pending,32.3,4.1
TKT500317,2025-08-07,Chat,Account,Account Access,Negative,Low,Resolved,17.9,3.6
TKT510192,2025-08-07,Email,Account,Payment Failed,Neutral,High,Pending,42.5,4.0
TKT504530,2025-08-07,Phone,Cards,Refund Delay,Negative,High,Pending,52.1,1.7
TKT511911,2025-08-07,Social,Account,Payment Failed,Positive,Medium,Resolved,28.6,3.7
TKT505525,2025-08-08,Chat,Payments,Card Issue,Neutral,High,Resolved,23.2,4.2
TKT503490,2025-08-08,Phone,Payments,Loan Query,Positive,Medium,Resolved,21.4,4.4
TKT502129,2025-08-08,Social,Mobile App,Login Issue,Neutral,Critical,Pending,33.2,3.9
TKT509848,2025-08-08,Email,Payments,Loan Query,Negative,Medium,Pending,36.0,2.7
TKT500322,2025-08-08,Social,Payments,Refund Delay,Neutral,High,Pending,42.1,3.3
TKT503876,2025-08-08,Social,Cards,Payment Failed,Neutral,Medium,Pending,31.6,3.8
TKT503100,2025-08-08,Email,Cards,Refund Delay,Positive,Low,Pending,31.9,4.4
TKT507332,2025-08-08,Phone,Cards,Loan Query,Neutral,Medium,Resolved,25.4,3.7
TKT501925,2025-08-08,Phone,Mobile App,Payment Failed,Negative,Critical,Escalated,72.7,2.6
TKT500917,2025-08-08,Email,Loans,Card Issue,Positive,Medium,Pending,37.6,3.8
TKT509488,2025-08-08,Chat,Account,Account Access,Neutral,Medium,Resolved,22.7,4.1
TKT501642,2025-08-08,Chat,Cards,App Bug,Negative,Low,Resolved,16.2,2.9
TKT504004,2025-08-08,Chat,Mobile App,Card Issue,Neutral,Low,Resolved,15.0,3.7
TKT503850,2025-08-08,Email,Account,Account Access,Negative,Low,Pending,33.9,2.9
TKT508600,2025-08-08,Phone,Mobile App,Card Issue,Negative,High,Resolved,28.3,2.5
TKT504503,2025-08-08,Social,Payments,Refund Delay,Neutral,Low,Pending,32.5,4.3
TKT500197,2025-08-08,Phone,Account,Loan Query,Neutral,Low,Resolved,27.6,3.9
TKT500404,2025-08-08,Phone,Mobile App,Payment Failed,Negative,Critical,Pending,52.5,2.2
TKT500479,2025-08-08,Chat,Loans,Refund Delay,Neutral,Medium,Resolved,29.3,3.9
TKT500731,2025-08-08,Social,Account,Payment Failed,Negative,Medium,Resolved,26.4,3.3
TKT508920,2025-08-08,Chat,Cards,Payment Failed,Neutral,Low,Resolved,17.6,3.9
TKT506966,2025-08-08,Chat,Cards,Account Access,Neutral,Low,Resolved,21.7,4.4
TKT501096,2025-08-08,Chat,Loans,Login Issue,Neutral,Medium,Resolved,17.7,3.9
TKT509598,2025-08-08,Chat,Account,Refund Delay,Negative,Medium,Resolved,22.8,2.1
TKT503502,2025-08-08,Chat,Account,Refund Delay,Positive,High,Resolved,28.4,3.7
TKT505703,2025-08-08,Chat,Loans,Card Issue,Positive,Critical,Pending,38.1,3.6
TKT511793,2025-08-08,Email,Loans,Refund Delay,Negative,High,Pending,52.2,2.5
TKT511305,2025-08-08,Chat,Payments,App Bug,Neutral,Medium,Resolved,28.2,4.7
TKT503129,2025-08-09,Phone,Mobile App,Login Issue,Neutral,High,Resolved,29.3,4.8
TKT505877,2025-08-09,Email,Mobile App,Loan Query,Positive,Medium,Pending,41.9,3.2
TKT505715,2025-08-09,Chat,Account,Payment Failed,Negative,High,Pending,38.6,2.4
TKT508588,2025-08-09,Phone,Loans,Payment Failed,Negative,Critical,Pending,54.2,3.0
TKT507572,2025-08-09,Phone,Cards,Refund Delay,Neutral,Critical,Pending,36.5,4.1
TKT507518,2025-08-09,Email,Cards,App Bug,Negative,Medium,Pending,31.7,1.8
TKT502679,2025-08-09,Chat,Mobile App,Loan Query,Positive,High,Resolved,24.7,2.9
TKT501357,2025-08-09,Email,Mobile App,Refund Delay,Positive,High,Pending,47.3,3.9
TKT503551,2025-08-09,Email,Account,Payment Failed,Negative,Low,Pending,34.1,2.5
TKT505969,2025-08-09,Chat,Account,Payment Failed,Negative,High,Resolved,20.0,3.5
TKT507390,2025-08-09,Email,Mobile App,Login Issue,Positive,High,Pending,54.3,3.9
TKT503819,2025-08-09,Email,Payments,Refund Delay,Positive,High,Escalated,59.5,3.3
TKT504268,2025-08-09,Email,Loans,Payment Failed,Neutral,High,Escalated,58.6,2.8
TKT509209,2025-08-09,Social,Cards,Payment Failed,Negative,High,Pending,42.4,2.8
TKT500534,2025-08-09,Chat,Payments,Refund Delay,Positive,Medium,Resolved,17.6,3.1
TKT503412,2025-08-09,Email,Payments,Login Issue,Negative,High,Escalated,57.2,3.1
TKT507607,2025-08-09,Chat,Account,App Bug,Negative,Medium,Resolved,21.2,2.7
TKT501648,2025-08-09,Social,Cards,Account Access,Negative,Medium,Resolved,25.0,3.0
TKT502911,2025-08-10,Social,Mobile App,Refund Delay,Negative,Medium,Resolved,27.9,1.8
TKT500066,2025-08-10,Email,Mobile App,Login Issue,Neutral,High,Escalated,59.1,3.2
TKT501061,2025-08-10,Phone,Mobile App,App Bug,Negative,High,Pending,36.9,2.6
TKT503161,2025-08-10,Email,Payments,Account Access,Positive,High,Pending,44.1,4.6
TKT508484,2025-08-10,Chat,Cards,Card Issue,Neutral,High,Pending,35.3,4.3
TKT506873,2025-08-10,Email,Mobile App,Card Issue,Negative,High,Pending,38.6,2.0
TKT509047,2025-08-10,Chat,Mobile App,Card Issue,Negative,High,Pending,30.4,2.4
TKT506888,2025-08-10,Chat,Loans,Login Issue,Negative,High,Resolved,24.9,1.2
TKT502399,2025-08-10,Email,Loans,Login Issue,Negative,High,Pending,39.7,2.5
TKT510040,2025-08-10,Chat,Payments,Card Issue,Positive,Critical,Pending,30.0,3.0
TKT503537,2025-08-10,Email,Payments,Loan Query,Neutral,Low,Pending,46.7,4.0
TKT511347,2025-08-10,Chat,Loans,Account Access,Negative,Critical,Escalated,56.0,1.6
TKT508193,2025-08-10,Social,Loans,Login Issue,Negative,High,Pending,38.2,2.1
TKT504671,2025-08-10,Email,Payments,Login Issue,Positive,High,Pending,49.5,4.0
TKT510491,2025-08-10,Phone,Payments,Refund Delay,Positive,Medium,Pending,36.6,2.6
TKT505558,2025-08-10,Phone,Account,Refund Delay,Positive,Low,Resolved,28.8,2.9
TKT509502,2025-08-10,Email,Loans,Refund Delay,Negative,Medium,Pending,46.3,2.9
TKT508866,2025-08-10,Social,Mobile App,Refund Delay,Negative,Medium,Pending,41.9,2.2
TKT505253,2025-08-10,Social,Mobile App,Account Access,Negative,Low,Resolved,26.4,1.7
TKT505257,2025-08-10,Email,Loans,Payment Failed,Negative,Critical,Pending,49.4,2.5
TKT504360,2025-08-10,Phone,Mobile App,Refund Delay,Positive,Medium,Pending,30.0,3.1
TKT509615,2025-08-10,Chat,Cards,App Bug,Neutral,Medium,Resolved,22.6,4.1
TKT505272,2025-08-10,Phone,Mobile App,App Bug,Neutral,Medium,Resolved,26.2,4.4
TKT502576,2025-08-10,Email,Payments,Payment Failed,Neutral,Low,Pending,40.1,4.4
TKT506755,2025-08-10,Chat,Payments,Payment Failed,Negative,High,Pending,35.4,2.5
TKT508041,2025-08-10,Email,Payments,Login Issue,Positive,High,Pending,48.1,3.7
TKT502598,2025-08-10,Chat,Account,Login Issue,Negative,Low,Pending,31.5,2.8
TKT500028,2025-08-10,Chat,Payments,Loan Query,Neutral,Low,Resolved,22.4,4.1
TKT500588,2025-08-10,Phone,Loans,Card Issue,Positive,Low,Pending,51.0,3.1
TKT505906,2025-08-11,Email,Account,Payment Failed,Positive,Medium,Pending,32.4,3.2
TKT505363,2025-08-11,Phone,Mobile App,Refund Delay,Negative,Low,Pending,34.0,2.2
TKT502632,2025-08-11,Phone,Payments,Payment Failed,Negative,Medium,Resolved,28.6,2.6
TKT506451,2025-08-11,Phone,Mobile App,Account Access,Negative,High,Pending,40.9,1.7
TKT500366,2025-08-11,Chat,Mobile App,Payment Failed,Negative,Critical,Pending,38.5,1.8
TKT505384,2025-08-11,Social,Payments,Account Access,Negative,High,Pending,35.0,3.4
TKT502237,2025-08-11,Phone,Cards,Refund Delay,Negative,High,Pending,31.0,3.5
TKT505570,2025-08-11,Chat,Mobile App,Account Access,Neutral,Medium,Resolved,16.1,4.2
TKT506555,2025-08-11,Chat,Account,Card Issue,Positive,Low,Resolved,18.7,4.3
TKT500859,2025-08-11,Chat,Payments,Payment Failed,Positive,High,Pending,33.0,3.8
TKT506711,2025-08-11,Email,Account,Refund Delay,Positive,High,Pending,39.3,2.9
TKT506252,2025-08-11,Email,Mobile App,Account Access,Positive,High,Pending,40.5,4.1
TKT510291,2025-08-11,Phone,Mobile App,App Bug,Neutral,High,Resolved,29.2,3.4
TKT505048,2025-08-11,Chat,Account,Login Issue,Neutral,Medium,Resolved,27.5,4.0
TKT500968,2025-08-11,Chat,Payments,Payment Failed,Negative,High,Resolved,21.1,1.7
TKT504805,2025-08-11,Social,Account,Card Issue,Negative,High,Pending,41.4,2.5
TKT511311,2025-08-11,Phone,Mobile App,App Bug,Neutral,Low,Pending,41.2,3.9
TKT504514,2025-08-11,Chat,Cards,Payment Failed,Neutral,Low,Resolved,13.9,4.8
TKT509963,2025-08-11,Email,Account,Refund Delay,Positive,Critical,Escalated,57.0,3.6
TKT510341,2025-08-11,Social,Account,Login Issue,Negative,High,Pending,51.0,2.0
TKT508731,2025-08-11,Chat,Cards,Payment Failed,Neutral,Critical,Pending,41.0,4.5
TKT501908,2025-08-11,Chat,Loans,Payment Failed,Negative,High,Resolved,25.2,3.2
TKT509314,2025-08-11,Phone,Loans,Payment Failed,Negative,High,Resolved,29.9,3.9
TKT502444,2025-08-11,Chat,Payments,Payment Failed,Neutral,High,Resolved,29.5,3.9
TKT507615,2025-08-11,Phone,Loans,Refund Delay,Positive,High,Pending,33.3,3.8
TKT506020,2025-08-12,Social,Mobile App,Card Issue,Positive,High,Resolved,29.2,4.0
TKT502928,2025-08-12,Phone,Mobile App,Loan Query,Positive,High,Pending,33.0,3.7
TKT508470,2025-08-12,Chat,Loans,Account Access,Negative,High,Resolved,26.2,3.0
TKT507621,2025-08-12,Social,Account,Payment Failed,Positive,Medium,Resolved,28.0,4.3
TKT500973,2025-08-12,Phone,Mobile App,Login Issue,Negative,Medium,Resolved,21.9,1.7
TKT508071,2025-08-12,Email,Mobile App,Refund Delay,Positive,Low,Escalated,67.0,3.6
TKT503843,2025-08-12,Chat,Loans,Login Issue,Neutral,High,Pending,31.6,3.7
TKT510023,2025-08-12,Chat,Account,Login Issue,Negative,High,Resolved,23.5,2.6
TKT503488,2025-08-12,Social,Account,Refund Delay,Positive,High,Pending,40.4,3.8
TKT503087,2025-08-12,Email,Payments,Payment Failed,Negative,High,Pending,39.8,1.8
TKT502936,2025-08-12,Chat,Cards,Account Access,Positive,Medium,Resolved,23.7,3.7
TKT507144,2025-08-12,Email,Loans,Payment Failed,Neutral,Medium,Pending,33.5,3.9
TKT500866,2025-08-12,Chat,Account,Login Issue,Positive,High,Resolved,27.3,3.9
TKT510862,2025-08-12,Email,Mobile App,Loan Query,Positive,Medium,Pending,47.5,4.3
TKT511908,2025-08-12,Social,Mobile App,Loan Query,Neutral,Medium,Resolved,24.7,3.8
TKT505611,2025-08-12,Chat,Mobile App,App Bug,Negative,Low,Pending,31.5,1.9
TKT509934,2025-08-12,Email,Mobile App,Login Issue,Negative,Medium,Pending,34.6,2.9
TKT507367,2025-08-12,Phone,Cards,Card Issue,Negative,High,Pending,46.6,2.8
TKT500446,2025-08-12,Email,Cards,Loan Query,Negative,High,Escalated,59.3,1.0
TKT503463,2025-08-12,Chat,Cards,Payment Failed,Negative,Critical,Pending,39.3,3.2
TKT504908,2025-08-12,Phone,Mobile App,Loan Query,Neutral,Medium,Resolved,27.2,3.6
TKT511910,2025-08-13,Phone,Mobile App,Refund Delay,Negative,Low,Resolved,25.5,2.1
TKT511388,2025-08-13,Chat,Payments,Payment Failed,Negative,High,Resolved,24.8,2.4
TKT501929,2025-08-13,Email,Payments,Login Issue,Neutral,High,Escalated,69.0,3.7
TKT505267,2025-08-13,Social,Cards,Account Access,Negative,Medium,Resolved,26.2,2.8
TKT507552,2025-08-13,Email,Account,Refund Delay,Neutral,Low,Pending,34.2,3.9
TKT509917,2025-08-13,Chat,Account,Payment Failed,Negative,High,Resolved,23.0,2.7
TKT511142,2025-08-13,Email,Cards,Refund Delay,Neutral,Low,Pending,37.9,4.2
TKT500679,2025-08-13,Chat,Payments,Login Issue,Negative,Medium,Resolved,28.0,1.8
TKT508306,2025-08-13,Email,Mobile App,Payment Failed,Positive,High,Pending,46.9,4.2
TKT509246,2025-08-13,Social,Mobile App,Card Issue,Positive,Critical,Pending,37.9,3.7
TKT506981,2025-08-13,Email,Mobile App,Login Issue,Negative,High,Escalated,58.7,2.6
TKT502681,2025-08-13,Phone,Cards,Refund Delay,Negative,High,Pending,40.6,2.2
TKT505758,2025-08-13,Chat,Account,Account Access,Positive,Medium,Resolved,23.7,2.6
TKT504385,2025-08-13,Email,Payments,App Bug,Positive,Medium,Pending,34.8,3.2
TKT508557,2025-08-13,Social,Account,App Bug,Negative,High,Escalated,58.2,2.5
TKT510766,2025-08-13,Chat,Account,Login Issue,Neutral,Low,Resolved,22.4,5.0
TKT502929,2025-08-13,Chat,Payments,Refund Delay,Negative,Medium,Pending,34.7,2.4
TKT500056,2025-08-13,Social,Account,Loan Query,Positive,Medium,Pending,30.6,3.7
TKT511299,2025-08-13,Email,Payments,Payment Failed,Neutral,Critical,Pending,53.6,2.3
TKT500257,2025-08-13,Chat,Mobile App,Card Issue,Positive,Medium,Resolved,21.4,3.1
TKT501417,2025-08-13,Social,Payments,Account Access,Positive,Medium,Resolved,25.1,3.5
TKT506052,2025-08-14,Phone,Payments,Login Issue,Neutral,Medium,Pending,35.5,4.4
TKT504455,2025-08-14,Email,Cards,Refund Delay,Negative,Medium,Pending,35.8,2.5
TKT510062,2025-08-14,Email,Cards,Account Access,Positive,High,Pending,37.4,4.4
TKT509604,2025-08-14,Chat,Mobile App,App Bug,Neutral,High,Resolved,24.6,4.7
TKT500398,2025-08-14,Email,Mobile App,Refund Delay,Neutral,Critical,Pending,48.4,4.7
TKT511985,2025-08-14,Phone,Cards,Payment Failed,Neutral,Medium,Pending,40.6,3.2
TKT502693,2025-08-14,Phone,Payments,App Bug,Negative,High,Pending,44.9,2.2
TKT509423,2025-08-14,Phone,Cards,Loan Query,Positive,Medium,Resolved,24.1,2.7
TKT502085,2025-08-14,Chat,Payments,Refund Delay,Negative,High,Pending,40.7,3.1
TKT500299,2025-08-14,Email,Cards,Card Issue,Negative,Critical,Pending,45.2,2.3
TKT506906,2025-08-14,Chat,Cards,Loan Query,Negative,High,Resolved,24.3,1.6
TKT506035,2025-08-14,Phone,Account,Login Issue,Negative,High,Pending,31.8,2.4
TKT502552,2025-08-14,Chat,Loans,Refund Delay,Neutral,Low,Resolved,24.2,2.8
TKT501483,2025-08-14,Social,Mobile App,Login Issue,Positive,Low,Resolved,27.3,3.5
TKT502271,2025-08-14,Social,Cards,Loan Query,Positive,Low,Pending,32.2,3.8
TKT509245,2025-08-14,Social,Account,App Bug,Negative,Medium,Pending,38.1,3.1
TKT502514,2025-08-14,Email,Mobile App,App Bug,Neutral,Low,Pending,46.9,4.1
TKT511512,2025-08-14,Email,Loans,Account Access,Positive,Medium,Pending,30.6,3.1
TKT502582,2025-08-14,Chat,Mobile App,Login Issue,Negative,Low,Resolved,15.8,2.9
TKT511899,2025-08-14,Chat,Account,Refund Delay,Negative,High,Pending,45.9,1.9
TKT505426,2025-08-14,Chat,Account,App Bug,Negative,High,Resolved,27.0,2.3
TKT510914,2025-08-14,Phone,Mobile App,Account Access,Positive,Medium,Resolved,22.6,4.6
TKT507500,2025-08-14,Email,Mobile App,Card Issue,Neutral,Medium,Pending,47.0,4.1
TKT510619,2025-08-15,Chat,Mobile App,Refund Delay,Negative,Medium,Resolved,28.9,2.2
TKT506608,2025-08-15,Email,Payments,Refund Delay,Negative,High,Pending,39.3,1.9
TKT500886,2025-08-15,Phone,Account,App Bug,Positive,Low,Resolved,25.3,3.6
TKT507767,2025-08-15,Email,Payments,Login Issue,Positive,Low,Pending,33.4,3.5
TKT504458,2025-08-15,Chat,Payments,Login Issue,Negative,High,Pending,36.9,1.4
TKT500994,2025-08-15,Chat,Loans,Card Issue,Positive,Low,Resolved,20.8,3.9
TKT510559,2025-08-15,Email,Mobile App,Payment Failed,Negative,High,Pending,37.5,1.7
TKT502554,2025-08-15,Email,Mobile App,Refund Delay,Neutral,High,Pending,49.1,3.9
TKT500590,2025-08-15,Email,Cards,Payment Failed,Neutral,Medium,Pending,48.5,4.1
TKT505839,2025-08-15,Email,Cards,Login Issue,Negative,High,Pending,41.5,3.5
TKT503254,2025-08-15,Phone,Account,Refund Delay,Neutral,High,Pending,30.0,3.1
TKT503645,2025-08-15,Chat,Loans,Payment Failed,Neutral,High,Resolved,27.8,3.9
TKT501156,2025-08-15,Phone,Loans,Payment Failed,Positive,Low,Resolved,25.7,4.2
TKT505077,2025-08-15,Phone,Mobile App,App Bug,Negative,Medium,Pending,34.9,1.6
TKT510739,2025-08-15,Email,Cards,Account Access,Positive,Medium,Pending,34.5,4.0
TKT502297,2025-08-15,Chat,Loans,App Bug,Negative,Medium,Pending,41.3,2.8
TKT504257,2025-08-15,Email,Mobile App,App Bug,Neutral,Low,Pending,40.2,3.3
TKT506701,2025-08-16,Email,Account,Loan Query,Positive,Medium,Pending,32.3,3.1
TKT508329,2025-08-16,Chat,Loans,Account Access,Negative,High,Pending,43.2,2.1
TKT511554,2025-08-16,Chat,Payments,Login Issue,Negative,Low,Resolved,18.3,2.1
TKT509137,2025-08-16,Social,Cards,Payment Failed,Positive,High,Pending,52.5,4.0
TKT511116,2025-08-16,Email,Account,Payment Failed,Neutral,High,Pending,54.1,4.1
TKT511445,2025-08-16,Email,Mobile App,Account Access,Neutral,Medium,Pending,53.9,3.4
TKT505241,2025-08-16,Email,Payments,Refund Delay,Negative,High,Pending,44.4,2.8
TKT506669,2025-08-16,Chat,Mobile App,Login Issue,Negative,High,Resolved,24.8,2.5
TKT507013,2025-08-16,Chat,Mobile App,Loan Query,Neutral,Medium,Resolved,18.0,3.8
TKT500495,2025-08-16,Email,Cards,Card Issue,Neutral,High,Pending,53.1,4.7
TKT503930,2025-08-16,Chat,Payments,Refund Delay,Neutral,Medium,Resolved,25.8,3.3
TKT505432,2025-08-16,Phone,Account,Account Access,Neutral,Medium,Resolved,24.7,4.7
TKT501576,2025-08-16,Social,Mobile App,Card Issue,Neutral,Medium,Pending,34.0,3.4
TKT501562,2025-08-16,Social,Account,App Bug,Neutral,Medium,Resolved,23.7,3.9
TKT500210,2025-08-16,Chat,Cards,Payment Failed,Neutral,High,Resolved,24.1,3.6
TKT504133,2025-08-16,Chat,Account,App Bug,Negative,High,Resolved,27.9,2.2
TKT510555,2025-08-16,Email,Payments,Payment Failed,Negative,Low,Pending,45.7,1.8
TKT501176,2025-08-16,Chat,Cards,Refund Delay,Negative,High,Pending,33.0,3.2
TKT503748,2025-08-16,Chat,Mobile App,Loan Query,Positive,Medium,Resolved,22.3,3.7
TKT501922,2025-08-16,Social,Mobile App,App Bug,Negative,High,Pending,32.0,2.0
TKT508161,2025-08-16,Email,Cards,Login Issue,Negative,High,Pending,37.5,2.3
TKT511200,2025-08-16,Phone,Cards,Account Access,Positive,Medium,Resolved,21.8,5.0
TKT505495,2025-08-16,Email,Loans,Card Issue,Negative,High,Escalated,57.8,2.3
TKT506424,2025-08-16,Chat,Payments,Account Access,Negative,High,Pending,31.3,2.4
TKT508677,2025-08-16,Chat,Payments,Account Access,Negative,Low,Resolved,18.2,2.0
TKT507307,2025-08-16,Email,Mobile App,App Bug,Neutral,High,Pending,49.6,4.5
TKT500743,2025-08-16,Email,Cards,Account Access,Positive,High,Pending,42.2,4.0
TKT500993,2025-08-17,Email,Cards,Account Access,Neutral,Medium,Pending,44.7,3.3
TKT504040,2025-08-17,Email,Cards,Refund Delay,Negative,High,Pending,42.0,3.0
TKT509255,2025-08-17,Chat,Mobile App,Payment Failed,Neutral,Medium,Resolved,14.5,3.9
TKT500332,2025-08-17,Email,Loans,Account Access,Negative,Medium,Pending,50.8,2.7
TKT506495,2025-08-17,Phone,Mobile App,Card Issue,Positive,Medium,Resolved,28.3,4.5
TKT505919,2025-08-17,Chat,Cards,Loan Query,Positive,Medium,Resolved,17.0,4.0
TKT509972,2025-08-17,Email,Cards,Payment Failed,Neutral,Critical,Escalated,66.5,3.2
TKT504045,2025-08-17,Email,Payments,App Bug,Negative,Medium,Pending,34.3,3.1
TKT508900,2025-08-17,Chat,Account,Payment Failed,Neutral,Medium,Resolved,27.7,3.8
TKT506577,2025-08-17,Email,Mobile App,App Bug,Neutral,Medium,Pending,40.2,4.7
TKT503402,2025-08-17,Social,Cards,Refund Delay,Negative,Medium,Pending,32.0,2.0
TKT504333,2025-08-17,Chat,Cards,Card Issue,Negative,High,Resolved,26.8,3.0
TKT501339,2025-08-17,Email,Payments,App Bug,Negative,Low,Pending,38.8,2.4
TKT504763,2025-08-17,Phone,Account,Login Issue,Positive,Medium,Resolved,27.8,4.8
TKT508566,2025-08-17,Chat,Cards,Loan Query,Positive,Medium,Resolved,20.2,4.3
TKT504711,2025-08-17,Phone,Payments,Account Access,Neutral,Low,Resolved,23.1,3.5
TKT507122,2025-08-17,Phone,Loans,Account Access,Neutral,Medium,Pending,38.4,3.6
TKT502801,2025-08-17,Phone,Mobile App,Payment Failed,Neutral,Medium,Resolved,22.2,3.2
TKT505137,2025-08-17,Phone,Mobile App,Refund Delay,Neutral,Medium,Resolved,24.6,3.8
TKT508629,2025-08-17,Chat,Account,Account Access,Negative,Low,Pending,30.2,1.6
TKT506293,2025-08-17,Chat,Payments,Card Issue,Positive,Low,Pending,39.4,4.9
TKT511822,2025-08-17,Chat,Account,Payment Failed,Neutral,Critical,Pending,32.5,3.5
TKT502996,2025-08-17,Chat,Payments,Account Access,Positive,Low,Resolved,18.5,3.5
TKT501327,2025-08-17,Email,Cards,Payment Failed,Negative,Low,Pending,34.2,3.7
TKT502868,2025-08-17,Social,Mobile App,Payment Failed,Negative,Medium,Pending,39.4,3.4
TKT509871,2025-08-17,Email,Payments,Loan Query,Positive,Low,Pending,49.7,3.2
TKT506248,2025-08-18,Social,Payments,App Bug,Negative,High,Pending,30.9,2.1
TKT510114,2025-08-18,Chat,Payments,Login Issue,Positive,Medium,Resolved,17.5,2.8
TKT511473,2025-08-18,Email,Payments,Loan Query,Neutral,Medium,Pending,39.9,4.1
TKT503536,2025-08-18,Social,Payments,Account Access,Neutral,Medium,Pending,39.6,3.8
TKT507928,2025-08-18,Phone,Loans,Payment Failed,Neutral,High,Pending,36.4,4.4
TKT509213,2025-08-18,Email,Cards,Card Issue,Neutral,High,Pending,42.4,3.5
TKT505207,2025-08-18,Phone,Payments,Account Access,Negative,Low,Resolved,21.9,3.4
TKT506681,2025-08-18,Chat,Payments,Card Issue,Neutral,Low,Resolved,15.2,3.7
TKT508296,2025-08-18,Email,Mobile App,Account Access,Neutral,Medium,Pending,41.7,3.8
TKT505345,2025-08-18,Chat,Payments,App Bug,Positive,Medium,Resolved,25.2,3.7
TKT509006,2025-08-18,Chat,Cards,App Bug,Negative,High,Resolved,27.1,2.0
TKT501215,2025-08-18,Email,Cards,Loan Query,Positive,Medium,Pending,52.7,4.1
TKT500856,2025-08-18,Email,Mobile App,Refund Delay,Neutral,Low,Pending,44.2,4.8
TKT507643,2025-08-18,Email,Mobile App,App Bug,Neutral,Low,Pending,31.8,4.0
TKT501267,2025-08-18,Email,Account,Card Issue,Neutral,Medium,Pending,33.7,2.9
TKT509053,2025-08-18,Chat,Account,Payment Failed,Neutral,High,Resolved,27.5,4.3
TKT503859,2025-08-18,Chat,Payments,App Bug,Positive,Medium,Resolved,16.4,4.0
TKT510189,2025-08-18,Phone,Payments,Login Issue,Neutral,High,Pending,41.1,3.4
TKT500639,2025-08-18,Email,Cards,Account Access,Neutral,Low,Pending,47.1,3.2
TKT501749,2025-08-18,Chat,Mobile App,Login Issue,Neutral,Medium,Resolved,17.3,3.7
TKT501819,2025-08-18,Chat,Mobile App,Card Issue,Positive,Low,Resolved,14.1,2.9
TKT506995,2025-08-18,Email,Account,App Bug,Positive,High,Pending,41.3,3.7
TKT511412,2025-08-18,Chat,Payments,Account Access,Positive,High,Resolved,24.0,4.0
TKT509207,2025-08-19,Email,Mobile App,Payment Failed,Negative,Medium,Pending,33.3,1.8
TKT510057,2025-08-19,Email,Loans,Payment Failed,Negative,Low,Pending,41.3,2.0
TKT511099,2025-08-19,Chat,Cards,Payment Failed,Negative,Critical,Pending,44.1,2.1
TKT507161,2025-08-19,Email,Payments,Account Access,Negative,High,Escalated,63.5,2.2
TKT509078,2025-08-19,Phone,Cards,Loan Query,Negative,Medium,Pending,32.1,2.4
TKT509504,2025-08-19,Email,Mobile App,Login Issue,Neutral,Medium,Pending,40.9,4.4
TKT501706,2025-08-19,Social,Account,Refund Delay,Negative,High,Pending,52.3,2.1
TKT506969,2025-08-19,Email,Loans,Payment Failed,Negative,High,Pending,44.8,2.5
TKT508235,2025-08-19,Chat,Payments,Payment Failed,Negative,High,Resolved,23.3,2.4
TKT508277,2025-08-19,Phone,Cards,Payment Failed,Negative,High,Pending,45.3,3.2
TKT508090,2025-08-19,Phone,Mobile App,Refund Delay,Negative,Low,Resolved,24.5,3.1
TKT508372,2025-08-19,Chat,Mobile App,Card Issue,Neutral,Low,Pending,42.9,3.4
TKT502770,2025-08-19,Chat,Cards,Account Access,Neutral,Low,Resolved,22.0,3.9
TKT500864,2025-08-19,Email,Mobile App,Card Issue,Negative,High,Pending,42.6,2.1
TKT505750,2025-08-19,Social,Loans,Payment Failed,Positive,High,Pending,43.0,4.1
TKT504741,2025-08-19,Chat,Payments,Payment Failed,Neutral,Low,Resolved,19.1,4.4
TKT509166,2025-08-19,Phone,Cards,Refund Delay,Positive,High,Pending,31.7,3.7
TKT509361,2025-08-19,Chat,Payments,Payment Failed,Negative,Critical,Pending,31.1,2.8
TKT504795,2025-08-19,Email,Cards,Account Access,Neutral,Low,Pending,32.4,3.4
TKT501617,2025-08-20,Email,Payments,Loan Query,Negative,High,Pending,40.5,2.6
TKT507230,2025-08-20,Email,Payments,App Bug,Neutral,Low,Pending,39.8,3.7
TKT508055,2025-08-20,Chat,Cards,Card Issue,Positive,Medium,Resolved,22.7,4.0
TKT506148,2025-08-20,Chat,Payments,Loan Query,Positive,Low,Resolved,22.3,4.3
TKT509309,2025-08-20,Chat,Payments,Refund Delay,Positive,Low,Resolved,20.3,2.9
TKT502939,2025-08-20,Chat,Mobile App,Card Issue,Neutral,Medium,Resolved,23.0,3.7
TKT507918,2025-08-20,Email,Payments,Card Issue,Positive,Medium,Pending,38.9,3.6
TKT503183,2025-08-20,Chat,Account,Loan Query,Positive,High,Resolved,28.8,4.1
TKT506282,2025-08-20,Social,Account,Payment Failed,Neutral,Low,Resolved,22.3,3.3
TKT502369,2025-08-20,Social,Account,Loan Query,Positive,High,Pending,32.1,4.2
TKT505806,2025-08-20,Social,Cards,Payment Failed,Neutral,High,Pending,46.6,4.3
TKT510481,2025-08-20,Email,Mobile App,Account Access,Negative,Medium,Pending,39.4,1.5
TKT507098,2025-08-20,Phone,Mobile App,Card Issue,Positive,High,Pending,36.4,4.0
TKT501736,2025-08-20,Email,Account,Refund Delay,Positive,High,Pending,47.6,3.6
TKT504058,2025-08-20,Email,Account,Card Issue,Positive,Critical,Pending,51.5,4.6
TKT510645,2025-08-20,Chat,Cards,App Bug,Negative,Low,Resolved,25.2,3.0
TKT504319,2025-08-20,Social,Payments,Payment Failed,Negative,High,Pending,31.3,2.4
TKT511904,2025-08-20,Chat,Account,Payment Failed,Negative,Low,Resolved,20.2,2.1
TKT510058,2025-08-20,Chat,Mobile App,Card Issue,Negative,Medium,Resolved,25.9,3.5
TKT501294,2025-08-21,Phone,Loans,Account Access,Neutral,Low,Pending,35.6,4.2
TKT501112,2025-08-21,Social,Cards,Card Issue,Neutral,Low,Resolved,27.9,2.1
TKT503570,2025-08-21,Chat,Payments,Login Issue,Negative,Medium,Resolved,28.7,3.0
TKT501230,2025-08-21,Email,Mobile App,Login Issue,Positive,High,Pending,54.8,4.1
TKT510601,2025-08-21,Chat,Mobile App,Login Issue,Negative,High,Resolved,26.8,2.9
TKT503219,2025-08-21,Phone,Mobile App,App Bug,Neutral,High,Pending,34.5,4.3
TKT507370,2025-08-21,Phone,Loans,Login Issue,Negative,Medium,Resolved,24.4,2.3
TKT507633,2025-08-21,Phone,Loans,Refund Delay,Neutral,Low,Resolved,23.1,4.4
TKT501324,2025-08-21,Chat,Payments,App Bug,Neutral,Medium,Resolved,26.4,3.8
TKT510252,2025-08-21,Phone,Payments,Refund Delay,Neutral,Medium,Resolved,23.2,3.3
TKT502181,2025-08-21,Chat,Loans,App Bug,Negative,Low,Pending,31.5,1.5
TKT502152,2025-08-21,Social,Cards,Refund Delay,Negative,High,Pending,36.4,1.2
TKT501703,2025-08-21,Phone,Account,Payment Failed,Negative,Critical,Pending,51.0,2.0
TKT511813,2025-08-21,Email,Cards,Login Issue,Positive,Low,Pending,31.3,3.8
TKT509569,2025-08-22,Email,Loans,Refund Delay,Neutral,Medium,Pending,43.6,4.4
TKT508750,2025-08-22,Chat,Payments,Card Issue,Negative,High,Pending,31.0,3.0
TKT507424,2025-08-22,Chat,Account,Account Access,Negative,Medium,Resolved,18.1,2.6
TKT505981,2025-08-22,Chat,Payments,Login Issue,Negative,High,Resolved,22.7,2.3
TKT501119,2025-08-22,Email,Mobile App,App Bug,Neutral,Medium,Pending,49.1,4.3
TKT504352,2025-08-22,Phone,Cards,Card Issue,Positive,High,Pending,49.5,4.8
TKT510270,2025-08-22,Phone,Payments,Account Access,Neutral,High,Pending,38.3,3.3
TKT502585,2025-08-22,Chat,Payments,Loan Query,Neutral,Low,Resolved,25.4,3.6
TKT503467,2025-08-22,Phone,Mobile App,Login Issue,Positive,High,Pending,36.6,4.0
TKT509556,2025-08-22,Email,Payments,Account Access,Neutral,Low,Pending,34.3,4.1
TKT508202,2025-08-22,Chat,Payments,Refund Delay,Negative,Medium,Resolved,22.4,2.5
TKT507079,2025-08-22,Phone,Payments,Payment Failed,Neutral,High,Pending,34.0,4.6
TKT503586,2025-08-22,Phone,Payments,Refund Delay,Positive,Medium,Resolved,23.0,3.5
TKT501281,2025-08-22,Phone,Mobile App,Account Access,Negative,High,Resolved,26.4,3.5
TKT506706,2025-08-22,Chat,Loans,App Bug,Negative,High,Pending,30.9,2.7
TKT509694,2025-08-22,Chat,Payments,Payment Failed,Negative,High,Resolved,23.0,2.5
TKT507123,2025-08-22,Social,Cards,Card Issue,Neutral,Low,Pending,30.4,4.9
TKT504107,2025-08-22,Chat,Cards,Payment Failed,Neutral,Medium,Resolved,25.8,4.7
TKT509115,2025-08-22,Chat,Mobile App,Card Issue,Negative,Low,Resolved,17.3,2.8
TKT501519,2025-08-22,Social,Payments,Login Issue,Neutral,High,Pending,35.1,4.5
TKT502443,2025-08-22,Social,Payments,Account Access,Positive,High,Pending,33.3,4.4
TKT503948,2025-08-22,Chat,Account,App Bug,Negative,High,Resolved,26.4,2.9
TKT504751,2025-08-22,Phone,Mobile App,App Bug,Negative,High,Pending,47.0,3.1
TKT507557,2025-08-23,Email,Account,App Bug,Neutral,Medium,Pending,45.6,4.0
TKT509704,2025-08-23,Chat,Cards,Refund Delay,Positive,High,Resolved,23.7,4.3
TKT510488,2025-08-23,Chat,Payments,Payment Failed,Negative,Medium,Resolved,22.6,1.6
TKT507177,2025-08-23,Chat,Mobile App,App Bug,Neutral,Medium,Resolved,19.3,3.6
TKT502202,2025-08-23,Social,Mobile App,Payment Failed,Negative,Critical,Pending,40.3,2.6
TKT511745,2025-08-23,Phone,Mobile App,Loan Query,Negative,Medium,Resolved,19.2,1.9
TKT503878,2025-08-23,Chat,Account,Payment Failed,Negative,High,Resolved,26.8,2.7
TKT507979,2025-08-23,Chat,Loans,Payment Failed,Positive,Critical,Pending,35.6,4.2
TKT504758,2025-08-23,Chat,Payments,App Bug,Neutral,Medium,Resolved,28.5,3.4
TKT500353,2025-08-23,Chat,Account,Card Issue,Neutral,High,Resolved,25.2,3.0
TKT504369,2025-08-23,Email,Payments,Login Issue,Neutral,Medium,Pending,50.7,4.1
TKT511298,2025-08-23,Email,Payments,Payment Failed,Neutral,Medium,Pending,30.7,3.8
TKT504680,2025-08-23,Email,Mobile App,Card Issue,Positive,Low,Pending,35.7,3.6
TKT505618,2025-08-23,Phone,Account,Payment Failed,Negative,High,Escalated,55.5,1.6
TKT506441,2025-08-23,Email,Cards,Refund Delay,Neutral,Medium,Pending,39.4,3.5
TKT502621,2025-08-23,Phone,Payments,Login Issue,Negative,High,Pending,31.9,2.0
TKT508681,2025-08-23,Chat,Loans,Loan Query,Negative,Medium,Resolved,20.7,1.7
TKT509634,2025-08-23,Email,Account,Account Access,Positive,Medium,Pending,46.2,4.0
TKT508699,2025-08-24,Email,Cards,Login Issue,Neutral,Low,Pending,48.7,3.6
TKT511765,2025-08-24,Email,Account,Login Issue,Positive,Low,Pending,39.9,3.4
TKT505966,2025-08-24,Email,Payments,Loan Query,Negative,Medium,Pending,32.0,1.9
TKT506109,2025-08-24,Phone,Payments,Refund Delay,Negative,Low,Resolved,25.7,3.8
TKT509220,2025-08-24,Chat,Loans,Refund Delay,Neutral,Low,Resolved,28.2,3.9
TKT509237,2025-08-24,Chat,Loans,Account Access,Negative,Low,Resolved,17.5,3.6
TKT509212,2025-08-24,Email,Mobile App,Payment Failed,Negative,Medium,Pending,37.0,2.6
TKT507905,2025-08-24,Social,Account,Refund Delay,Neutral,Low,Resolved,26.7,3.7
TKT510449,2025-08-24,Phone,Cards,Card Issue,Negative,Medium,Pending,30.8,1.9
TKT504861,2025-08-24,Social,Account,Login Issue,Negative,High,Resolved,28.7,1.9
TKT510427,2025-08-24,Email,Mobile App,Payment Failed,Negative,High,Pending,47.5,2.5
TKT507817,2025-08-24,Chat,Payments,Card Issue,Negative,High,Resolved,25.2,3.3
TKT510358,2025-08-24,Email,Payments,Payment Failed,Negative,High,Pending,50.1,2.7
TKT507193,2025-08-24,Phone,Mobile App,Loan Query,Positive,High,Resolved,27.7,3.7
TKT507733,2025-08-24,Chat,Cards,Refund Delay,Negative,High,Resolved,21.1,2.0
TKT506241,2025-08-24,Email,Mobile App,Account Access,Negative,High,Pending,46.6,3.4
TKT503873,2025-08-24,Social,Payments,Card Issue,Negative,Low,Resolved,27.8,2.5
TKT509778,2025-08-24,Chat,Loans,Card Issue,Neutral,Low,Resolved,28.7,4.6
TKT509081,2025-08-24,Chat,Mobile App,App Bug,Negative,High,Resolved,23.3,2.4
TKT510204,2025-08-25,Chat,Loans,Payment Failed,Negative,Low,Resolved,14.1,1.9
TKT508255,2025-08-25,Email,Account,Payment Failed,Positive,Medium,Pending,36.4,4.4
TKT502137,2025-08-25,Email,Mobile App,Refund Delay,Negative,High,Pending,42.0,2.7
TKT504097,2025-08-25,Phone,Account,Account Access,Positive,High,Pending,40.8,4.7
TKT503659,2025-08-25,Social,Mobile App,Payment Failed,Negative,High,Pending,31.5,2.9
TKT504281,2025-08-25,Chat,Cards,App Bug,Negative,High,Resolved,23.3,2.5
TKT508933,2025-08-25,Phone,Loans,Card Issue,Positive,Low,Resolved,22.0,3.0
TKT509661,2025-08-25,Phone,Payments,Refund Delay,Negative,Medium,Pending,32.4,2.7
TKT502887,2025-08-25,Chat,Payments,App Bug,Negative,High,Resolved,25.8,1.3
TKT511674,2025-08-25,Phone,Payments,Payment Failed,Negative,Low,Resolved,20.2,2.6
TKT505482,2025-08-25,Chat,Loans,Loan Query,Neutral,Medium,Resolved,22.0,3.1
TKT504744,2025-08-25,Chat,Mobile App,Loan Query,Neutral,Medium,Pending,36.3,4.5
TKT510205,2025-08-25,Phone,Payments,Payment Failed,Negative,High,Pending,30.4,2.8
TKT501375,2025-08-25,Email,Cards,Card Issue,Negative,Medium,Pending,44.1,2.4
TKT506738,2025-08-25,Chat,Cards,Card Issue,Positive,Medium,Resolved,14.6,4.4
TKT506479,2025-08-25,Phone,Mobile App,Account Access,Negative,Low,Pending,38.0,2.5
TKT508062,2025-08-25,Phone,Mobile App,App Bug,Negative,Medium,Pending,34.2,2.7
TKT509544,2025-08-25,Social,Account,Loan Query,Positive,Medium,Resolved,25.0,4.3
TKT505331,2025-08-25,Social,Payments,Loan Query,Neutral,Low,Resolved,27.9,3.5
TKT509215,2025-08-25,Social,Loans,Login Issue,Positive,Medium,Resolved,25.6,3.6
TKT506747,2025-08-25,Email,Cards,Account Access,Negative,Critical,Pending,47.6,2.3
TKT504291,2025-08-25,Chat,Account,Payment Failed,Negative,Medium,Resolved,16.2,2.5
TKT501636,2025-08-26,Email,Cards,App Bug,Positive,High,Pending,51.1,4.6
TKT503472,2025-08-26,Phone,Cards,Payment Failed,Negative,High,Pending,53.5,3.0
TKT507300,2025-08-26,Phone,Loans,Loan Query,Neutral,Low,Resolved,27.6,3.4
TKT508179,2025-08-26,Phone,Mobile App,Payment Failed,Negative,High,Pending,36.6,1.7
TKT502992,2025-08-26,Email,Mobile App,Loan Query,Neutral,Critical,Pending,47.6,4.1
TKT511257,2025-08-26,Chat,Loans,Card Issue,Positive,Low,Resolved,29.4,3.7
TKT509440,2025-08-26,Chat,Cards,Card Issue,Positive,Medium,Pending,30.4,5.0
TKT510966,2025-08-26,Social,Payments,App Bug,Negative,High,Pending,37.9,3.2
TKT503498,2025-08-26,Chat,Cards,App Bug,Negative,Medium,Resolved,26.2,2.8
TKT507624,2025-08-26,Email,Mobile App,Refund Delay,Positive,Medium,Pending,42.5,4.0
TKT510654,2025-08-26,Social,Cards,Login Issue,Negative,Medium,Resolved,26.4,2.9
TKT509257,2025-08-26,Email,Payments,Refund Delay,Negative,Medium,Pending,50.2,2.9
TKT501655,2025-08-26,Phone,Payments,Login Issue,Positive,Low,Pending,41.3,3.9
TKT504182,2025-08-26,Phone,Payments,Account Access,Neutral,Critical,Pending,31.2,3.6
TKT508195,2025-08-26,Social,Payments,Login Issue,Negative,Medium,Resolved,29.0,2.0
TKT500202,2025-08-26,Email,Payments,Card Issue,Negative,High,Pending,50.8,2.8
TKT504601,2025-08-26,Chat,Cards,Payment Failed,Negative,Low,Pending,32.3,1.5
TKT510755,2025-08-26,Phone,Payments,Account Access,Positive,Low,Resolved,28.2,3.8
TKT501374,2025-08-26,Phone,Loans,App Bug,Neutral,Critical,Pending,43.8,3.7
TKT504860,2025-08-26,Social,Cards,Card Issue,Neutral,Low,Pending,49.2,2.9
TKT502186,2025-08-26,Chat,Payments,Login Issue,Negative,Low,Resolved,20.5,2.7
TKT506733,2025-08-26,Email,Payments,Payment Failed,Negative,High,Pending,39.5,1.7
TKT501395,2025-08-26,Phone,Cards,Card Issue,Negative,Medium,Pending,35.0,3.3
TKT510028,2025-08-27,Chat,Cards,Login Issue,Positive,Critical,Pending,48.9,4.4
TKT505416,2025-08-27,Chat,Payments,Payment Failed,Neutral,High,Resolved,22.1,3.5
TKT509367,2025-08-27,Chat,Loans,Refund Delay,Neutral,High,Pending,31.5,4.3
TKT505872,2025-08-27,Social,Loans,Loan Query,Neutral,Medium,Pending,32.3,4.5
TKT500485,2025-08-27,Email,Loans,Card Issue,Neutral,Medium,Pending,38.2,3.7
TKT504198,2025-08-27,Phone,Mobile App,Payment Failed,Negative,Medium,Resolved,22.2,2.5
TKT507340,2025-08-27,Social,Account,Account Access,Neutral,High,Pending,36.9,2.9
TKT503764,2025-08-27,Email,Account,Login Issue,Negative,Critical,Pending,51.5,2.4
TKT502754,2025-08-27,Email,Mobile App,Login Issue,Neutral,Medium,Pending,41.9,4.9
TKT501321,2025-08-27,Chat,Loans,Loan Query,Negative,High,Resolved,25.1,3.2
TKT504685,2025-08-27,Email,Cards,Account Access,Neutral,Medium,Pending,32.6,4.0
TKT509918,2025-08-27,Email,Mobile App,Loan Query,Positive,Low,Pending,30.6,4.1
TKT505939,2025-08-27,Chat,Mobile App,App Bug,Negative,Medium,Resolved,25.6,2.6
TKT501372,2025-08-27,Chat,Loans,Account Access,Negative,Low,Resolved,22.5,3.1
TKT506247,2025-08-27,Social,Account,App Bug,Neutral,Medium,Pending,32.8,2.9
TKT505532,2025-08-27,Social,Mobile App,Payment Failed,Neutral,Medium,Resolved,21.4,3.3
TKT501447,2025-08-27,Chat,Mobile App,Payment Failed,Negative,High,Resolved,27.0,2.7
TKT500838,2025-08-27,Email,Cards,Login Issue,Positive,Medium,Pending,34.0,3.0
TKT505946,2025-08-27,Chat,Loans,Card Issue,Positive,Low,Resolved,20.9,4.3
TKT508539,2025-08-27,Social,Payments,Card Issue,Neutral,Medium,Resolved,21.2,3.4
TKT502916,2025-08-27,Email,Loans,Payment Failed,Negative,High,Pending,46.9,2.8
TKT510433,2025-08-27,Chat,Payments,Loan Query,Negative,Medium,Resolved,14.9,2.4
TKT500783,2025-08-27,Chat,Payments,Login Issue,Neutral,Medium,Resolved,16.9,4.1
TKT503410,2025-08-27,Email,Loans,Refund Delay,Negative,High,Pending,46.7,2.5
TKT503939,2025-08-27,Social,Mobile App,Payment Failed,Negative,Medium,Pending,30.5,2.8
TKT508758,2025-08-27,Phone,Payments,Login Issue,Negative,Medium,Resolved,20.4,3.4
TKT511312,2025-08-28,Chat,Mobile App,App Bug,Negative,High,Resolved,21.8,1.6
TKT505990,2025-08-28,Social,Payments,Refund Delay,Negative,Critical,Pending,44.7,1.9
TKT510147,2025-08-28,Email,Loans,Refund Delay,Neutral,High,Escalated,62.9,3.5
TKT502658,2025-08-28,Phone,Mobile App,Payment Failed,Negative,Medium,Resolved,25.7,2.4
TKT506652,2025-08-28,Chat,Cards,Payment Failed,Negative,Critical,Pending,30.0,2.6
TKT511506,2025-08-28,Chat,Payments,Login Issue,Negative,High,Pending,41.8,3.8
TKT500040,2025-08-28,Phone,Mobile App,Card Issue,Negative,Medium,Resolved,25.7,2.8
TKT504471,2025-08-28,Email,Payments,Loan Query,Positive,Medium,Pending,40.9,3.0
TKT511820,2025-08-28,Phone,Cards,Login Issue,Negative,High,Pending,39.9,3.2
TKT501975,2025-08-28,Email,Payments,Payment Failed,Negative,Medium,Pending,42.9,3.2
TKT500751,2025-08-28,Social,Cards,Loan Query,Negative,High,Pending,41.2,3.3
TKT511391,2025-08-28,Email,Payments,Refund Delay,Negative,High,Pending,42.1,2.2
TKT507261,2025-08-28,Email,Cards,Refund Delay,Positive,High,Pending,43.5,3.5
TKT501163,2025-08-28,Email,Loans,Payment Failed,Positive,Critical,Escalated,57.3,3.3
TKT501292,2025-08-29,Email,Mobile App,Login Issue,Positive,Medium,Pending,43.6,3.8
TKT502903,2025-08-29,Email,Payments,Payment Failed,Negative,Medium,Pending,40.2,2.5
TKT509908,2025-08-29,Phone,Account,Refund Delay,Negative,Medium,Pending,37.4,2.0
TKT506723,2025-08-29,Chat,Loans,Payment Failed,Negative,High,Resolved,25.7,2.9
TKT500206,2025-08-29,Chat,Payments,Loan Query,Negative,High,Pending,31.7,3.3
TKT507423,2025-08-29,Chat,Cards,App Bug,Neutral,High,Pending,31.1,3.9
TKT506595,2025-08-29,Chat,Mobile App,Account Access,Positive,Medium,Resolved,27.8,3.3
TKT503222,2025-08-29,Chat,Account,Loan Query,Neutral,Low,Resolved,29.9,3.9
TKT504156,2025-08-29,Chat,Payments,Account Access,Positive,Low,Resolved,19.1,3.9
TKT509495,2025-08-29,Chat,Loans,Card Issue,Neutral,Low,Pending,30.4,4.1
TKT509433,2025-08-29,Email,Loans,Loan Query,Positive,Low,Pending,35.2,4.4
TKT507752,2025-08-29,Chat,Mobile App,Login Issue,Negative,High,Pending,49.2,2.2
TKT507827,2025-08-29,Email,Account,Refund Delay,Negative,Low,Pending,37.8,1.7
TKT507217,2025-08-29,Social,Payments,App Bug,Negative,Medium,Pending,35.8,2.5
TKT500698,2025-08-29,Chat,Cards,Refund Delay,Positive,Medium,Resolved,21.6,3.9
TKT503104,2025-08-29,Chat,Payments,Loan Query,Negative,Medium,Resolved,24.7,2.4
TKT508305,2025-08-29,Email,Loans,Refund Delay,Negative,High,Pending,43.3,2.4
TKT509461,2025-08-29,Chat,Mobile App,Login Issue,Neutral,Low,Resolved,29.8,4.1
TKT505959,2025-08-29,Social,Mobile App,Account Access,Negative,High,Escalated,68.2,3.1
TKT506212,2025-08-29,Chat,Payments,Loan Query,Negative,Low,Pending,34.3,3.0
TKT504128,2025-08-29,Phone,Mobile App,Loan Query,Neutral,Low,Resolved,21.6,4.1
TKT500519,2025-08-29,Email,Payments,Payment Failed,Neutral,Critical,Pending,50.9,4.1
TKT502807,2025-08-29,Email,Account,Payment Failed,Neutral,Low,Pending,37.8,4.5
TKT500651,2025-08-29,Chat,Account,App Bug,Negative,Medium,Pending,33.9,2.2
TKT503548,2025-08-29,Chat,Cards,Account Access,Neutral,Medium,Resolved,22.7,3.2
TKT506281,2025-08-30,Social,Loans,Loan Query,Neutral,Medium,Resolved,25.5,4.3
TKT504878,2025-08-30,Social,Mobile App,Card Issue,Neutral,High,Pending,31.4,3.6
TKT503157,2025-08-30,Email,Mobile App,Card Issue,Negative,High,Pending,40.9,2.8
TKT500367,2025-08-30,Email,Payments,Card Issue,Negative,High,Pending,42.2,2.1
TKT506275,2025-08-30,Chat,Payments,Login Issue,Negative,High,Pending,32.1,2.1
TKT508192,2025-08-30,Social,Loans,Account Access,Neutral,Low,Pending,30.7,2.9
TKT502714,2025-08-30,Email,Payments,Loan Query,Neutral,Medium,Pending,37.6,4.4
TKT509511,2025-08-30,Chat,Cards,Loan Query,Negative,High,Resolved,21.1,3.1
TKT509772,2025-08-30,Email,Payments,Loan Query,Positive,Low,Pending,35.4,4.7
TKT510667,2025-08-30,Email,Payments,Payment Failed,Neutral,Critical,Escalated,65.7,3.2
TKT500557,2025-08-30,Social,Payments,Loan Query,Positive,Medium,Resolved,25.0,3.8
TKT505044,2025-08-30,Chat,Mobile App,Refund Delay,Negative,Medium,Resolved,14.8,1.4
TKT506077,2025-08-30,Chat,Account,Refund Delay,Positive,Low,Resolved,29.6,3.7
TKT502208,2025-08-30,Chat,Account,Refund Delay,Positive,Critical,Pending,40.2,3.9
TKT501588,2025-08-30,Phone,Mobile App,Payment Failed,Neutral,Critical,Pending,33.9,3.2
TKT504632,2025-08-30,Phone,Payments,Loan Query,Positive,High,Pending,45.5,2.9
TKT504312,2025-08-30,Email,Loans,Loan Query,Positive,Low,Pending,34.9,3.6
TKT505529,2025-08-30,Chat,Account,Card Issue,Positive,Low,Pending,44.8,3.6
TKT510496,2025-08-30,Email,Loans,Card Issue,Positive,Low,Pending,41.7,3.7
TKT510306,2025-08-30,Chat,Payments,Login Issue,Neutral,High,Pending,40.1,4.4
TKT511132,2025-08-30,Email,Payments,Payment Failed,Neutral,Low,Pending,31.0,3.3
TKT503384,2025-08-30,Email,Account,Card Issue,Negative,Low,Pending,40.8,3.2
TKT502615,2025-08-31,Chat,Payments,App Bug,Negative,High,Pending,32.1,2.8
TKT511255,2025-08-31,Chat,Payments,Login Issue,Positive,Low,Resolved,26.0,4.2
TKT502425,2025-08-31,Email,Account,Card Issue,Negative,High,Pending,46.6,2.8
TKT500585,2025-08-31,Social,Payments,Refund Delay,Negative,Low,Resolved,23.0,2.7
TKT508056,2025-08-31,Social,Account,Payment Failed,Negative,Medium,Resolved,25.6,3.3
TKT507180,2025-08-31,Phone,Payments,Loan Query,Positive,High,Pending,42.0,3.8
TKT501234,2025-08-31,Email,Cards,Payment Failed,Negative,Critical,Pending,54.5,2.4
TKT506914,2025-08-31,Social,Mobile App,Login Issue,Negative,Critical,Pending,43.4,3.5
TKT506593,2025-08-31,Email,Mobile App,App Bug,Negative,Medium,Pending,31.8,2.9
TKT501001,2025-08-31,Chat,Account,App Bug,Negative,Medium,Resolved,14.2,2.5
TKT501955,2025-08-31,Phone,Mobile App,Account Access,Positive,Low,Pending,42.0,3.6
TKT506799,2025-08-31,Chat,Payments,Login Issue,Positive,Medium,Resolved,17.8,3.4
TKT504771,2025-08-31,Social,Payments,Payment Failed,Positive,Critical,Pending,38.4,4.1
TKT502762,2025-08-31,Chat,Account,Loan Query,Negative,High,Resolved,23.8,2.6
TKT508615,2025-08-31,Chat,Loans,Payment Failed,Negative,Medium,Resolved,28.9,2.3
TKT508614,2025-08-31,Social,Account,Account Access,Negative,Medium,Resolved,29.7,2.2
TKT500183,2025-08-31,Email,Mobile App,Loan Query,Neutral,Medium,Pending,40.9,4.9
TKT500857,2025-08-31,Chat,Cards,App Bug,Negative,Medium,Resolved,24.1,2.5
TKT503893,2025-08-31,Phone,Mobile App,Login Issue,Positive,Medium,Escalated,63.6,3.2
TKT505845,2025-08-31,Chat,Account,Loan Query,Negative,High,Pending,38.2,2.1
TKT501195,2025-08-31,Social,Loans,Refund Delay,Neutral,Medium,Resolved,27.5,3.9
TKT505628,2025-09-01,Phone,Mobile App,Loan Query,Negative,High,Pending,36.3,2.0
TKT508514,2025-09-01,Chat,Cards,Refund Delay,Negative,Medium,Pending,33.4,3.1
TKT504823,2025-09-01,Email,Mobile App,Refund Delay,Positive,Medium,Pending,43.8,3.2
TKT508679,2025-09-01,Chat,Payments,Login Issue,Neutral,High,Pending,34.7,4.0
TKT500152,2025-09-01,Phone,Loans,App Bug,Negative,Low,Resolved,29.1,2.7
TKT503198,2025-09-01,Chat,Payments,App Bug,Positive,High,Resolved,24.6,3.6
TKT506874,2025-09-01,Email,Mobile App,Card Issue,Negative,High,Escalated,60.6,2.1
TKT501309,2025-09-01,Email,Payments,Refund Delay,Negative,Medium,Pending,42.8,3.1
TKT504615,2025-09-01,Social,Mobile App,Account Access,Positive,Medium,Resolved,26.3,4.1
TKT506230,2025-09-01,Email,Payments,Login Issue,Negative,Critical,Pending,48.9,3.0
TKT506521,2025-09-01,Social,Account,Account Access,Positive,Medium,Pending,36.5,4.0
TKT510677,2025-09-01,Chat,Mobile App,Account Access,Negative,Medium,Pending,35.5,2.8
TKT504460,2025-09-01,Social,Account,App Bug,Neutral,Low,Resolved,20.9,4.0
TKT500758,2025-09-01,Phone,Payments,Loan Query,Positive,High,Pending,31.7,3.5
TKT501214,2025-09-01,Email,Payments,Loan Query,Negative,High,Escalated,58.1,1.3
TKT501612,2025-09-01,Chat,Cards,Account Access,Neutral,Low,Resolved,19.2,2.6
TKT505941,2025-09-01,Chat,Mobile App,Payment Failed,Positive,Low,Resolved,13.5,3.5
TKT504275,2025-09-01,Email,Payments,Login Issue,Negative,Medium,Pending,33.9,3.5
TKT502446,2025-09-01,Phone,Cards,Login Issue,Negative,Medium,Pending,30.6,2.4
TKT511949,2025-09-01,Chat,Loans,Loan Query,Negative,Low,Resolved,17.0,1.8
TKT509873,2025-09-01,Social,Account,Login Issue,Neutral,Low,Pending,37.5,4.2
TKT506012,2025-09-01,Email,Loans,Login Issue,Positive,Medium,Pending,47.0,3.7
TKT509371,2025-09-01,Social,Loans,Payment Failed,Positive,Medium,Resolved,23.4,3.3
TKT503599,2025-09-01,Social,Payments,Login Issue,Positive,Low,Resolved,21.0,3.3
TKT503392,2025-09-01,Phone,Account,Login Issue,Negative,High,Resolved,28.3,3.8
TKT500957,2025-09-02,Chat,Loans,Payment Failed,Positive,Medium,Resolved,26.7,3.7
TKT503133,2025-09-02,Phone,Mobile App,Payment Failed,Positive,Medium,Resolved,20.5,3.8
TKT501578,2025-09-02,Phone,Loans,App Bug,Positive,Medium,Resolved,21.8,3.6
TKT504512,2025-09-02,Chat,Payments,App Bug,Negative,High,Resolved,20.2,2.4
TKT502684,2025-09-02,Email,Mobile App,App Bug,Negative,High,Pending,54.0,2.9
TKT507295,2025-09-02,Social,Payments,App Bug,Negative,High,Pending,38.8,2.6
TKT504923,2025-09-02,Email,Payments,App Bug,Negative,High,Pending,54.8,3.4
TKT502043,2025-09-02,Social,Mobile App,Login Issue,Neutral,Medium,Resolved,25.4,3.4
TKT505538,2025-09-02,Chat,Mobile App,Payment Failed,Neutral,Medium,Resolved,28.5,4.6
TKT510592,2025-09-02,Chat,Mobile App,Card Issue,Positive,Low,Resolved,29.7,4.1
TKT510883,2025-09-02,Chat,Account,App Bug,Negative,Medium,Pending,54.1,3.4
TKT508355,2025-09-02,Chat,Loans,App Bug,Negative,High,Resolved,26.3,2.7
TKT506265,2025-09-02,Chat,Mobile App,Payment Failed,Negative,High,Pending,46.4,1.9
TKT510482,2025-09-02,Chat,Cards,Payment Failed,Positive,Medium,Resolved,14.7,5.0
TKT505348,2025-09-02,Email,Mobile App,Loan Query,Positive,Medium,Pending,54.8,4.1
TKT502212,2025-09-02,Email,Account,Refund Delay,Positive,Medium,Pending,45.5,3.1
TKT506606,2025-09-02,Email,Payments,Login Issue,Negative,High,Pending,48.1,1.6
TKT508483,2025-09-02,Chat,Loans,App Bug,Neutral,Low,Pending,33.6,3.6
TKT511864,2025-09-02,Chat,Cards,Refund Delay,Negative,High,Pending,33.4,1.9
TKT510691,2025-09-02,Chat,Payments,Payment Failed,Negative,High,Resolved,25.9,1.8
TKT511590,2025-09-02,Chat,Loans,Login Issue,Neutral,High,Pending,38.7,2.9
TKT505985,2025-09-02,Chat,Mobile App,Payment Failed,Neutral,Critical,Resolved,29.9,4.4
TKT505376,2025-09-02,Email,Loans,Payment Failed,Negative,High,Escalated,55.8,1.7
TKT504982,2025-09-02,Email,Cards,Refund Delay,Neutral,Medium,Pending,37.5,2.7
TKT509665,2025-09-02,Social,Payments,Loan Query,Neutral,Medium,Pending,30.4,2.7
TKT504655,2025-09-02,Social,Cards,App Bug,Negative,High,Pending,37.1,2.8
TKT500818,2025-09-03,Email,Account,Card Issue,Positive,Medium,Pending,34.6,3.2
TKT510558,2025-09-03,Chat,Payments,Payment Failed,Neutral,Low,Pending,32.0,4.3
TKT509494,2025-09-03,Chat,Cards,Payment Failed,Neutral,Medium,Resolved,25.6,4.5
TKT507447,2025-09-03,Chat,Payments,Payment Failed,Negative,Critical,Resolved,28.9,1.8
TKT505556,2025-09-03,Email,Payments,Payment Failed,Negative,Low,Pending,51.0,2.4
TKT501897,2025-09-03,Email,Account,Login Issue,Negative,Low,Pending,42.1,1.6
TKT509518,2025-09-03,Email,Payments,Payment Failed,Neutral,Critical,Pending,45.3,3.4
TKT511171,2025-09-03,Chat,Mobile App,App Bug,Negative,Critical,Pending,41.4,2.4
TKT500145,2025-09-03,Chat,Cards,Refund Delay,Negative,Low,Pending,33.9,2.4
TKT500506,2025-09-03,Email,Mobile App,App Bug,Negative,High,Pending,42.4,1.9
TKT509733,2025-09-03,Email,Mobile App,Payment Failed,Negative,High,Pending,52.9,2.5
TKT505368,2025-09-03,Email,Mobile App,Payment Failed,Negative,Low,Pending,48.5,2.2
TKT508311,2025-09-03,Chat,Cards,Payment Failed,Negative,Critical,Pending,31.1,1.7
TKT502504,2025-09-03,Phone,Cards,Payment Failed,Neutral,Medium,Pending,31.3,4.0
TKT509754,2025-09-03,Email,Payments,Card Issue,Positive,Medium,Pending,37.1,3.2
TKT509222,2025-09-03,Chat,Loans,Refund Delay,Positive,Low,Resolved,27.8,3.9
TKT501689,2025-09-03,Phone,Account,Login Issue,Neutral,Low,Pending,32.9,3.6
TKT511422,2025-09-03,Phone,Loans,Card Issue,Positive,High,Pending,31.9,4.2
TKT502922,2025-09-03,Chat,Payments,Card Issue,Negative,Medium,Resolved,22.7,2.5
TKT501920,2025-09-03,Chat,Mobile App,App Bug,Neutral,Medium,Pending,35.3,4.5
TKT500476,2025-09-03,Chat,Loans,Card Issue,Positive,Low,Resolved,19.4,3.9
TKT509737,2025-09-04,Email,Account,Login Issue,Negative,High,Pending,38.9,2.4
TKT502491,2025-09-04,Email,Cards,Loan Query,Neutral,High,Pending,39.8,5.0
TKT507323,2025-09-04,Phone,Cards,App Bug,Negative,High,Resolved,28.4,2.9
TKT503933,2025-09-04,Chat,Loans,Payment Failed,Neutral,Critical,Resolved,26.3,3.4
TKT505580,2025-09-04,Phone,Mobile App,Payment Failed,Positive,Critical,Pending,34.2,3.6
TKT505423,2025-09-04,Email,Mobile App,Payment Failed,Negative,High,Pending,41.5,2.2
TKT505613,2025-09-04,Social,Mobile App,Login Issue,Negative,High,Pending,33.2,2.4
TKT503702,2025-09-04,Social,Account,Account Access,Negative,Critical,Pending,47.5,3.5
TKT501079,2025-09-04,Social,Loans,App Bug,Negative,High,Pending,48.9,1.7
TKT507687,2025-09-04,Social,Cards,Login Issue,Negative,High,Pending,35.9,2.4
TKT501674,2025-09-04,Email,Payments,Card Issue,Negative,High,Pending,40.3,2.1
TKT503830,2025-09-04,Email,Cards,Loan Query,Negative,High,Pending,41.8,2.8
TKT506043,2025-09-04,Phone,Account,Login Issue,Negative,High,Pending,36.5,2.4
TKT510480,2025-09-04,Chat,Cards,Card Issue,Negative,High,Pending,30.5,2.6
TKT509768,2025-09-04,Email,Mobile App,Payment Failed,Positive,High,Pending,41.3,4.6
TKT500696,2025-09-04,Chat,Payments,Login Issue,Neutral,Medium,Resolved,27.7,3.4
TKT501523,2025-09-04,Social,Payments,Refund Delay,Negative,Medium,Pending,35.0,2.7
TKT506990,2025-09-04,Phone,Loans,Login Issue,Negative,Critical,Pending,36.6,3.0
TKT508414,2025-09-04,Chat,Mobile App,Payment Failed,Negative,Critical,Resolved,27.7,2.3
TKT501609,2025-09-04,Email,Cards,Refund Delay,Negative,High,Pending,42.6,3.8
TKT500281,2025-09-04,Chat,Mobile App,Loan Query,Negative,High,Pending,36.4,1.7
TKT506162,2025-09-05,Chat,Mobile App,Loan Query,Neutral,Low,Resolved,18.8,3.2
TKT508646,2025-09-05,Email,Loans,Account Access,Neutral,High,Pending,50.2,4.5
TKT511529,2025-09-05,Chat,Mobile App,App Bug,Negative,Low,Resolved,26.2,3.4
TKT504467,2025-09-05,Email,Cards,Card Issue,Negative,Medium,Pending,33.5,2.4
TKT500002,2025-09-05,Phone,Mobile App,Card Issue,Neutral,Medium,Pending,48.5,3.8
TKT508069,2025-09-05,Email,Mobile App,Payment Failed,Negative,High,Pending,50.8,2.5
TKT510495,2025-09-05,Chat,Cards,Login Issue,Negative,High,Resolved,23.8,2.5
TKT501101,2025-09-05,Email,Account,Payment Failed,Negative,High,Pending,39.0,2.7
TKT504895,2025-09-05,Chat,Payments,Account Access,Negative,High,Resolved,22.8,1.9
TKT500826,2025-09-05,Phone,Loans,Loan Query,Neutral,High,Resolved,29.2,3.9
TKT504106,2025-09-05,Email,Loans,Card Issue,Neutral,Medium,Pending,32.9,3.4
TKT509892,2025-09-05,Email,Mobile App,Payment Failed,Negative,Low,Escalated,62.1,2.1
TKT504110,2025-09-05,Chat,Cards,Payment Failed,Neutral,Medium,Resolved,19.1,4.1
TKT501295,2025-09-05,Phone,Payments,App Bug,Neutral,Low,Pending,40.7,3.0
TKT509021,2025-09-05,Email,Payments,Payment Failed,Neutral,Low,Escalated,70.2,2.6
TKT501766,2025-09-05,Chat,Cards,Refund Delay,Positive,Medium,Resolved,26.6,4.2
TKT500767,2025-09-05,Phone,Account,Payment Failed,Negative,High,Resolved,27.8,2.8
TKT510240,2025-09-05,Phone,Account,Payment Failed,Negative,Critical,Pending,40.3,2.8
TKT502366,2025-09-05,Phone,Payments,Refund Delay,Negative,High,Pending,44.0,2.9
TKT508312,2025-09-05,Phone,Payments,Payment Failed,Negative,High,Pending,43.3,1.5
TKT501818,2025-09-05,Chat,Mobile App,Payment Failed,Positive,Low,Resolved,21.7,3.5
TKT510715,2025-09-05,Chat,Mobile App,Card Issue,Negative,Medium,Resolved,16.4,1.9
TKT500171,2025-09-06,Chat,Account,Refund Delay,Negative,Low,Resolved,20.7,2.3
TKT511875,2025-09-06,Email,Mobile App,Payment Failed,Positive,High,Pending,45.1,4.6
TKT509990,2025-09-06,Chat,Account,App Bug,Neutral,High,Pending,31.6,4.0
TKT509057,2025-09-06,Email,Payments,Account Access,Negative,Medium,Pending,35.1,3.2
TKT505080,2025-09-06,Email,Cards,Payment Failed,Negative,High,Pending,45.3,3.1
TKT501661,2025-09-06,Phone,Account,Refund Delay,Negative,Low,Pending,33.3,3.2
TKT508675,2025-09-06,Email,Loans,Loan Query,Positive,High,Pending,45.3,3.8
TKT502502,2025-09-06,Chat,Mobile App,Card Issue,Positive,High,Pending,37.0,4.1
TKT504674,2025-09-06,Phone,Payments,Card Issue,Neutral,High,Pending,36.0,3.7
TKT506862,2025-09-06,Social,Payments,Payment Failed,Neutral,Critical,Pending,41.1,3.7
TKT502044,2025-09-06,Chat,Loans,Card Issue,Positive,High,Pending,31.6,4.1
TKT510876,2025-09-06,Email,Cards,Loan Query,Positive,Low,Pending,38.6,3.3
TKT503395,2025-09-06,Social,Mobile App,Card Issue,Positive,Medium,Resolved,21.6,3.8
TKT510124,2025-09-06,Chat,Cards,Loan Query,Negative,Low,Pending,31.0,1.8
TKT511353,2025-09-06,Phone,Payments,Account Access,Negative,Medium,Resolved,28.0,2.4
TKT500238,2025-09-06,Chat,Mobile App,Login Issue,Negative,Low,Resolved,15.3,3.4
TKT506401,2025-09-06,Email,Account,Refund Delay,Negative,Low,Pending,32.8,2.3
TKT505843,2025-09-06,Email,Cards,App Bug,Neutral,Low,Pending,43.6,4.7
TKT500593,2025-09-06,Social,Loans,Payment Failed,Neutral,Low,Resolved,27.4,3.3
TKT501936,2025-09-07,Email,Cards,Refund Delay,Positive,Low,Pending,33.7,4.3
TKT509374,2025-09-07,Social,Account,Refund Delay,Negative,Critical,Pending,40.9,2.9
TKT506696,2025-09-07,Email,Cards,Payment Failed,Negative,Low,Pending,41.4,2.6
TKT503660,2025-09-07,Phone,Account,Refund Delay,Neutral,Medium,Resolved,24.3,4.7
TKT503849,2025-09-07,Phone,Cards,Payment Failed,Neutral,Low,Pending,32.0,4.1
TKT502309,2025-09-07,Email,Loans,Payment Failed,Negative,Low,Escalated,58.6,1.1
TKT511061,2025-09-07,Chat,Payments,Login Issue,Negative,Medium,Resolved,24.3,1.7
TKT510936,2025-09-07,Chat,Mobile App,App Bug,Neutral,High,Pending,37.3,4.0
TKT504726,2025-09-07,Email,Mobile App,Login Issue,Neutral,High,Pending,41.6,3.4
TKT503644,2025-09-07,Email,Cards,Loan Query,Negative,High,Pending,46.6,1.9
TKT501720,2025-09-07,Social,Account,Card Issue,Positive,High,Pending,50.9,5.0
TKT509346,2025-09-07,Phone,Cards,Refund Delay,Negative,Medium,Pending,36.7,2.3
TKT506186,2025-09-07,Chat,Payments,Account Access,Neutral,Medium,Resolved,19.5,3.4
TKT506432,2025-09-08,Social,Mobile App,Refund Delay,Neutral,Low,Pending,38.7,4.1
TKT506728,2025-09-08,Email,Cards,Card Issue,Positive,Critical,Pending,49.0,4.3
TKT509953,2025-09-08,Email,Loans,Account Access,Positive,Medium,Pending,42.7,3.1
TKT504448,2025-09-08,Chat,Mobile App,Login Issue,Neutral,High,Resolved,29.0,4.0
TKT505816,2025-09-08,Email,Payments,Payment Failed,Neutral,Medium,Pending,40.1,3.9
TKT504143,2025-09-08,Phone,Cards,App Bug,Negative,High,Resolved,28.8,3.1
TKT501662,2025-09-08,Phone,Payments,Card Issue,Negative,Medium,Resolved,20.4,2.7
TKT503162,2025-09-08,Email,Payments,Account Access,Negative,High,Pending,47.6,2.4
TKT510946,2025-09-08,Phone,Mobile App,Account Access,Positive,Medium,Pending,34.0,4.0
TKT506950,2025-09-08,Chat,Cards,Login Issue,Negative,Low,Resolved,16.0,2.9
TKT501186,2025-09-08,Chat,Loans,Refund Delay,Negative,High,Resolved,23.0,2.0
TKT506961,2025-09-08,Chat,Mobile App,Login Issue,Neutral,Medium,Resolved,18.4,3.0
TKT503945,2025-09-08,Phone,Mobile App,Card Issue,Neutral,High,Pending,31.2,4.2
TKT508207,2025-09-08,Social,Account,Account Access,Positive,Low,Pending,34.0,4.1
TKT511635,2025-09-08,Email,Loans,App Bug,Neutral,High,Pending,41.1,4.0
TKT508232,2025-09-08,Email,Mobile App,Payment Failed,Neutral,Low,Pending,35.7,5.0
TKT507145,2025-09-08,Phone,Account,Login Issue,Positive,Medium,Resolved,24.9,4.9
TKT511778,2025-09-08,Chat,Cards,Login Issue,Neutral,Medium,Resolved,26.8,4.1
TKT507242,2025-09-09,Chat,Account,Card Issue,Positive,Medium,Resolved,23.2,4.6
TKT501449,2025-09-09,Phone,Cards,Refund Delay,Positive,Low,Resolved,26.2,3.5
TKT502229,2025-09-09,Phone,Payments,Refund Delay,Neutral,Medium,Resolved,28.4,3.6
TKT508853,2025-09-09,Email,Cards,Refund Delay,Positive,Medium,Pending,43.2,3.3
TKT507645,2025-09-09,Chat,Cards,Payment Failed,Negative,Low,Resolved,27.4,2.1
TKT508380,2025-09-09,Chat,Mobile App,App Bug,Negative,Medium,Resolved,17.5,2.0
TKT500677,2025-09-09,Email,Mobile App,Account Access,Negative,Medium,Pending,41.4,2.2
TKT503722,2025-09-09,Chat,Account,Payment Failed,Positive,Low,Resolved,19.9,4.2
TKT507183,2025-09-09,Chat,Mobile App,Loan Query,Neutral,Critical,Pending,30.2,3.7
TKT503638,2025-09-09,Chat,Cards,App Bug,Neutral,Low,Resolved,16.8,2.7
TKT506316,2025-09-09,Social,Payments,Card Issue,Negative,Medium,Pending,37.5,2.5
TKT507683,2025-09-09,Phone,Cards,Login Issue,Negative,Medium,Resolved,22.6,3.4
TKT503374,2025-09-09,Email,Loans,App Bug,Negative,Medium,Pending,34.0,3.1
TKT505026,2025-09-09,Email,Cards,App Bug,Neutral,High,Pending,45.1,4.6
TKT504343,2025-09-09,Social,Payments,Loan Query,Positive,Medium,Pending,35.7,2.9
TKT506373,2025-09-09,Social,Payments,Payment Failed,Negative,High,Resolved,29.7,2.6
TKT507753,2025-09-09,Phone,Account,App Bug,Negative,High,Resolved,28.7,1.7
TKT503461,2025-09-09,Email,Account,Account Access,Negative,High,Pending,42.7,2.9
TKT505084,2025-09-09,Phone,Cards,Login Issue,Neutral,Critical,Pending,42.2,3.1
TKT509562,2025-09-09,Social,Mobile App,App Bug,Negative,Low,Resolved,23.3,2.8
TKT505307,2025-09-09,Chat,Mobile App,Payment Failed,Negative,High,Pending,36.7,1.8
TKT511764,2025-09-09,Email,Payments,Payment Failed,Neutral,High,Pending,52.6,3.6
TKT505440,2025-09-09,Chat,Cards,Card Issue,Negative,Medium,Pending,32.7,2.6
TKT506216,2025-09-09,Chat,Mobile App,Loan Query,Positive,Low,Resolved,19.7,4.4
TKT500851,2025-09-09,Email,Account,App Bug,Negative,High,Pending,43.8,3.3
TKT507356,2025-09-10,Phone,Mobile App,Payment Failed,Negative,High,Resolved,27.8,2.3
TKT510748,2025-09-10,Email,Payments,Loan Query,Negative,High,Pending,39.8,2.2
TKT510030,2025-09-10,Chat,Loans,Account Access,Negative,High,Resolved,27.8,2.8
TKT505663,2025-09-10,Phone,Loans,Loan Query,Neutral,Low,Pending,31.7,2.9
TKT510313,2025-09-10,Social,Mobile App,Payment Failed,Positive,High,Pending,33.5,3.4
TKT500530,2025-09-10,Chat,Payments,Account Access,Negative,Medium,Pending,35.5,2.7
TKT511428,2025-09-10,Social,Account,Refund Delay,Positive,Medium,Pending,31.3,4.7
TKT510997,2025-09-10,Phone,Cards,Refund Delay,Negative,High,Pending,34.3,4.3
TKT506938,2025-09-10,Chat,Payments,Refund Delay,Negative,High,Resolved,25.1,1.8
TKT502102,2025-09-10,Social,Cards,Login Issue,Negative,High,Pending,39.0,2.0
TKT500596,2025-09-10,Email,Cards,App Bug,Negative,High,Escalated,73.8,2.2
TKT511072,2025-09-10,Phone,Payments,Refund Delay,Negative,Medium,Resolved,20.6,2.4
TKT505300,2025-09-10,Social,Mobile App,Loan Query,Positive,Low,Resolved,21.2,3.7
TKT503998,2025-09-10,Chat,Mobile App,Payment Failed,Neutral,Low,Resolved,14.9,4.2
TKT503200,2025-09-10,Chat,Account,Refund Delay,Negative,Low,Pending,35.6,3.7
TKT508096,2025-09-10,Email,Mobile App,App Bug,Positive,Medium,Pending,36.7,4.8
TKT501457,2025-09-10,Email,Loans,Login Issue,Negative,Medium,Pending,45.7,2.9
TKT503608,2025-09-10,Email,Account,Card Issue,Negative,Medium,Pending,48.7,2.5
TKT502306,2025-09-10,Phone,Cards,Refund Delay,Positive,High,Pending,41.1,3.3
TKT507110,2025-09-10,Chat,Payments,Payment Failed,Negative,Low,Resolved,15.4,3.1
TKT510432,2025-09-10,Phone,Account,Payment Failed,Positive,High,Pending,34.5,3.5
TKT511230,2025-09-10,Email,Payments,App Bug,Negative,High,Pending,50.5,1.3
TKT508206,2025-09-10,Phone,Cards,Account Access,Positive,High,Pending,32.5,3.6
TKT509462,2025-09-10,Chat,Mobile App,Refund Delay,Negative,Low,Pending,33.4,1.6
TKT505624,2025-09-10,Phone,Mobile App,Payment Failed,Negative,High,Pending,33.0,2.6
TKT504622,2025-09-11,Email,Loans,Payment Failed,Neutral,Critical,Pending,47.1,3.7
TKT503316,2025-09-11,Chat,Cards,Refund Delay,Negative,Medium,Resolved,18.7,3.2
TKT506395,2025-09-11,Email,Mobile App,Loan Query,Neutral,Medium,Pending,38.9,4.2
TKT509144,2025-09-11,Social,Payments,Loan Query,Positive,Low,Resolved,29.8,3.5
TKT509600,2025-09-11,Social,Payments,Payment Failed,Negative,High,Pending,36.6,1.9
TKT507097,2025-09-11,Chat,Cards,Account Access,Neutral,High,Pending,39.4,4.2
TKT511076,2025-09-11,Email,Cards,Payment Failed,Positive,Low,Pending,47.3,3.6
TKT508406,2025-09-11,Phone,Payments,Account Access,Negative,High,Pending,40.5,2.7
TKT508119,2025-09-11,Email,Mobile App,Login Issue,Positive,Low,Pending,42.1,4.3
TKT506264,2025-09-11,Chat,Mobile App,App Bug,Neutral,Low,Resolved,20.5,4.6
TKT507272,2025-09-11,Chat,Payments,Payment Failed,Neutral,High,Pending,30.2,4.1
TKT505114,2025-09-11,Chat,Cards,Payment Failed,Negative,High,Resolved,26.6,2.9
TKT500284,2025-09-11,Social,Payments,Refund Delay,Negative,Medium,Pending,43.8,3.9
TKT500926,2025-09-11,Phone,Account,Refund Delay,Neutral,High,Pending,34.1,4.5
TKT508288,2025-09-11,Phone,Loans,Refund Delay,Positive,Critical,Pending,38.7,4.4
TKT502742,2025-09-11,Chat,Cards,App Bug,Neutral,Medium,Resolved,19.1,4.3
TKT504732,2025-09-11,Chat,Account,Card Issue,Positive,Critical,Pending,32.3,2.6
TKT508802,2025-09-11,Chat,Loans,Refund Delay,Positive,Medium,Resolved,20.6,2.8
TKT502521,2025-09-11,Chat,Payments,Refund Delay,Negative,High,Pending,36.9,2.9
TKT508997,2025-09-11,Social,Cards,App Bug,Negative,Low,Resolved,23.9,3.1
TKT500054,2025-09-11,Social,Payments,Loan Query,Neutral,Medium,Resolved,23.9,5.0
TKT501651,2025-09-11,Chat,Cards,Login Issue,Negative,High,Pending,43.7,3.1
TKT500777,2025-09-11,Chat,Mobile App,Payment Failed,Negative,High,Resolved,19.5,2.9
TKT501345,2025-09-11,Email,Mobile App,Payment Failed,Negative,High,Escalated,55.3,1.4
TKT505603,2025-09-12,Chat,Loans,Refund Delay,Negative,High,Resolved,24.7,2.2
TKT511501,2025-09-12,Phone,Mobile App,Loan Query,Neutral,Medium,Resolved,23.5,4.1
TKT509967,2025-09-12,Chat,Payments,Loan Query,Negative,Medium,Resolved,28.3,2.9
TKT511860,2025-09-12,Chat,Payments,Payment Failed,Positive,Medium,Resolved,21.3,4.0
TKT501669,2025-09-12,Chat,Loans,Card Issue,Neutral,Medium,Resolved,21.3,4.2
TKT510237,2025-09-12,Social,Cards,Payment Failed,Negative,Medium,Resolved,29.2,2.8
TKT509368,2025-09-12,Chat,Loans,Account Access,Negative,High,Resolved,22.0,2.2
TKT505796,2025-09-12,Chat,Payments,Card Issue,Positive,High,Pending,32.8,4.4
TKT510844,2025-09-12,Email,Payments,Refund Delay,Negative,High,Pending,48.3,1.6
TKT501184,2025-09-12,Email,Payments,Card Issue,Neutral,High,Pending,53.6,4.1
TKT505857,2025-09-12,Chat,Loans,App Bug,Negative,High,Resolved,27.4,2.7
TKT509470,2025-09-12,Phone,Mobile App,Refund Delay,Negative,High,Pending,33.1,2.7
TKT507889,2025-09-12,Phone,Account,Login Issue,Negative,Low,Pending,37.8,2.2
TKT502854,2025-09-12,Phone,Payments,Payment Failed,Negative,High,Pending,40.8,1.2
TKT507232,2025-09-12,Phone,Mobile App,Refund Delay,Positive,Medium,Resolved,19.2,3.7
TKT507847,2025-09-13,Email,Mobile App,Loan Query,Neutral,Medium,Pending,40.8,4.3
TKT505861,2025-09-13,Phone,Account,App Bug,Negative,Low,Pending,32.8,2.4
TKT506789,2025-09-13,Phone,Loans,Loan Query,Positive,Critical,Pending,33.4,4.3
TKT503428,2025-09-13,Phone,Account,Card Issue,Negative,High,Resolved,29.9,2.4
TKT502380,2025-09-13,Chat,Payments,Account Access,Neutral,Low,Resolved,13.9,4.0
TKT507360,2025-09-13,Chat,Loans,Login Issue,Negative,High,Pending,36.0,2.9
TKT511364,2025-09-13,Chat,Payments,Account Access,Neutral,Low,Resolved,19.9,4.4
TKT507350,2025-09-13,Email,Account,Login Issue,Negative,Low,Pending,39.8,2.7
TKT511096,2025-09-13,Email,Mobile App,Card Issue,Positive,Medium,Escalated,61.5,2.7
TKT500913,2025-09-13,Phone,Cards,Refund Delay,Neutral,Medium,Resolved,27.4,4.2
TKT508901,2025-09-13,Chat,Mobile App,App Bug,Positive,Low,Resolved,24.4,3.8
TKT501114,2025-09-13,Email,Account,Card Issue,Negative,Medium,Pending,37.2,1.5
TKT503294,2025-09-13,Phone,Account,Card Issue,Positive,Low,Pending,30.6,4.2
TKT505147,2025-09-13,Phone,Account,Login Issue,Neutral,High,Pending,31.8,4.2
TKT508696,2025-09-13,Email,Mobile App,Refund Delay,Positive,Medium,Pending,39.2,3.4
TKT505187,2025-09-13,Email,Account,Payment Failed,Positive,Critical,Escalated,60.4,3.4
TKT509970,2025-09-13,Phone,Cards,Login Issue,Negative,Low,Resolved,25.8,2.4
TKT511332,2025-09-13,Chat,Payments,Loan Query,Negative,High,Pending,31.7,2.3
TKT502488,2025-09-13,Chat,Mobile App,Loan Query,Positive,High,Pending,32.9,4.1
TKT508863,2025-09-13,Phone,Payments,Refund Delay,Negative,High,Pending,48.0,2.5
TKT509163,2025-09-14,Social,Cards,Card Issue,Negative,Medium,Pending,38.1,1.6
TKT500687,2025-09-14,Social,Mobile App,Account Access,Positive,Medium,Resolved,20.7,3.7
TKT506041,2025-09-14,Email,Mobile App,Login Issue,Positive,Low,Pending,38.8,3.7
TKT505726,2025-09-14,Email,Payments,App Bug,Negative,Low,Pending,41.9,2.0
TKT504939,2025-09-14,Phone,Account,Account Access,Neutral,Medium,Resolved,20.0,4.6
TKT506827,2025-09-14,Social,Loans,App Bug,Negative,High,Escalated,57.2,2.1
TKT511874,2025-09-14,Chat,Loans,Payment Failed,Neutral,Low,Resolved,16.1,3.4
TKT510651,2025-09-14,Chat,Mobile App,Account Access,Positive,Medium,Resolved,25.9,3.3
TKT510304,2025-09-14,Chat,Loans,Account Access,Positive,High,Resolved,24.3,3.8
TKT507429,2025-09-14,Email,Loans,Login Issue,Neutral,High,Pending,46.4,3.8
TKT500425,2025-09-14,Phone,Mobile App,Refund Delay,Neutral,Low,Pending,36.1,3.9
TKT502009,2025-09-14,Phone,Account,App Bug,Negative,Low,Resolved,23.6,3.2
TKT511800,2025-09-14,Email,Account,Payment Failed,Neutral,Low,Pending,35.8,4.1
TKT507087,2025-09-14,Email,Cards,Loan Query,Positive,Medium,Pending,43.2,4.5
TKT505411,2025-09-14,Chat,Payments,Card Issue,Positive,Medium,Resolved,24.4,4.4
TKT507298,2025-09-14,Social,Loans,Refund Delay,Negative,High,Pending,34.6,3.0
TKT505555,2025-09-14,Email,Mobile App,Payment Failed,Negative,High,Pending,49.5,1.6
TKT507011,2025-09-15,Phone,Mobile App,Account Access,Negative,Medium,Resolved,27.8,3.5
TKT511807,2025-09-15,Chat,Cards,Payment Failed,Negative,High,Resolved,29.6,2.0
TKT502683,2025-09-15,Phone,Cards,Loan Query,Negative,High,Pending,39.7,2.6
TKT508004,2025-09-15,Chat,Cards,App Bug,Neutral,Medium,Resolved,28.5,3.9
TKT508437,2025-09-15,Email,Mobile App,Card Issue,Positive,Medium,Pending,32.1,3.3
TKT508686,2025-09-15,Email,Payments,Login Issue,Negative,High,Escalated,65.6,1.8
TKT511431,2025-09-15,Chat,Cards,Payment Failed,Negative,High,Resolved,26.8,2.6
TKT505980,2025-09-15,Email,Cards,Login Issue,Negative,High,Pending,45.7,3.4
TKT502277,2025-09-15,Phone,Mobile App,Account Access,Neutral,Low,Resolved,25.9,4.5
TKT510296,2025-09-15,Social,Payments,Loan Query,Positive,High,Pending,39.7,4.0
TKT503074,2025-09-15,Email,Loans,Login Issue,Positive,Low,Escalated,61.7,3.9
TKT502767,2025-09-15,Phone,Payments,Login Issue,Negative,Medium,Pending,33.5,3.2
TKT504813,2025-09-15,Social,Cards,Loan Query,Neutral,Medium,Resolved,25.3,3.3
TKT511944,2025-09-15,Social,Cards,App Bug,Negative,High,Pending,31.5,3.2
TKT509799,2025-09-15,Email,Loans,Payment Failed,Positive,High,Pending,48.5,4.0
TKT503343,2025-09-15,Chat,Mobile App,Login Issue,Negative,Medium,Resolved,24.9,3.1
TKT511265,2025-09-15,Chat,Loans,Payment Failed,Neutral,Medium,Resolved,17.6,3.7
TKT502541,2025-09-15,Chat,Payments,Payment Failed,Negative,High,Resolved,20.6,3.0
TKT501959,2025-09-15,Phone,Account,Payment Failed,Negative,Low,Resolved,27.8,2.9
TKT505279,2025-09-15,Phone,Account,Refund Delay,Positive,Low,Resolved,22.8,3.9
TKT508490,2025-09-15,Social,Mobile App,App Bug,Neutral,Low,Pending,39.5,3.8
TKT500594,2025-09-15,Chat,Loans,Account Access,Positive,High,Resolved,27.5,4.1
TKT508454,2025-09-15,Phone,Loans,Refund Delay,Neutral,Medium,Resolved,22.7,3.3
TKT511871,2025-09-15,Chat,Cards,Loan Query,Positive,High,Pending,36.5,3.7
TKT504551,2025-09-15,Email,Loans,Payment Failed,Neutral,Medium,Pending,51.9,4.1
TKT510512,2025-09-16,Email,Loans,Refund Delay,Negative,Low,Pending,43.3,2.2
TKT505867,2025-09-16,Chat,Loans,Account Access,Neutral,Critical,Pending,33.4,3.4
TKT506228,2025-09-16,Email,Cards,Loan Query,Neutral,Medium,Pending,34.6,3.5
TKT509108,2025-09-16,Phone,Payments,Card Issue,Positive,High,Pending,39.1,3.7
TKT501898,2025-09-16,Email,Mobile App,Payment Failed,Neutral,High,Pending,48.4,3.5
TKT508964,2025-09-16,Phone,Cards,Card Issue,Neutral,High,Pending,41.6,4.4
TKT508500,2025-09-16,Social,Account,Account Access,Positive,Medium,Resolved,25.8,3.7
TKT506397,2025-09-16,Chat,Account,Refund Delay,Negative,High,Resolved,29.9,2.6
TKT504903,2025-09-16,Social,Payments,Loan Query,Neutral,High,Pending,34.2,4.0
TKT509018,2025-09-16,Chat,Cards,App Bug,Neutral,Medium,Resolved,20.3,4.0
TKT504088,2025-09-16,Phone,Mobile App,Loan Query,Negative,High,Pending,36.0,1.3
TKT504904,2025-09-16,Email,Payments,Refund Delay,Negative,High,Pending,45.5,2.9
TKT507873,2025-09-16,Social,Mobile App,Login Issue,Negative,High,Pending,32.5,1.4
TKT510422,2025-09-16,Chat,Mobile App,Card Issue,Neutral,Low,Resolved,13.7,4.5
TKT504718,2025-09-16,Email,Account,Refund Delay,Negative,High,Escalated,57.4,1.2
TKT510612,2025-09-16,Chat,Mobile App,Login Issue,Neutral,Low,Resolved,18.3,2.8
TKT502670,2025-09-17,Phone,Account,Login Issue,Neutral,Medium,Resolved,26.4,3.4
TKT500140,2025-09-17,Chat,Mobile App,Card Issue,Positive,Medium,Resolved,12.9,3.1
TKT509840,2025-09-17,Chat,Payments,App Bug,Negative,Critical,Pending,37.3,2.2
TKT506959,2025-09-17,Phone,Loans,Card Issue,Negative,Medium,Resolved,27.8,2.3
TKT510882,2025-09-17,Social,Account,App Bug,Negative,High,Pending,41.6,2.9
TKT501134,2025-09-17,Email,Mobile App,Refund Delay,Neutral,Low,Escalated,55.9,2.9
TKT511352,2025-09-17,Phone,Mobile App,Loan Query,Positive,Medium,Resolved,23.2,3.6
TKT511671,2025-09-17,Email,Cards,Loan Query,Neutral,Medium,Pending,44.5,3.8
TKT506933,2025-09-17,Chat,Mobile App,Login Issue,Positive,Low,Resolved,15.9,3.5
TKT511219,2025-09-17,Chat,Payments,App Bug,Negative,High,Resolved,21.1,2.7
TKT501432,2025-09-17,Chat,Payments,Refund Delay,Positive,High,Resolved,27.4,3.5
TKT502564,2025-09-17,Phone,Payments,App Bug,Negative,High,Pending,49.5,2.7
TKT511738,2025-09-17,Email,Cards,Card Issue,Neutral,Low,Pending,34.0,3.0
TKT506885,2025-09-17,Phone,Loans,Login Issue,Neutral,Medium,Pending,33.0,2.8
TKT501717,2025-09-17,Email,Loans,Payment Failed,Neutral,High,Pending,43.7,3.7
TKT503715,2025-09-17,Phone,Mobile App,Login Issue,Negative,High,Resolved,26.7,2.3
TKT507060,2025-09-17,Social,Payments,Payment Failed,Neutral,Low,Resolved,28.7,3.3
TKT502748,2025-09-17,Phone,Mobile App,Login Issue,Neutral,Medium,Pending,32.1,3.6
TKT509894,2025-09-17,Chat,Mobile App,Loan Query,Positive,Medium,Resolved,15.1,2.9
TKT500537,2025-09-17,Chat,Account,App Bug,Positive,Medium,Pending,53.7,3.3
TKT506505,2025-09-17,Chat,Account,Refund Delay,Negative,High,Resolved,26.9,2.7
TKT501914,2025-09-17,Chat,Cards,Refund Delay,Negative,Low,Resolved,21.8,2.0
TKT502373,2025-09-17,Email,Mobile App,Card Issue,Neutral,Medium,Pending,46.4,3.7
TKT505795,2025-09-17,Social,Loans,Payment Failed,Negative,High,Pending,35.5,2.0
TKT503237,2025-09-18,Chat,Cards,Refund Delay,Neutral,High,Pending,31.5,4.2
TKT504768,2025-09-18,Chat,Loans,Loan Query,Positive,Medium,Resolved,24.2,4.5
TKT509698,2025-09-18,Phone,Mobile App,Refund Delay,Positive,Low,Pending,30.1,3.4
TKT507965,2025-09-18,Phone,Payments,Login Issue,Negative,Critical,Pending,42.9,3.1
TKT500149,2025-09-18,Chat,Cards,Account Access,Positive,Low,Resolved,23.7,4.5
TKT502421,2025-09-18,Chat,Payments,Login Issue,Negative,High,Pending,38.1,2.0
TKT500737,2025-09-18,Social,Account,Refund Delay,Negative,High,Pending,38.9,2.6
TKT501563,2025-09-18,Chat,Loans,Card Issue,Positive,High,Resolved,29.2,4.5
TKT508641,2025-09-18,Chat,Mobile App,Login Issue,Negative,Low,Resolved,23.8,2.8
TKT500474,2025-09-18,Chat,Account,Account Access,Negative,High,Pending,32.1,3.3
TKT501782,2025-09-18,Email,Cards,Payment Failed,Negative,Medium,Pending,48.7,2.6
TKT511580,2025-09-18,Social,Payments,App Bug,Negative,Low,Resolved,28.2,3.2
TKT500318,2025-09-18,Chat,Cards,App Bug,Negative,Medium,Pending,31.4,2.1
TKT502215,2025-09-18,Email,Account,Card Issue,Neutral,Medium,Pending,32.3,4.3
TKT503283,2025-09-18,Social,Payments,Payment Failed,Negative,Low,Resolved,22.6,2.5
TKT504094,2025-09-18,Chat,Mobile App,Payment Failed,Negative,Critical,Pending,33.8,3.6
TKT509592,2025-09-18,Phone,Cards,Login Issue,Negative,Low,Resolved,25.0,3.4
TKT506786,2025-09-18,Social,Payments,Loan Query,Positive,Low,Pending,38.2,4.1
TKT508154,2025-09-18,Email,Mobile App,Login Issue,Neutral,Medium,Pending,41.7,4.0
TKT507293,2025-09-18,Chat,Mobile App,Payment Failed,Positive,Low,Pending,34.9,3.9
TKT506964,2025-09-18,Social,Account,App Bug,Negative,Low,Pending,32.5,3.1
TKT511436,2025-09-18,Phone,Mobile App,Refund Delay,Negative,Medium,Pending,49.3,2.8
TKT509264,2025-09-18,Chat,Mobile App,Payment Failed,Negative,Low,Resolved,20.7,2.1
TKT511285,2025-09-18,Chat,Payments,Account Access,Positive,Critical,Pending,42.5,3.2
TKT509248,2025-09-18,Email,Mobile App,Payment Failed,Positive,Medium,Pending,41.8,4.1
TKT510384,2025-09-18,Email,Account,Account Access,Neutral,High,Pending,45.2,3.9
TKT507824,2025-09-18,Chat,Payments,Refund Delay,Negative,Medium,Resolved,18.5,2.5
TKT501631,2025-09-18,Email,Account,Login Issue,Positive,Medium,Pending,35.9,2.8
TKT509773,2025-09-18,Phone,Cards,App Bug,Positive,High,Resolved,26.2,4.0
TKT503747,2025-09-18,Email,Loans,Refund Delay,Neutral,Medium,Pending,39.9,4.0
TKT511961,2025-09-18,Social,Cards,Refund Delay,Neutral,Low,Resolved,26.6,3.9
TKT506609,2025-09-19,Chat,Payments,Refund Delay,Negative,High,Resolved,26.2,3.6
TKT506193,2025-09-19,Email,Mobile App,Account Access,Negative,Medium,Pending,33.9,2.5
TKT501759,2025-09-19,Social,Mobile App,Payment Failed,Positive,Medium,Pending,45.1,4.7
TKT504384,2025-09-19,Phone,Payments,Refund Delay,Negative,High,Pending,39.4,2.9
TKT509830,2025-09-19,Chat,Loans,Account Access,Positive,Medium,Resolved,23.3,3.7
TKT511615,2025-09-19,Chat,Mobile App,Payment Failed,Neutral,High,Resolved,26.6,3.6
TKT510500,2025-09-19,Chat,Mobile App,Login Issue,Negative,Medium,Resolved,20.5,2.7
TKT505394,2025-09-19,Phone,Loans,Loan Query,Positive,Low,Pending,31.4,4.1
TKT502888,2025-09-19,Chat,Payments,Login Issue,Neutral,Medium,Resolved,29.5,3.7
TKT505051,2025-09-19,Chat,Cards,Refund Delay,Negative,High,Resolved,28.0,2.7
TKT510950,2025-09-19,Chat,Cards,Account Access,Positive,Low,Resolved,21.6,2.7
TKT508924,2025-09-19,Email,Loans,Refund Delay,Neutral,Medium,Pending,50.5,3.8
TKT506394,2025-09-19,Chat,Payments,Account Access,Positive,Medium,Resolved,25.8,4.1
TKT503518,2025-09-19,Phone,Payments,Account Access,Neutral,Low,Resolved,26.2,4.5
TKT503853,2025-09-19,Email,Payments,Payment Failed,Neutral,Critical,Pending,52.1,5.0
TKT500285,2025-09-19,Email,Account,Account Access,Neutral,Low,Pending,35.0,2.6
TKT510941,2025-09-19,Social,Payments,Loan Query,Positive,Critical,Pending,49.9,4.3
TKT511067,2025-09-20,Email,Payments,Card Issue,Positive,High,Pending,44.1,4.6
TKT507169,2025-09-20,Chat,Cards,Payment Failed,Negative,High,Resolved,25.9,3.5
TKT505692,2025-09-20,Phone,Account,Payment Failed,Neutral,High,Pending,31.5,3.8
TKT504911,2025-09-20,Phone,Loans,Loan Query,Positive,Medium,Resolved,28.8,3.8
TKT505481,2025-09-20,Chat,Mobile App,Card Issue,Negative,Medium,Pending,39.6,3.2
TKT507188,2025-09-20,Email,Account,Account Access,Positive,Medium,Pending,54.4,3.7
TKT502388,2025-09-20,Chat,Payments,Payment Failed,Positive,Critical,Pending,43.8,3.7
TKT508274,2025-09-20,Social,Account,Login Issue,Negative,Medium,Pending,44.0,2.3
TKT509808,2025-09-20,Social,Account,Refund Delay,Positive,Medium,Pending,41.1,3.1
TKT508674,2025-09-20,Chat,Mobile App,Payment Failed,Neutral,Medium,Resolved,18.1,3.0
TKT510012,2025-09-20,Email,Loans,App Bug,Negative,Medium,Escalated,55.3,1.5
TKT508928,2025-09-20,Social,Payments,Payment Failed,Negative,Critical,Pending,35.3,3.0
TKT511373,2025-09-20,Chat,Payments,Payment Failed,Positive,Critical,Pending,35.4,4.4
TKT510178,2025-09-20,Phone,Cards,Refund Delay,Negative,Medium,Resolved,23.4,2.9
TKT511133,2025-09-20,Email,Cards,Refund Delay,Negative,Medium,Pending,34.9,2.0
TKT510103,2025-09-20,Social,Account,Account Access,Negative,Low,Pending,36.2,1.3
TKT504556,2025-09-20,Chat,Payments,Card Issue,Negative,High,Pending,34.2,3.2
TKT508352,2025-09-20,Chat,Mobile App,Card Issue,Neutral,Medium,Resolved,27.0,3.1
TKT503777,2025-09-20,Phone,Cards,Payment Failed,Neutral,Medium,Pending,36.5,4.4
TKT507971,2025-09-21,Email,Cards,Login Issue,Neutral,Low,Pending,35.2,2.9
TKT502704,2025-09-21,Phone,Mobile App,Account Access,Neutral,High,Resolved,27.4,3.4
TKT508755,2025-09-21,Email,Mobile App,Card Issue,Negative,Medium,Pending,41.8,3.3
TKT502933,2025-09-21,Chat,Mobile App,Payment Failed,Negative,Critical,Resolved,24.8,2.3
TKT504831,2025-09-21,Phone,Cards,Card Issue,Neutral,Low,Pending,31.9,4.2
TKT503676,2025-09-21,Email,Mobile App,Refund Delay,Positive,Low,Pending,36.3,4.8
TKT511986,2025-09-21,Chat,Account,App Bug,Neutral,Medium,Resolved,29.1,4.2
TKT500335,2025-09-21,Phone,Payments,Loan Query,Neutral,Low,Pending,47.2,4.1
TKT509780,2025-09-21,Social,Loans,Loan Query,Negative,Medium,Pending,36.0,2.3
TKT502287,2025-09-21,Chat,Payments,Payment Failed,Negative,Medium,Resolved,18.4,2.6
TKT511686,2025-09-21,Email,Payments,Account Access,Negative,High,Pending,49.6,1.9
TKT504592,2025-09-21,Chat,Mobile App,Loan Query,Positive,Medium,Pending,41.0,3.6
TKT502610,2025-09-21,Chat,Loans,Login Issue,Negative,Medium,Resolved,24.3,2.5
TKT509874,2025-09-21,Chat,Mobile App,Loan Query,Negative,Medium,Resolved,23.3,3.0
TKT506079,2025-09-21,Email,Cards,Account Access,Neutral,High,Pending,41.0,4.2
TKT500191,2025-09-21,Email,Payments,Payment Failed,Negative,High,Pending,44.1,2.2
TKT500578,2025-09-21,Phone,Loans,Login Issue,Negative,High,Pending,34.5,1.9
TKT508434,2025-09-21,Email,Loans,Loan Query,Positive,Low,Pending,31.2,4.7
TKT504562,2025-09-22,Chat,Payments,Login Issue,Neutral,High,Resolved,25.8,4.0
TKT503446,2025-09-22,Chat,Loans,Account Access,Negative,High,Escalated,56.7,2.6
TKT507216,2025-09-22,Chat,Mobile App,App Bug,Negative,Medium,Resolved,20.1,2.1
TKT505474,2025-09-22,Chat,Cards,Payment Failed,Positive,Medium,Resolved,22.7,4.1
TKT509357,2025-09-22,Social,Payments,Login Issue,Negative,Medium,Resolved,24.5,1.6
TKT511381,2025-09-22,Chat,Payments,Login Issue,Positive,High,Pending,44.8,2.9
TKT501919,2025-09-22,Social,Payments,Card Issue,Negative,Medium,Pending,31.5,3.7
TKT500953,2025-09-22,Phone,Mobile App,Loan Query,Neutral,Low,Pending,43.4,3.8
TKT509360,2025-09-22,Email,Cards,Account Access,Positive,High,Pending,41.0,3.8
TKT508429,2025-09-22,Phone,Loans,Loan Query,Negative,Medium,Pending,30.1,1.8
TKT504136,2025-09-22,Chat,Mobile App,Payment Failed,Negative,Medium,Resolved,14.2,2.1
TKT509117,2025-09-22,Chat,Cards,Login Issue,Positive,Medium,Pending,30.6,3.6
TKT501069,2025-09-22,Email,Payments,Account Access,Positive,High,Pending,48.5,3.5
TKT502115,2025-09-22,Phone,Payments,Card Issue,Neutral,Medium,Pending,35.9,3.6
TKT505718,2025-09-22,Email,Mobile App,Payment Failed,Negative,High,Escalated,75.5,2.0
TKT509986,2025-09-22,Chat,Payments,Payment Failed,Positive,Critical,Pending,47.4,3.6
TKT501901,2025-09-22,Email,Payments,Account Access,Positive,Low,Pending,49.6,4.5
TKT510454,2025-09-22,Email,Account,App Bug,Negative,Medium,Pending,44.9,2.5
TKT509647,2025-09-22,Social,Mobile App,Refund Delay,Neutral,Low,Resolved,25.8,3.6
TKT503213,2025-09-22,Email,Account,Account Access,Neutral,Critical,Escalated,57.4,3.3
TKT509745,2025-09-22,Phone,Mobile App,Account Access,Negative,High,Resolved,28.8,2.8
TKT501532,2025-09-22,Email,Cards,Login Issue,Negative,Low,Pending,37.8,1.6
TKT509076,2025-09-22,Chat,Cards,Login Issue,Negative,High,Resolved,20.1,1.9
TKT510451,2025-09-22,Email,Mobile App,Refund Delay,Negative,High,Pending,52.0,3.4
TKT508408,2025-09-22,Chat,Cards,Login Issue,Positive,Medium,Resolved,19.6,4.2
TKT508113,2025-09-22,Social,Account,Payment Failed,Negative,Critical,Pending,39.1,2.3
TKT502058,2025-09-22,Chat,Payments,Card Issue,Negative,Medium,Resolved,21.1,2.8
TKT503815,2025-09-22,Phone,Mobile App,Payment Failed,Negative,Critical,Pending,34.9,2.1
TKT505554,2025-09-23,Chat,Mobile App,Payment Failed,Negative,High,Resolved,22.6,2.1
TKT505467,2025-09-23,Chat,Cards,App Bug,Negative,High,Pending,47.5,3.6
TKT510343,2025-09-23,Chat,Cards,Loan Query,Positive,Medium,Resolved,15.9,3.2
TKT510520,2025-09-23,Social,Payments,Card Issue,Neutral,Medium,Resolved,26.0,4.0
TKT508787,2025-09-23,Email,Mobile App,Refund Delay,Neutral,Medium,Pending,39.1,2.9
TKT500339,2025-09-23,Chat,Payments,Card Issue,Negative,High,Resolved,25.4,2.4
TKT507288,2025-09-23,Social,Account,Payment Failed,Positive,Medium,Pending,48.1,3.9
TKT509717,2025-09-23,Phone,Account,Account Access,Negative,High,Pending,32.3,1.9
TKT507416,2025-09-23,Social,Cards,Loan Query,Positive,Critical,Escalated,56.7,3.6
TKT509088,2025-09-23,Email,Account,Loan Query,Negative,High,Pending,47.6,2.4
TKT504184,2025-09-23,Phone,Payments,App Bug,Negative,High,Resolved,26.5,2.8
TKT501804,2025-09-23,Social,Cards,Card Issue,Negative,High,Pending,40.4,1.9
TKT506537,2025-09-23,Chat,Payments,Card Issue,Negative,High,Pending,36.4,2.0
TKT506158,2025-09-23,Chat,Mobile App,Payment Failed,Neutral,Low,Resolved,18.4,4.5
TKT501614,2025-09-23,Email,Account,Refund Delay,Positive,Low,Pending,33.6,4.5
TKT504164,2025-09-23,Email,Loans,Account Access,Positive,Medium,Pending,38.0,3.9
TKT503170,2025-09-23,Phone,Payments,Payment Failed,Positive,Medium,Pending,30.6,3.4
TKT509707,2025-09-23,Social,Payments,Payment Failed,Neutral,Critical,Pending,36.6,4.5
TKT502923,2025-09-23,Phone,Account,Login Issue,Negative,Medium,Resolved,22.5,3.1
TKT507520,2025-09-23,Chat,Loans,Card Issue,Neutral,Low,Pending,33.6,3.4
TKT501611,2025-09-23,Chat,Loans,App Bug,Negative,Low,Resolved,17.7,2.9
TKT501552,2025-09-23,Phone,Loans,Payment Failed,Neutral,Low,Pending,37.9,3.2
TKT503103,2025-09-24,Chat,Mobile App,Login Issue,Negative,Medium,Pending,33.3,2.2
TKT506339,2025-09-24,Phone,Mobile App,Login Issue,Neutral,Low,Resolved,23.6,4.5
TKT509981,2025-09-24,Chat,Account,Refund Delay,Negative,Low,Resolved,20.6,2.9
TKT502111,2025-09-24,Email,Payments,Login Issue,Negative,High,Escalated,62.6,2.3
TKT502539,2025-09-24,Chat,Payments,Loan Query,Negative,Medium,Resolved,17.7,3.5
TKT504323,2025-09-24,Chat,Mobile App,Payment Failed,Negative,Medium,Resolved,23.7,2.1
TKT504342,2025-09-24,Phone,Mobile App,Account Access,Negative,Critical,Pending,40.3,2.9
TKT505982,2025-09-24,Social,Payments,Loan Query,Positive,Medium,Resolved,25.3,3.3
TKT503798,2025-09-24,Phone,Cards,App Bug,Positive,Medium,Resolved,28.1,3.5
TKT500580,2025-09-24,Email,Loans,Card Issue,Negative,High,Pending,49.8,3.4
TKT510222,2025-09-24,Phone,Payments,Card Issue,Positive,Low,Resolved,29.8,3.9
TKT510344,2025-09-24,Phone,Payments,Loan Query,Positive,Medium,Pending,35.5,4.0
TKT510399,2025-09-24,Phone,Payments,Payment Failed,Neutral,High,Pending,38.6,3.3
TKT509576,2025-09-24,Phone,Loans,App Bug,Neutral,Medium,Resolved,27.7,4.5
TKT507051,2025-09-24,Chat,Loans,App Bug,Positive,Low,Resolved,26.1,3.5
TKT504416,2025-09-24,Email,Mobile App,Account Access,Neutral,Low,Pending,39.1,3.9
TKT506011,2025-09-24,Chat,Mobile App,App Bug,Negative,High,Pending,45.7,2.9
TKT503848,2025-09-24,Email,Mobile App,Payment Failed,Neutral,Medium,Pending,43.0,3.6
TKT507378,2025-09-24,Email,Payments,Loan Query,Positive,Low,Pending,34.2,3.7
TKT511966,2025-09-24,Phone,Account,Login Issue,Negative,High,Pending,35.5,2.8
TKT501837,2025-09-25,Social,Account,Login Issue,Negative,Medium,Pending,34.3,1.9
TKT505926,2025-09-25,Social,Mobile App,Payment Failed,Positive,Critical,Pending,53.3,4.6
TKT506792,2025-09-25,Chat,Loans,Loan Query,Neutral,Medium,Resolved,21.6,4.6
TKT505038,2025-09-25,Chat,Account,Card Issue,Negative,High,Pending,33.1,2.7
TKT509625,2025-09-25,Chat,Account,Refund Delay,Negative,Medium,Resolved,25.3,3.0
TKT510473,2025-09-25,Social,Account,Payment Failed,Negative,Medium,Pending,39.2,2.3
TKT504121,2025-09-25,Chat,Payments,Refund Delay,Negative,High,Resolved,26.6,2.3
TKT501333,2025-09-25,Chat,Cards,Loan Query,Neutral,High,Pending,46.9,3.7
TKT507865,2025-09-25,Phone,Payments,Card Issue,Neutral,Critical,Pending,36.5,2.2
TKT502850,2025-09-25,Social,Payments,Account Access,Neutral,Low,Resolved,21.1,4.2
TKT504505,2025-09-25,Phone,Payments,Refund Delay,Negative,Medium,Resolved,26.0,2.8
TKT502971,2025-09-25,Phone,Payments,App Bug,Positive,Medium,Pending,46.1,4.0
TKT503273,2025-09-25,Chat,Account,App Bug,Negative,High,Resolved,28.0,2.8
TKT509038,2025-09-25,Phone,Loans,Payment Failed,Negative,Critical,Pending,32.8,4.2
TKT505824,2025-09-25,Email,Loans,Account Access,Positive,Low,Pending,37.5,3.7
TKT505742,2025-09-25,Chat,Cards,Refund Delay,Positive,Critical,Pending,36.1,4.0
TKT511288,2025-09-25,Email,Mobile App,Card Issue,Negative,Medium,Pending,46.5,2.3
TKT508485,2025-09-25,Phone,Loans,Payment Failed,Neutral,Medium,Pending,42.4,4.3
TKT509407,2025-09-25,Social,Loans,Account Access,Positive,Medium,Resolved,24.6,5.0
TKT505465,2025-09-25,Social,Mobile App,Payment Failed,Negative,High,Pending,34.4,2.5
TKT508899,2025-09-25,Email,Mobile App,Payment Failed,Neutral,Medium,Pending,46.3,4.5
TKT509813,2025-09-25,Chat,Loans,Refund Delay,Positive,High,Pending,34.9,4.0
TKT503167,2025-09-25,Phone,Cards,Account Access,Negative,High,Resolved,29.6,1.4
TKT503065,2025-09-25,Chat,Loans,Loan Query,Negative,High,Pending,30.0,2.8
TKT502886,2025-09-25,Chat,Account,Account Access,Negative,High,Resolved,24.9,2.1
TKT505652,2025-09-25,Social,Payments,App Bug,Negative,High,Escalated,58.1,2.7
TKT501592,2025-09-25,Phone,Payments,Login Issue,Negative,Low,Resolved,28.1,2.3
TKT507524,2025-09-25,Chat,Payments,Card Issue,Positive,Medium,Pending,32.8,3.2
TKT507888,2025-09-25,Chat,Cards,Login Issue,Neutral,Medium,Resolved,24.4,3.2
TKT508576,2025-09-26,Chat,Loans,Login Issue,Negative,Low,Resolved,27.6,2.7
TKT507379,2025-09-26,Social,Loans,Account Access,Positive,Critical,Pending,45.8,2.9
TKT501021,2025-09-26,Social,Mobile App,Payment Failed,Negative,High,Pending,33.3,2.4
TKT506834,2025-09-26,Email,Loans,Refund Delay,Positive,Low,Pending,32.7,4.1
TKT506743,2025-09-26,Social,Mobile App,Account Access,Negative,Medium,Resolved,28.3,1.5
TKT507480,2025-09-26,Phone,Loans,Login Issue,Positive,Medium,Pending,47.1,3.9
TKT502355,2025-09-26,Social,Account,Account Access,Neutral,Medium,Resolved,25.3,3.5
TKT510239,2025-09-26,Social,Cards,Account Access,Positive,High,Pending,35.4,3.9
TKT501507,2025-09-26,Chat,Mobile App,Loan Query,Neutral,Low,Resolved,25.3,4.5
TKT506379,2025-09-26,Email,Account,Login Issue,Negative,Medium,Pending,34.4,1.9
TKT503099,2025-09-26,Chat,Payments,Login Issue,Neutral,Medium,Resolved,15.9,3.3
TKT504412,2025-09-26,Email,Mobile App,Login Issue,Negative,High,Pending,49.7,2.5
TKT506147,2025-09-26,Email,Account,Payment Failed,Neutral,High,Escalated,59.0,3.1
TKT500798,2025-09-26,Chat,Payments,Refund Delay,Positive,High,Resolved,23.1,4.4
TKT510408,2025-09-26,Social,Payments,Payment Failed,Negative,Critical,Pending,36.0,3.0
TKT504547,2025-09-26,Social,Mobile App,Card Issue,Positive,Low,Resolved,28.0,3.8
TKT505654,2025-09-27,Email,Cards,Payment Failed,Positive,Medium,Pending,39.1,3.6
TKT509471,2025-09-27,Phone,Cards,Login Issue,Negative,High,Pending,34.8,1.6
TKT508473,2025-09-27,Chat,Loans,Refund Delay,Neutral,Low,Resolved,13.2,3.9
TKT507828,2025-09-27,Email,Account,App Bug,Negative,High,Pending,53.7,1.3
TKT506775,2025-09-27,Phone,Mobile App,Payment Failed,Positive,High,Escalated,55.4,2.6
TKT503288,2025-09-27,Email,Mobile App,Login Issue,Positive,Critical,Escalated,58.6,2.9
TKT510951,2025-09-27,Chat,Loans,Account Access,Neutral,High,Resolved,24.7,4.8
TKT511092,2025-09-27,Email,Payments,Refund Delay,Negative,Medium,Pending,48.0,3.5
TKT508131,2025-09-27,Chat,Cards,Account Access,Negative,High,Resolved,20.6,3.4
TKT504915,2025-09-27,Phone,Account,Payment Failed,Negative,High,Pending,40.6,3.0
TKT503063,2025-09-27,Email,Payments,Loan Query,Positive,Medium,Pending,32.9,3.9
TKT508103,2025-09-27,Chat,Mobile App,Payment Failed,Neutral,Critical,Pending,32.0,3.4
TKT503126,2025-09-27,Chat,Account,Payment Failed,Negative,High,Pending,34.9,2.7
TKT507673,2025-09-27,Phone,Mobile App,Payment Failed,Negative,Medium,Resolved,21.1,2.3
TKT503403,2025-09-27,Social,Loans,App Bug,Positive,High,Pending,32.5,4.5
TKT503457,2025-09-27,Social,Payments,Card Issue,Neutral,Critical,Pending,39.3,3.8
TKT511442,2025-09-27,Social,Loans,Card Issue,Neutral,Medium,Pending,32.1,5.0
TKT511437,2025-09-27,Social,Mobile App,Refund Delay,Negative,High,Pending,36.6,1.7
TKT508319,2025-09-27,Chat,Cards,Payment Failed,Neutral,Medium,Resolved,25.6,3.2
TKT506082,2025-09-27,Phone,Mobile App,Payment Failed,Negative,High,Pending,34.4,2.7
TKT502642,2025-09-27,Chat,Loans,Payment Failed,Neutral,High,Resolved,25.4,3.8
TKT507813,2025-09-27,Social,Payments,App Bug,Neutral,Medium,Pending,31.6,4.2
TKT508361,2025-09-27,Social,Payments,Loan Query,Positive,Medium,Resolved,27.9,4.0
TKT508503,2025-09-27,Social,Account,Refund Delay,Negative,High,Pending,42.9,2.7
TKT500906,2025-09-27,Chat,Payments,Login Issue,Negative,Medium,Resolved,16.9,3.6
TKT505176,2025-09-27,Social,Payments,Payment Failed,Neutral,High,Pending,40.8,3.6
TKT511421,2025-09-27,Email,Payments,Account Access,Positive,Low,Pending,35.3,3.9
TKT501193,2025-09-27,Chat,Payments,Refund Delay,Negative,Medium,Resolved,19.4,2.1
TKT503191,2025-09-27,Phone,Cards,Payment Failed,Neutral,Medium,Pending,46.8,3.6
TKT510703,2025-09-27,Chat,Payments,Card Issue,Negative,High,Pending,30.7,2.3
TKT501337,2025-09-27,Chat,Payments,Account Access,Neutral,High,Resolved,23.2,3.6
TKT506168,2025-09-28,Email,Payments,Refund Delay,Neutral,Medium,Pending,33.6,2.9
TKT510152,2025-09-28,Social,Cards,Login Issue,Negative,High,Pending,37.9,2.9
TKT502584,2025-09-28,Phone,Cards,Loan Query,Neutral,Medium,Resolved,18.3,3.2
TKT503835,2025-09-28,Phone,Account,Account Access,Neutral,Low,Resolved,27.7,3.9
TKT505018,2025-09-28,Chat,Payments,Payment Failed,Negative,Medium,Pending,30.8,3.3
TKT502015,2025-09-28,Email,Account,Payment Failed,Neutral,High,Pending,42.2,3.4
TKT502324,2025-09-28,Phone,Loans,Payment Failed,Negative,High,Pending,35.5,2.9
TKT500051,2025-09-28,Chat,Payments,App Bug,Neutral,Medium,Resolved,15.1,3.7
TKT510768,2025-09-28,Email,Loans,Login Issue,Negative,Medium,Escalated,62.5,1.0
TKT510562,2025-09-28,Email,Loans,App Bug,Neutral,Critical,Pending,45.1,3.6
TKT503684,2025-09-28,Email,Account,Account Access,Negative,High,Pending,42.6,2.2
TKT510199,2025-09-28,Chat,Payments,Payment Failed,Neutral,Critical,Pending,36.8,3.5
TKT502459,2025-09-28,Email,Mobile App,Login Issue,Positive,Medium,Pending,36.2,4.0
TKT510722,2025-09-28,Phone,Account,Payment Failed,Negative,High,Pending,30.5,2.5
TKT508843,2025-09-28,Phone,Payments,Refund Delay,Negative,High,Pending,31.9,3.0
TKT511522,2025-09-28,Social,Loans,Payment Failed,Negative,Medium,Resolved,26.9,2.6
TKT504786,2025-09-28,Social,Loans,Payment Failed,Negative,High,Pending,34.7,2.5
TKT501610,2025-09-28,Chat,Cards,Login Issue,Positive,Medium,Resolved,14.3,3.9
TKT511040,2025-09-28,Email,Mobile App,Refund Delay,Neutral,Low,Pending,31.7,4.0
TKT507534,2025-09-29,Chat,Account,Refund Delay,Neutral,High,Resolved,21.4,2.8
TKT506475,2025-09-29,Phone,Mobile App,Login Issue,Positive,Low,Pending,30.1,4.8
TKT502074,2025-09-29,Chat,Loans,Card Issue,Neutral,High,Resolved,20.4,4.0
TKT504285,2025-09-29,Email,Payments,Refund Delay,Negative,High,Pending,43.0,2.8
TKT505135,2025-09-29,Phone,Payments,Login Issue,Negative,Medium,Resolved,24.8,2.6
TKT507692,2025-09-29,Phone,Payments,Payment Failed,Negative,High,Pending,43.6,1.8
TKT501032,2025-09-29,Phone,Loans,Login Issue,Neutral,High,Escalated,65.4,3.5
TKT502234,2025-09-29,Chat,Cards,Refund Delay,Negative,Medium,Resolved,19.9,2.9
TKT508509,2025-09-29,Chat,Loans,Account Access,Negative,Low,Resolved,19.9,1.9
TKT511826,2025-09-29,Email,Mobile App,Refund Delay,Neutral,Low,Pending,41.4,3.8
TKT502813,2025-09-29,Social,Payments,App Bug,Negative,High,Resolved,29.6,2.2
TKT507600,2025-09-29,Email,Mobile App,Loan Query,Positive,Medium,Escalated,56.2,4.2
TKT511756,2025-09-29,Chat,Payments,App Bug,Negative,Medium,Resolved,16.5,2.9
TKT511990,2025-09-29,Email,Account,Loan Query,Neutral,Low,Pending,41.7,4.3
TKT501423,2025-09-29,Email,Mobile App,Login Issue,Negative,Low,Pending,34.2,3.0
TKT507395,2025-09-29,Chat,Loans,Payment Failed,Positive,Medium,Resolved,18.0,4.6
TKT504856,2025-09-29,Phone,Mobile App,Refund Delay,Neutral,Medium,Pending,31.4,4.3
TKT500511,2025-09-29,Chat,Loans,Payment Failed,Negative,Medium,Resolved,15.7,2.3
TKT503040,2025-09-30,Chat,Mobile App,Loan Query,Positive,Low,Resolved,29.1,3.9
TKT511598,2025-09-30,Chat,Mobile App,Payment Failed,Negative,Low,Resolved,21.4,1.4
TKT501282,2025-09-30,Email,Cards,App Bug,Positive,Low,Pending,42.1,3.7
TKT506303,2025-09-30,Social,Loans,Loan Query,Positive,Medium,Resolved,28.1,3.5
TKT506300,2025-09-30,Social,Account,Refund Delay,Neutral,Medium,Pending,33.3,2.9
TKT504459,2025-09-30,Phone,Account,Payment Failed,Negative,High,Pending,44.5,2.5
TKT504806,2025-09-30,Phone,Mobile App,Payment Failed,Neutral,Low,Resolved,22.3,3.7
TKT504924,2025-09-30,Email,Payments,Login Issue,Negative,Medium,Pending,45.1,2.0
TKT506870,2025-09-30,Chat,Account,Loan Query,Negative,High,Resolved,27.9,1.9
TKT510046,2025-09-30,Chat,Cards,App Bug,Negative,High,Resolved,21.9,2.2
TKT507168,2025-09-30,Chat,Payments,Payment Failed,Positive,Medium,Resolved,21.4,3.2
TKT508146,2025-09-30,Chat,Mobile App,Card Issue,Neutral,Medium,Resolved,14.5,3.4
TKT506559,2025-09-30,Chat,Payments,Login Issue,Positive,High,Pending,39.1,3.6
TKT504510,2025-09-30,Chat,Mobile App,Login Issue,Negative,High,Pending,33.3,2.8
TKT504642,2025-09-30,Email,Loans,Account Access,Negative,High,Escalated,55.3,2.5
TKT506742,2025-09-30,Phone,Cards,Payment Failed,Negative,Medium,Resolved,27.4,3.4
TKT507068,2025-09-30,Email,Account,App Bug,Negative,High,Pending,51.4,3.0
TKT504308,2025-09-30,Email,Loans,Card Issue,Neutral,Medium,Pending,33.7,4.7
TKT507757,2025-09-30,Chat,Cards,Refund Delay,Positive,Medium,Resolved,20.1,3.9
TKT506352,2025-09-30,Phone,Cards,Payment Failed,Neutral,Low,Pending,33.8,3.3
TKT507951,2025-09-30,Email,Mobile App,App Bug,Negative,Medium,Pending,42.4,2.6
TKT503265,2025-09-30,Social,Account,Account Access,Neutral,High,Pending,38.6,3.4
TKT504103,2025-09-30,Phone,Cards,Loan Query,Positive,Medium,Pending,30.6,3.4
TKT503245,2025-10-01,Email,Cards,Payment Failed,Negative,High,Pending,52.8,3.3
TKT511262,2025-10-01,Phone,Payments,Login Issue,Neutral,High,Pending,32.0,3.5
TKT511032,2025-10-01,Chat,Account,Loan Query,Positive,Low,Resolved,25.9,4.2
TKT510948,2025-10-01,Email,Account,Account Access,Negative,High,Pending,43.9,1.5
TKT503262,2025-10-01,Email,Account,Payment Failed,Negative,Medium,Pending,47.6,2.1
TKT505429,2025-10-01,Email,Cards,Refund Delay,Negative,High,Pending,44.8,1.9
TKT505123,2025-10-01,Chat,Account,Account Access,Positive,High,Pending,38.2,3.6
TKT501039,2025-10-01,Social,Account,App Bug,Positive,Medium,Resolved,22.8,4.2
TKT509793,2025-10-01,Chat,Mobile App,App Bug,Negative,High,Pending,36.1,3.2
TKT502249,2025-10-01,Chat,Cards,Refund Delay,Neutral,High,Escalated,61.5,2.7
TKT511365,2025-10-01,Email,Account,App Bug,Negative,High,Pending,49.5,2.1
TKT504549,2025-10-01,Chat,Payments,Account Access,Negative,High,Resolved,21.9,2.4
TKT502663,2025-10-01,Email,Mobile App,Refund Delay,Positive,Low,Escalated,56.4,2.7
TKT505873,2025-10-01,Email,Mobile App,Payment Failed,Neutral,High,Pending,44.2,3.3
TKT507674,2025-10-01,Social,Payments,Payment Failed,Positive,Medium,Resolved,24.5,4.2
TKT503361,2025-10-01,Chat,Cards,Card Issue,Neutral,Medium,Resolved,18.7,3.7
TKT510861,2025-10-01,Chat,Loans,Account Access,Negative,High,Resolved,23.3,3.0
TKT509403,2025-10-01,Email,Account,Login Issue,Neutral,Medium,Pending,34.1,3.9
TKT506497,2025-10-01,Social,Account,Loan Query,Neutral,Low,Pending,30.1,4.5
TKT503081,2025-10-01,Chat,Mobile App,Payment Failed,Negative,Critical,Pending,39.2,2.6
TKT503595,2025-10-01,Phone,Cards,Payment Failed,Positive,High,Resolved,28.0,3.2
TKT511701,2025-10-01,Chat,Cards,Refund Delay,Positive,Medium,Resolved,21.1,4.3
TKT510918,2025-10-02,Email,Cards,Card Issue,Negative,High,Pending,45.3,1.9
TKT507808,2025-10-02,Phone,Cards,Card Issue,Negative,Medium,Resolved,28.7,1.8
TKT501111,2025-10-02,Phone,Account,Login Issue,Negative,Medium,Resolved,26.6,1.9
TKT507421,2025-10-02,Social,Mobile App,Payment Failed,Negative,Low,Resolved,24.7,2.2
TKT510975,2025-10-02,Chat,Cards,Card Issue,Positive,Medium,Resolved,20.3,3.4
TKT508783,2025-10-02,Chat,Cards,Card Issue,Negative,High,Pending,36.3,2.2
TKT503019,2025-10-02,Social,Cards,App Bug,Neutral,Low,Resolved,24.0,3.7
TKT510535,2025-10-02,Phone,Payments,Account Access,Positive,Low,Resolved,23.4,4.1
TKT511441,2025-10-02,Email,Loans,Payment Failed,Positive,Medium,Pending,35.0,3.3
TKT505683,2025-10-02,Email,Cards,Card Issue,Neutral,Low,Pending,47.0,4.3
TKT502159,2025-10-02,Chat,Mobile App,Login Issue,Negative,Medium,Resolved,17.3,3.1
TKT508315,2025-10-02,Email,Payments,Login Issue,Neutral,Critical,Escalated,58.5,3.8
TKT510901,2025-10-02,Email,Mobile App,Refund Delay,Negative,Medium,Pending,43.8,2.9
TKT511143,2025-10-02,Chat,Loans,Login Issue,Negative,Medium,Resolved,18.3,2.1
TKT500837,2025-10-02,Chat,Cards,Refund Delay,Negative,High,Pending,32.4,3.1
TKT509281,2025-10-02,Chat,Payments,Login Issue,Negative,High,Resolved,28.5,2.1
TKT509515,2025-10-02,Phone,Account,Loan Query,Negative,High,Pending,36.7,2.3
TKT500902,2025-10-02,Social,Account,Refund Delay,Positive,Low,Resolved,24.7,4.7
TKT509217,2025-10-02,Phone,Payments,Account Access,Neutral,Medium,Pending,35.5,3.2
TKT508831,2025-10-02,Chat,Loans,Payment Failed,Negative,Low,Pending,35.9,2.7
TKT510657,2025-10-02,Chat,Loans,Payment Failed,Neutral,Medium,Resolved,18.5,4.1
TKT507220,2025-10-02,Phone,Mobile App,Card Issue,Positive,High,Pending,32.1,5.0
TKT502344,2025-10-02,Email,Payments,Loan Query,Positive,Low,Pending,34.1,3.7
TKT503634,2025-10-02,Chat,Cards,Account Access,Neutral,Critical,Resolved,29.7,3.6
TKT505833,2025-10-02,Phone,Account,Refund Delay,Positive,Low,Resolved,28.4,4.9
TKT504810,2025-10-02,Social,Account,Refund Delay,Negative,High,Resolved,29.1,2.2
TKT510501,2025-10-02,Email,Mobile App,App Bug,Positive,High,Pending,47.0,2.8
TKT501083,2025-10-02,Phone,Cards,Refund Delay,Positive,Low,Resolved,27.9,3.1
TKT511979,2025-10-02,Email,Payments,Payment Failed,Negative,Medium,Pending,41.0,2.0
TKT506438,2025-10-03,Email,Account,Card Issue,Neutral,Low,Pending,36.3,3.8
TKT508837,2025-10-03,Email,Payments,Account Access,Negative,Medium,Pending,35.1,2.5
TKT508196,2025-10-03,Social,Payments,Card Issue,Positive,Medium,Resolved,26.6,4.8
TKT501605,2025-10-03,Chat,Loans,App Bug,Positive,Medium,Resolved,16.8,4.2
TKT502553,2025-10-03,Chat,Mobile App,Refund Delay,Negative,High,Resolved,28.7,1.9
TKT507744,2025-10-03,Phone,Mobile App,Loan Query,Negative,Medium,Pending,39.1,2.9
TKT511194,2025-10-03,Email,Cards,Payment Failed,Negative,High,Pending,42.6,3.4
TKT501439,2025-10-03,Phone,Mobile App,Refund Delay,Neutral,Low,Pending,39.1,3.7
TKT509703,2025-10-03,Chat,Cards,Payment Failed,Neutral,Medium,Resolved,21.2,3.6
TKT505222,2025-10-03,Chat,Cards,Account Access,Negative,Medium,Resolved,24.8,2.2
TKT504972,2025-10-03,Phone,Loans,Payment Failed,Negative,Critical,Pending,36.5,3.3
TKT511754,2025-10-03,Chat,Payments,Refund Delay,Negative,High,Pending,41.0,2.2
TKT504071,2025-10-03,Phone,Loans,Refund Delay,Negative,High,Pending,42.4,2.8
TKT500819,2025-10-03,Phone,Mobile App,Login Issue,Negative,Medium,Pending,34.2,2.9
TKT503880,2025-10-03,Chat,Mobile App,App Bug,Negative,High,Resolved,24.7,2.4
TKT503971,2025-10-03,Phone,Account,Payment Failed,Negative,High,Pending,49.5,2.2
TKT503988,2025-10-03,Chat,Payments,Account Access,Negative,High,Resolved,25.6,1.8
TKT505043,2025-10-04,Social,Loans,Card Issue,Neutral,High,Pending,35.4,3.1
TKT505633,2025-10-04,Social,Mobile App,Refund Delay,Positive,High,Pending,45.3,3.9
TKT505566,2025-10-04,Phone,Mobile App,Login Issue,Neutral,Medium,Resolved,22.4,5.0
TKT501678,2025-10-04,Email,Cards,Loan Query,Positive,Medium,Pending,33.5,3.6
TKT509850,2025-10-04,Chat,Account,Loan Query,Positive,Medium,Resolved,21.2,3.8
TKT507127,2025-10-04,Chat,Account,Account Access,Positive,Medium,Resolved,20.1,2.1
TKT502777,2025-10-04,Phone,Loans,Payment Failed,Negative,Critical,Pending,34.0,1.6
TKT510538,2025-10-04,Chat,Payments,Login Issue,Negative,Medium,Resolved,29.0,2.3
TKT501456,2025-10-04,Social,Mobile App,Account Access,Positive,High,Escalated,72.0,3.6
TKT502130,2025-10-04,Phone,Payments,Login Issue,Positive,Low,Resolved,29.0,4.0
TKT504464,2025-10-04,Chat,Payments,Payment Failed,Negative,High,Pending,32.9,2.4
TKT505630,2025-10-04,Chat,Payments,Loan Query,Negative,High,Resolved,19.5,3.8
TKT503784,2025-10-04,Social,Cards,Card Issue,Positive,Low,Pending,38.1,3.7
TKT505131,2025-10-04,Email,Mobile App,Login Issue,Neutral,Medium,Pending,53.3,3.4
TKT502323,2025-10-04,Email,Loans,Payment Failed,Negative,High,Escalated,60.1,3.2
TKT501143,2025-10-04,Phone,Mobile App,Account Access,Negative,Low,Pending,32.1,2.7
TKT505326,2025-10-04,Chat,Loans,Refund Delay,Neutral,Medium,Resolved,24.1,3.1
TKT501801,2025-10-04,Chat,Payments,Account Access,Neutral,Critical,Resolved,25.1,4.3
TKT503206,2025-10-04,Chat,Loans,Payment Failed,Neutral,High,Resolved,24.7,3.1
TKT503623,2025-10-04,Email,Mobile App,Refund Delay,Negative,Medium,Pending,41.3,2.3
TKT509456,2025-10-04,Chat,Loans,Account Access,Positive,Medium,Resolved,21.5,4.5
TKT509145,2025-10-04,Phone,Cards,Payment Failed,Neutral,Low,Resolved,23.2,3.8
TKT508230,2025-10-04,Chat,Account,Payment Failed,Negative,Medium,Resolved,21.9,3.4
TKT508092,2025-10-04,Email,Account,Payment Failed,Neutral,Low,Pending,46.8,3.9
TKT503285,2025-10-04,Email,Payments,App Bug,Negative,High,Pending,40.9,1.6
TKT506514,2025-10-04,Social,Account,Payment Failed,Negative,Low,Pending,39.8,1.8
TKT510049,2025-10-04,Chat,Cards,App Bug,Negative,High,Resolved,20.3,2.5
TKT506671,2025-10-04,Email,Mobile App,Refund Delay,Negative,High,Pending,41.5,3.0
TKT502122,2025-10-05,Phone,Account,Refund Delay,Neutral,High,Escalated,56.2,3.1
TKT507688,2025-10-05,Social,Payments,Card Issue,Negative,Low,Pending,32.8,2.6
TKT509925,2025-10-05,Email,Mobile App,Refund Delay,Neutral,Medium,Pending,46.5,3.8
TKT501407,2025-10-05,Chat,Cards,Refund Delay,Negative,High,Pending,36.3,2.5
TKT510623,2025-10-05,Phone,Cards,Refund Delay,Positive,Medium,Resolved,29.7,4.7
TKT511989,2025-10-05,Email,Payments,App Bug,Neutral,Medium,Pending,45.7,4.5
TKT507258,2025-10-05,Email,Loans,Account Access,Neutral,High,Pending,40.8,3.5
TKT502175,2025-10-05,Email,Mobile App,Login Issue,Negative,Medium,Pending,37.6,2.5
TKT511233,2025-10-05,Phone,Cards,Loan Query,Neutral,Medium,Resolved,24.8,4.2
TKT506529,2025-10-05,Phone,Account,Loan Query,Positive,High,Pending,33.2,3.5
TKT509845,2025-10-05,Social,Mobile App,Account Access,Neutral,Medium,Pending,35.4,2.7
TKT501117,2025-10-05,Chat,Mobile App,Payment Failed,Negative,Medium,Resolved,16.1,1.8
TKT508949,2025-10-05,Chat,Cards,Payment Failed,Neutral,Medium,Resolved,16.6,3.2
TKT504082,2025-10-05,Email,Cards,Refund Delay,Negative,High,Pending,44.7,2.8
TKT510511,2025-10-05,Chat,Loans,App Bug,Negative,High,Resolved,29.0,1.9
TKT510122,2025-10-05,Email,Payments,Account Access,Neutral,Low,Pending,37.3,3.8
TKT502876,2025-10-05,Social,Account,Card Issue,Negative,High,Pending,46.9,1.5
TKT506425,2025-10-05,Chat,Mobile App,Refund Delay,Negative,Medium,Resolved,14.8,2.6
TKT508293,2025-10-05,Social,Payments,Login Issue,Neutral,Low,Pending,37.7,3.4
TKT503766,2025-10-05,Email,Cards,Login Issue,Positive,Medium,Pending,51.0,4.5
TKT504203,2025-10-05,Social,Loans,Refund Delay,Positive,Low,Pending,39.3,3.4
TKT504357,2025-10-05,Social,Cards,Login Issue,Neutral,High,Pending,34.4,4.3
TKT506554,2025-10-05,Email,Payments,Refund Delay,Positive,High,Escalated,55.2,3.4
TKT510927,2025-10-05,Phone,Account,Loan Query,Positive,Low,Resolved,29.5,4.3
TKT505717,2025-10-05,Phone,Loans,Payment Failed,Negative,Critical,Pending,40.6,2.6
TKT500334,2025-10-05,Email,Cards,Login Issue,Neutral,Medium,Pending,38.5,4.4
TKT507413,2025-10-05,Email,Cards,App Bug,Neutral,High,Pending,52.0,3.2
TKT504118,2025-10-06,Social,Cards,Refund Delay,Negative,High,Resolved,28.7,2.0
TKT505297,2025-10-06,Social,Cards,App Bug,Neutral,Low,Resolved,25.2,4.0
TKT508018,2025-10-06,Chat,Mobile App,Account Access,Negative,High,Resolved,25.7,2.9
TKT509032,2025-10-06,Chat,Payments,App Bug,Negative,High,Pending,30.4,1.5
TKT501355,2025-10-06,Email,Loans,Account Access,Negative,Medium,Escalated,58.7,1.0
TKT510419,2025-10-06,Social,Cards,Refund Delay,Neutral,Critical,Pending,46.5,3.9
TKT510737,2025-10-06,Phone,Cards,Payment Failed,Negative,High,Pending,37.1,2.1
TKT509624,2025-10-06,Chat,Loans,App Bug,Negative,High,Resolved,23.9,3.5
TKT511052,2025-10-06,Chat,Cards,Refund Delay,Neutral,Medium,Resolved,21.1,3.3
TKT509523,2025-10-06,Phone,Account,Card Issue,Neutral,High,Resolved,29.9,4.0
TKT503233,2025-10-06,Chat,Account,Payment Failed,Negative,Low,Resolved,19.0,3.6
TKT508400,2025-10-06,Chat,Payments,Account Access,Negative,Low,Pending,36.6,2.9
TKT504983,2025-10-06,Email,Account,Card Issue,Negative,Low,Pending,44.3,3.2
TKT510727,2025-10-06,Social,Account,Payment Failed,Neutral,Medium,Resolved,28.3,3.4
TKT502910,2025-10-06,Chat,Loans,Card Issue,Negative,High,Resolved,24.1,1.9
TKT506625,2025-10-06,Chat,Account,Account Access,Positive,High,Resolved,28.7,3.4
TKT508225,2025-10-06,Chat,Mobile App,Refund Delay,Negative,Low,Resolved,15.7,2.5
TKT500750,2025-10-06,Phone,Payments,Account Access,Neutral,Critical,Pending,47.3,4.1
TKT505277,2025-10-06,Email,Mobile App,App Bug,Negative,Medium,Pending,38.1,2.4
TKT502809,2025-10-06,Email,Cards,Payment Failed,Negative,High,Pending,50.9,2.5
TKT502454,2025-10-06,Chat,Loans,Account Access,Negative,High,Pending,45.7,3.5
TKT508166,2025-10-06,Social,Account,Refund Delay,Negative,High,Pending,38.7,2.5
TKT503704,2025-10-07,Chat,Loans,Payment Failed,Negative,Critical,Resolved,29.7,2.6
TKT510794,2025-10-07,Phone,Mobile App,Payment Failed,Negative,Low,Pending,32.8,2.9
TKT508864,2025-10-07,Social,Cards,Refund Delay,Negative,Low,Pending,32.6,3.0
TKT500356,2025-10-07,Chat,Mobile App,Card Issue,Positive,Medium,Resolved,18.5,3.9
TKT501387,2025-10-07,Chat,Cards,App Bug,Negative,High,Resolved,26.1,2.7
TKT507066,2025-10-07,Social,Account,Login Issue,Positive,Medium,Pending,38.9,2.8
TKT502799,2025-10-07,Social,Payments,Refund Delay,Neutral,High,Resolved,29.7,3.5
TKT500549,2025-10-07,Social,Mobile App,Card Issue,Neutral,Medium,Pending,33.4,3.0
TKT510370,2025-10-07,Phone,Payments,Payment Failed,Neutral,Low,Resolved,20.1,3.4
TKT502969,2025-10-07,Chat,Mobile App,App Bug,Negative,High,Pending,44.4,2.6
TKT505280,2025-10-07,Social,Cards,Account Access,Neutral,Low,Pending,32.4,4.6
TKT508259,2025-10-07,Email,Mobile App,Payment Failed,Neutral,Medium,Pending,36.8,3.7
TKT510931,2025-10-07,Email,Mobile App,Payment Failed,Negative,High,Pending,43.9,1.8
TKT500576,2025-10-07,Chat,Payments,Login Issue,Positive,Medium,Resolved,20.1,2.4
TKT507829,2025-10-07,Social,Account,Payment Failed,Positive,Low,Resolved,25.1,4.3
TKT511604,2025-10-07,Chat,Cards,Account Access,Negative,Medium,Resolved,18.9,2.3
TKT509244,2025-10-07,Phone,Account,Account Access,Negative,Low,Pending,36.6,2.1
TKT503996,2025-10-07,Phone,Cards,Payment Failed,Neutral,High,Pending,46.1,5.0
TKT510194,2025-10-07,Phone,Mobile App,Payment Failed,Negative,High,Pending,36.7,3.3
TKT511882,2025-10-07,Chat,Account,App Bug,Positive,Low,Pending,38.0,3.6
TKT509885,2025-10-07,Chat,Mobile App,Payment Failed,Negative,Medium,Resolved,19.0,1.8
TKT510967,2025-10-07,Phone,Account,App Bug,Negative,Medium,Pending,32.9,2.5
TKT502258,2025-10-07,Chat,Cards,Loan Query,Neutral,Medium,Pending,34.0,4.4
TKT507017,2025-10-07,Chat,Account,Payment Failed,Neutral,Critical,Pending,31.7,3.7
TKT511917,2025-10-07,Social,Payments,Refund Delay,Negative,High,Resolved,29.7,2.1
TKT511130,2025-10-07,Phone,Loans,Payment Failed,Neutral,Medium,Resolved,25.5,3.4
TKT509803,2025-10-07,Social,Mobile App,Card Issue,Neutral,Medium,Pending,35.3,2.9
TKT501668,2025-10-08,Chat,Cards,Card Issue,Negative,Medium,Resolved,28.9,2.7
TKT511851,2025-10-08,Email,Cards,Refund Delay,Neutral,High,Pending,40.0,3.8
TKT507113,2025-10-08,Chat,Account,Account Access,Positive,Low,Resolved,26.5,3.8
TKT508084,2025-10-08,Email,Payments,Refund Delay,Negative,Medium,Pending,39.0,1.9
TKT508820,2025-10-08,Chat,Loans,Account Access,Negative,High,Resolved,23.5,2.1
TKT509526,2025-10-08,Phone,Account,App Bug,Negative,High,Pending,53.0,2.9
TKT505453,2025-10-08,Email,Loans,App Bug,Negative,High,Pending,40.3,2.6
TKT507660,2025-10-08,Chat,Mobile App,App Bug,Negative,High,Pending,46.9,2.2
TKT506926,2025-10-08,Email,Payments,Payment Failed,Negative,Low,Pending,46.4,2.7
TKT507124,2025-10-08,Email,Payments,Refund Delay,Neutral,Low,Pending,44.2,4.3
TKT511310,2025-10-08,Social,Loans,Loan Query,Positive,Medium,Pending,34.4,4.1
TKT502960,2025-10-08,Phone,Loans,Payment Failed,Neutral,High,Pending,33.5,4.1
TKT506513,2025-10-08,Social,Payments,Card Issue,Positive,Low,Resolved,23.2,3.7
TKT506106,2025-10-08,Email,Loans,Loan Query,Negative,Medium,Pending,52.3,2.2
TKT510928,2025-10-08,Email,Mobile App,Login Issue,Neutral,High,Pending,44.8,3.7
TKT505499,2025-10-08,Chat,Payments,Refund Delay,Positive,Low,Resolved,17.7,4.1
TKT508543,2025-10-08,Phone,Mobile App,Card Issue,Negative,High,Pending,37.8,2.3
TKT500853,2025-10-08,Chat,Account,Refund Delay,Neutral,High,Resolved,24.9,3.0
TKT510367,2025-10-08,Chat,Cards,Loan Query,Positive,Low,Resolved,18.5,3.4
TKT500359,2025-10-08,Social,Payments,Loan Query,Neutral,Medium,Pending,35.7,4.5
TKT509681,2025-10-09,Chat,Mobile App,Payment Failed,Neutral,High,Resolved,21.9,3.5
TKT509086,2025-10-09,Email,Account,Refund Delay,Neutral,High,Pending,46.0,3.4
TKT504008,2025-10-09,Chat,Mobile App,Payment Failed,Neutral,Critical,Pending,38.3,3.5
TKT511956,2025-10-09,Phone,Mobile App,Payment Failed,Neutral,Medium,Pending,30.6,3.9
TKT507632,2025-10-09,Email,Account,Refund Delay,Positive,Medium,Pending,49.8,3.4
TKT508827,2025-10-09,Chat,Mobile App,Login Issue,Neutral,High,Pending,35.8,3.5
TKT501722,2025-10-09,Phone,Loans,Card Issue,Positive,Medium,Pending,42.2,3.8
TKT500189,2025-10-09,Chat,Mobile App,Account Access,Positive,Medium,Resolved,25.2,4.3
TKT502752,2025-10-09,Chat,Loans,Login Issue,Negative,High,Pending,30.6,2.4
TKT510377,2025-10-09,Social,Account,Loan Query,Positive,High,Pending,38.8,3.6
TKT503491,2025-10-09,Phone,Account,App Bug,Positive,Medium,Resolved,18.5,4.2
TKT510557,2025-10-09,Email,Account,Loan Query,Neutral,Low,Pending,31.2,4.4
TKT509489,2025-10-09,Chat,Payments,Account Access,Positive,High,Pending,43.6,3.7
TKT503691,2025-10-09,Phone,Mobile App,Refund Delay,Negative,High,Pending,33.2,2.5
TKT508744,2025-10-09,Chat,Account,Account Access,Negative,Low,Resolved,14.6,1.9
TKT509957,2025-10-09,Chat,Account,Loan Query,Negative,High,Pending,36.8,2.8
TKT511755,2025-10-09,Phone,Account,Card Issue,Neutral,Low,Resolved,20.0,2.8
TKT509336,2025-10-09,Chat,Cards,App Bug,Negative,Low,Resolved,27.6,2.7
TKT508922,2025-10-09,Chat,Payments,Account Access,Positive,Medium,Resolved,26.3,4.2
TKT503892,2025-10-10,Chat,Account,Payment Failed,Negative,Low,Resolved,22.7,2.7
TKT505159,2025-10-10,Email,Mobile App,App Bug,Positive,High,Pending,47.9,3.8
TKT503312,2025-10-10,Chat,Mobile App,Card Issue,Positive,High,Pending,38.6,4.2
TKT504875,2025-10-10,Email,Payments,Login Issue,Positive,High,Pending,49.3,3.9
TKT510474,2025-10-10,Chat,Mobile App,Login Issue,Neutral,Low,Resolved,29.1,3.2
TKT510006,2025-10-10,Phone,Loans,Card Issue,Neutral,Medium,Pending,37.2,3.3
TKT503002,2025-10-10,Phone,Payments,Refund Delay,Negative,High,Pending,31.1,2.5
TKT510908,2025-10-10,Chat,Mobile App,Login Issue,Negative,High,Pending,36.6,1.8
TKT501841,2025-10-10,Email,Cards,Payment Failed,Negative,Critical,Escalated,63.7,1.6
TKT509447,2025-10-10,Email,Payments,Account Access,Neutral,Medium,Pending,36.5,3.8
TKT510279,2025-10-10,Chat,Mobile App,Loan Query,Positive,High,Pending,37.8,4.1
TKT508941,2025-10-10,Chat,Payments,Login Issue,Neutral,Medium,Resolved,23.6,3.0
TKT508411,2025-10-10,Email,Mobile App,Loan Query,Positive,Low,Pending,38.4,3.7
TKT510955,2025-10-10,Phone,Mobile App,Account Access,Positive,Low,Resolved,23.2,3.2
TKT510586,2025-10-10,Chat,Mobile App,Refund Delay,Positive,Medium,Resolved,17.6,3.8
TKT505690,2025-10-10,Email,Payments,Account Access,Negative,Medium,Escalated,56.0,2.0
TKT508549,2025-10-10,Chat,Account,Payment Failed,Neutral,Low,Resolved,20.7,4.1
TKT504299,2025-10-11,Phone,Cards,Refund Delay,Negative,High,Pending,41.5,2.6
TKT506229,2025-10-11,Social,Account,Account Access,Positive,High,Pending,34.3,3.9
TKT504134,2025-10-11,Chat,Loans,Login Issue,Negative,Low,Resolved,22.1,2.4
TKT508522,2025-10-11,Phone,Loans,Account Access,Negative,Low,Resolved,26.7,1.5
TKT504102,2025-10-11,Email,Account,Loan Query,Negative,High,Pending,44.9,3.2
TKT508915,2025-10-11,Chat,Payments,App Bug,Negative,Medium,Resolved,27.6,1.5
TKT507528,2025-10-11,Chat,Account,Login Issue,Negative,Medium,Pending,32.1,3.1
TKT510753,2025-10-11,Chat,Payments,Loan Query,Negative,Low,Resolved,13.6,2.4
TKT506663,2025-10-11,Email,Mobile App,App Bug,Negative,High,Pending,45.5,2.4
TKT505923,2025-10-11,Phone,Loans,App Bug,Neutral,High,Resolved,26.9,4.5
TKT509769,2025-10-11,Phone,Loans,App Bug,Negative,Medium,Resolved,19.8,1.4
TKT505761,2025-10-11,Email,Payments,Payment Failed,Negative,Medium,Pending,32.3,2.1
TKT508432,2025-10-11,Chat,Payments,Card Issue,Neutral,High,Pending,33.5,4.3
TKT506582,2025-10-11,Chat,Cards,App Bug,Neutral,Low,Resolved,18.6,3.7
TKT511939,2025-10-11,Email,Account,App Bug,Negative,High,Pending,46.4,2.8
TKT511629,2025-10-11,Chat,Payments,Loan Query,Positive,Medium,Resolved,13.6,3.9
TKT508975,2025-10-11,Email,Cards,Login Issue,Positive,Medium,Pending,49.6,3.8
TKT509517,2025-10-11,Chat,Payments,Refund Delay,Negative,Medium,Resolved,17.1,1.4
TKT510135,2025-10-12,Email,Payments,Refund Delay,Neutral,Low,Pending,47.9,3.4
TKT508058,2025-10-12,Phone,Payments,Loan Query,Negative,High,Pending,33.7,2.0
TKT508803,2025-10-12,Chat,Cards,Refund Delay,Negative,High,Resolved,28.5,2.4
TKT505756,2025-10-12,Social,Cards,Loan Query,Positive,Medium,Resolved,28.5,3.8
TKT502112,2025-10-12,Chat,Loans,Account Access,Positive,Low,Pending,49.8,4.2
TKT511762,2025-10-12,Phone,Cards,Refund Delay,Neutral,High,Resolved,27.8,3.6
TKT505922,2025-10-12,Social,Account,Card Issue,Positive,Medium,Pending,42.3,4.7
TKT506346,2025-10-12,Chat,Mobile App,Login Issue,Negative,High,Pending,41.8,3.1
TKT500811,2025-10-12,Chat,Loans,Payment Failed,Negative,High,Resolved,29.1,2.6
TKT508891,2025-10-12,Phone,Mobile App,App Bug,Negative,Medium,Resolved,27.7,3.2
TKT502697,2025-10-12,Phone,Account,Payment Failed,Neutral,Critical,Pending,38.4,2.6
TKT510947,2025-10-12,Social,Mobile App,App Bug,Negative,Medium,Pending,36.6,1.9
TKT507023,2025-10-12,Email,Account,Refund Delay,Negative,High,Pending,52.5,2.4
TKT506769,2025-10-12,Chat,Account,Card Issue,Neutral,High,Resolved,21.3,3.5
TKT500809,2025-10-12,Email,Mobile App,Login Issue,Negative,High,Pending,47.1,1.7
TKT501455,2025-10-12,Chat,Loans,Login Issue,Negative,Medium,Resolved,26.1,2.3
TKT504284,2025-10-12,Phone,Loans,Payment Failed,Positive,High,Pending,32.7,3.6
TKT506058,2025-10-12,Chat,Mobile App,Card Issue,Negative,Low,Resolved,22.5,2.6
TKT508502,2025-10-12,Chat,Mobile App,Card Issue,Positive,Low,Resolved,28.4,4.5
TKT500947,2025-10-13,Phone,Loans,Payment Failed,Negative,High,Pending,33.5,2.1
TKT511841,2025-10-13,Email,Account,App Bug,Neutral,Low,Pending,38.5,3.7
TKT500949,2025-10-13,Email,Account,Account Access,Neutral,Low,Pending,38.5,4.3
TKT503413,2025-10-13,Chat,Mobile App,Account Access,Positive,Medium,Resolved,14.0,4.0
TKT500024,2025-10-13,Email,Loans,Account Access,Negative,Low,Escalated,59.0,2.3
TKT510710,2025-10-13,Chat,Loans,Payment Failed,Negative,High,Pending,32.3,2.5
TKT504216,2025-10-13,Phone,Account,Payment Failed,Neutral,Low,Resolved,26.4,4.5
TKT506895,2025-10-13,Chat,Mobile App,Refund Delay,Positive,Medium,Resolved,22.0,3.3
TKT510342,2025-10-13,Phone,Payments,Payment Failed,Negative,High,Resolved,29.2,3.0
TKT503718,2025-10-13,Chat,Loans,Card Issue,Negative,High,Pending,32.1,2.2
TKT509364,2025-10-13,Email,Account,Login Issue,Neutral,Medium,Pending,38.1,3.9
TKT502368,2025-10-13,Phone,Cards,Refund Delay,Negative,High,Pending,31.4,2.2
TKT507924,2025-10-13,Phone,Account,Login Issue,Negative,High,Resolved,28.8,2.4
TKT509442,2025-10-13,Email,Loans,Refund Delay,Neutral,High,Escalated,58.3,2.8
TKT502505,2025-10-13,Email,Payments,Payment Failed,Negative,Medium,Pending,37.3,2.2
TKT509585,2025-10-13,Chat,Loans,Account Access,Positive,Low,Resolved,15.9,3.2
TKT509149,2025-10-13,Email,Loans,Account Access,Negative,High,Pending,45.9,1.1
TKT508392,2025-10-13,Chat,Mobile App,Payment Failed,Neutral,High,Resolved,27.0,3.9
TKT506238,2025-10-13,Chat,Account,Card Issue,Neutral,Medium,Resolved,23.3,3.2
TKT501917,2025-10-13,Email,Account,Card Issue,Negative,High,Escalated,55.7,2.4
TKT502837,2025-10-13,Chat,Account,App Bug,Positive,Medium,Pending,35.0,4.4
TKT505130,2025-10-13,Chat,Payments,Card Issue,Neutral,Low,Resolved,17.7,3.2
TKT506818,2025-10-13,Chat,Cards,Refund Delay,Positive,Low,Resolved,14.1,3.6
TKT508287,2025-10-13,Email,Cards,Refund Delay,Negative,High,Pending,49.2,2.9
TKT503806,2025-10-13,Chat,Loans,Loan Query,Neutral,Medium,Resolved,16.0,3.7
TKT506049,2025-10-13,Chat,Account,Card Issue,Negative,Medium,Resolved,14.9,3.8
TKT509658,2025-10-13,Social,Mobile App,Card Issue,Positive,Low,Resolved,28.7,4.3
TKT508022,2025-10-13,Chat,Payments,Account Access,Neutral,Medium,Resolved,15.3,4.0
TKT511209,2025-10-13,Phone,Cards,Refund Delay,Negative,Low,Resolved,27.6,3.8
TKT504280,2025-10-13,Chat,Cards,Loan Query,Positive,Medium,Resolved,19.6,3.2
TKT511773,2025-10-13,Email,Mobile App,Account Access,Positive,Medium,Pending,33.8,3.6
TKT502469,2025-10-14,Chat,Loans,Payment Failed,Neutral,Critical,Pending,50.5,4.1
TKT503863,2025-10-14,Email,Payments,Card Issue,Negative,Medium,Pending,39.6,3.0
TKT501121,2025-10-14,Chat,Account,Loan Query,Negative,High,Pending,48.2,2.3
TKT506666,2025-10-14,Email,Cards,Loan Query,Positive,Low,Escalated,75.1,3.3
TKT507822,2025-10-14,Chat,Payments,Loan Query,Positive,Medium,Resolved,27.1,5.0
TKT505254,2025-10-14,Email,Payments,App Bug,Neutral,Low,Pending,40.7,3.4
TKT506913,2025-10-14,Email,Account,Payment Failed,Neutral,Medium,Pending,35.6,3.9
TKT505102,2025-10-14,Email,Cards,Refund Delay,Negative,High,Pending,50.3,2.3
TKT510671,2025-10-14,Chat,Mobile App,Card Issue,Neutral,Low,Resolved,15.4,4.2
TKT508883,2025-10-14,Email,Mobile App,Card Issue,Positive,High,Pending,40.0,4.7
TKT509477,2025-10-14,Phone,Mobile App,Loan Query,Positive,High,Pending,35.5,3.5
TKT510145,2025-10-14,Phone,Account,Card Issue,Negative,Low,Resolved,24.1,2.9
TKT508043,2025-10-14,Phone,Cards,App Bug,Negative,High,Resolved,28.8,2.1
TKT502499,2025-10-14,Chat,Account,Account Access,Negative,Medium,Resolved,22.7,2.5
TKT507778,2025-10-14,Chat,Mobile App,App Bug,Neutral,High,Resolved,21.0,3.4
TKT503481,2025-10-14,Email,Mobile App,Payment Failed,Positive,Low,Pending,42.2,3.0
TKT506254,2025-10-14,Email,Account,Card Issue,Negative,Medium,Pending,40.0,3.0
TKT503051,2025-10-14,Email,Mobile App,Account Access,Negative,Low,Pending,39.0,3.1
TKT503965,2025-10-14,Email,Payments,Login Issue,Positive,Medium,Pending,31.2,3.5
TKT500215,2025-10-14,Social,Account,Account Access,Negative,Low,Pending,31.7,1.7
TKT500828,2025-10-15,Chat,Cards,Refund Delay,Neutral,High,Resolved,22.7,4.1
TKT509712,2025-10-15,Email,Loans,Login Issue,Negative,Low,Pending,52.8,3.3
TKT505375,2025-10-15,Chat,Account,App Bug,Positive,Medium,Resolved,21.6,3.7
TKT509479,2025-10-15,Social,Cards,Loan Query,Neutral,Medium,Pending,52.0,4.5
TKT506002,2025-10-15,Chat,Cards,Login Issue,Neutral,High,Resolved,24.6,3.9
TKT507743,2025-10-15,Email,Mobile App,App Bug,Negative,High,Pending,54.1,2.4
TKT509877,2025-10-15,Chat,Mobile App,Card Issue,Negative,High,Resolved,25.9,1.7
TKT511628,2025-10-15,Email,Loans,Card Issue,Positive,Medium,Escalated,56.5,3.8
TKT501962,2025-10-15,Phone,Account,Loan Query,Positive,Low,Pending,35.9,3.5
TKT504189,2025-10-15,Email,Payments,Login Issue,Negative,High,Pending,41.9,2.4
TKT501076,2025-10-15,Social,Mobile App,Card Issue,Negative,High,Escalated,65.1,1.7
TKT505992,2025-10-15,Social,Account,Refund Delay,Neutral,High,Pending,39.6,4.4
TKT501256,2025-10-15,Phone,Payments,Payment Failed,Positive,Medium,Resolved,26.1,3.9
TKT506480,2025-10-15,Chat,Account,Card Issue,Positive,Medium,Resolved,25.1,3.8
TKT504392,2025-10-15,Social,Payments,Card Issue,Positive,High,Pending,34.2,4.1
TKT503816,2025-10-15,Chat,Mobile App,Login Issue,Neutral,Medium,Resolved,17.6,3.7
TKT509942,2025-10-15,Email,Payments,Card Issue,Negative,High,Pending,37.9,2.8
TKT503383,2025-10-15,Chat,Cards,Login Issue,Positive,Low,Resolved,14.0,4.6
TKT501575,2025-10-15,Email,Cards,Payment Failed,Negative,High,Pending,44.9,3.7
TKT505975,2025-10-15,Phone,Account,Account Access,Positive,High,Pending,35.5,3.6
TKT504483,2025-10-15,Phone,Payments,Refund Delay,Negative,Medium,Resolved,25.0,2.8
TKT501317,2025-10-15,Social,Mobile App,Payment Failed,Negative,High,Escalated,61.6,1.8
TKT506151,2025-10-15,Email,Mobile App,Payment Failed,Negative,Medium,Pending,35.1,2.9
TKT502263,2025-10-15,Phone,Payments,Login Issue,Neutral,High,Pending,34.2,3.6
TKT510615,2025-10-15,Phone,Payments,Login Issue,Negative,High,Pending,40.5,2.7
TKT506026,2025-10-15,Chat,Mobile App,Refund Delay,Neutral,Low,Resolved,13.9,2.6
TKT502629,2025-10-15,Email,Mobile App,Refund Delay,Negative,Medium,Pending,51.4,1.7
TKT508916,2025-10-15,Chat,Mobile App,Login Issue,Negative,Medium,Resolved,16.8,3.6
TKT510891,2025-10-15,Social,Mobile App,Account Access,Negative,High,Resolved,29.7,2.9
TKT511251,2025-10-15,Chat,Loans,Login Issue,Negative,High,Pending,36.4,2.0
TKT503520,2025-10-16,Chat,Mobile App,Refund Delay,Neutral,High,Resolved,25.1,4.5
TKT509241,2025-10-16,Chat,Mobile App,Loan Query,Neutral,Low,Resolved,20.8,4.0
TKT510406,2025-10-16,Social,Cards,Payment Failed,Positive,Medium,Pending,32.9,3.9
TKT510637,2025-10-16,Phone,Payments,Payment Failed,Neutral,Low,Resolved,25.9,3.2
TKT506410,2025-10-16,Email,Loans,App Bug,Negative,Low,Pending,40.3,3.0
TKT505212,2025-10-16,Chat,Payments,App Bug,Negative,Medium,Resolved,22.6,2.5
TKT511004,2025-10-16,Chat,Loans,Login Issue,Neutral,Low,Pending,32.0,4.2
TKT509927,2025-10-16,Social,Mobile App,Payment Failed,Neutral,High,Pending,45.7,4.4
TKT510761,2025-10-16,Chat,Account,App Bug,Neutral,High,Pending,33.3,3.5
TKT511728,2025-10-16,Email,Payments,Payment Failed,Negative,High,Pending,43.0,2.1
TKT505264,2025-10-16,Chat,Loans,Account Access,Neutral,Medium,Resolved,21.3,4.0
TKT506725,2025-10-16,Chat,Loans,Card Issue,Neutral,Medium,Resolved,19.7,3.2
TKT507473,2025-10-16,Chat,Account,Loan Query,Negative,High,Resolved,26.6,2.2
TKT503298,2025-10-16,Email,Account,App Bug,Neutral,Medium,Pending,38.4,3.2
TKT502866,2025-10-16,Email,Mobile App,Card Issue,Neutral,Critical,Escalated,57.5,2.7
TKT511780,2025-10-16,Chat,Mobile App,Refund Delay,Neutral,Low,Pending,40.3,3.7
TKT507159,2025-10-16,Social,Cards,Refund Delay,Negative,High,Pending,48.2,1.7
TKT506295,2025-10-16,Phone,Cards,Payment Failed,Neutral,Low,Pending,35.3,4.2
TKT502101,2025-10-17,Email,Cards,App Bug,Negative,High,Pending,49.3,2.3
TKT505749,2025-10-17,Phone,Account,Account Access,Negative,High,Pending,30.0,3.1
TKT500982,2025-10-17,Email,Loans,Card Issue,Positive,High,Pending,40.7,4.4
TKT508114,2025-10-17,Phone,Mobile App,App Bug,Negative,High,Resolved,28.6,2.9
TKT506624,2025-10-17,Social,Mobile App,Loan Query,Positive,Low,Resolved,27.7,4.3
TKT502924,2025-10-17,Phone,Loans,Card Issue,Negative,Low,Resolved,27.7,3.2
TKT505573,2025-10-17,Social,Cards,Account Access,Negative,Medium,Pending,30.7,2.6
TKT504473,2025-10-17,Social,Loans,Account Access,Neutral,Low,Resolved,27.1,4.0
TKT504509,2025-10-17,Phone,Account,Payment Failed,Negative,Critical,Pending,32.0,2.0
TKT511023,2025-10-17,Email,Cards,Card Issue,Positive,Medium,Escalated,67.0,2.8
TKT500543,2025-10-17,Email,Loans,Account Access,Negative,High,Pending,43.8,2.5
TKT504984,2025-10-17,Phone,Cards,App Bug,Negative,Medium,Resolved,22.8,2.8
TKT503306,2025-10-17,Phone,Payments,Refund Delay,Negative,Medium,Pending,31.7,3.0
TKT504287,2025-10-17,Chat,Account,Card Issue,Positive,Low,Resolved,18.7,2.9
TKT507603,2025-10-17,Social,Cards,Account Access,Positive,High,Pending,35.3,3.9
TKT507954,2025-10-17,Email,Account,Payment Failed,Negative,High,Pending,48.4,2.5
TKT502659,2025-10-17,Email,Cards,Refund Delay,Neutral,Medium,Pending,40.4,4.5
TKT502826,2025-10-17,Email,Mobile App,Card Issue,Negative,Medium,Pending,45.6,3.0
TKT504112,2025-10-17,Social,Mobile App,Card Issue,Negative,Low,Resolved,21.7,2.4
TKT500788,2025-10-17,Email,Payments,Payment Failed,Neutral,Medium,Pending,52.5,3.6
TKT500258,2025-10-17,Social,Loans,Refund Delay,Positive,Medium,Pending,41.9,4.4
TKT501122,2025-10-17,Email,Mobile App,Card Issue,Negative,High,Pending,52.4,1.8
TKT508645,2025-10-17,Email,Account,App Bug,Negative,Medium,Pending,40.8,3.0
TKT509365,2025-10-17,Phone,Mobile App,Card Issue,Negative,High,Pending,30.7,3.7
TKT508579,2025-10-17,Phone,Cards,Loan Query,Negative,High,Pending,34.2,2.2
TKT511211,2025-10-17,Email,Payments,Card Issue,Negative,Low,Pending,43.3,2.4
TKT511656,2025-10-17,Email,Mobile App,Payment Failed,Negative,High,Pending,51.2,2.7
TKT509826,2025-10-17,Email,Cards,Loan Query,Negative,High,Pending,42.6,2.3
TKT500333,2025-10-17,Social,Loans,Loan Query,Positive,Low,Resolved,26.8,3.7
TKT500855,2025-10-18,Email,Cards,Payment Failed,Positive,Medium,Pending,39.6,3.5
TKT506724,2025-10-18,Chat,Mobile App,Payment Failed,Neutral,High,Resolved,22.1,3.1
TKT507722,2025-10-18,Phone,Cards,Login Issue,Negative,High,Pending,32.8,1.6
TKT503177,2025-10-18,Phone,Mobile App,Account Access,Positive,Low,Resolved,25.2,4.0
TKT511578,2025-10-18,Chat,Payments,Login Issue,Negative,Critical,Pending,42.1,2.8
TKT511677,2025-10-18,Chat,Mobile App,Login Issue,Neutral,High,Resolved,21.6,4.0
TKT507314,2025-10-18,Email,Payments,Login Issue,Negative,High,Pending,46.9,3.2
TKT505310,2025-10-18,Chat,Loans,Payment Failed,Neutral,Low,Resolved,17.8,4.0
TKT502337,2025-10-18,Email,Loans,Refund Delay,Positive,High,Pending,44.1,3.5
TKT509800,2025-10-18,Social,Payments,Loan Query,Negative,High,Pending,37.0,3.3
TKT503495,2025-10-18,Social,Loans,Refund Delay,Positive,Medium,Resolved,28.1,3.7
TKT501508,2025-10-18,Phone,Payments,Loan Query,Negative,High,Resolved,27.0,1.7
TKT507741,2025-10-18,Chat,Payments,Account Access,Positive,Low,Pending,31.5,4.0
TKT509563,2025-10-18,Chat,Account,Account Access,Neutral,High,Resolved,29.7,3.4
TKT500357,2025-10-18,Social,Account,Payment Failed,Negative,High,Pending,35.3,2.4
TKT509172,2025-10-18,Chat,Mobile App,Refund Delay,Neutral,Medium,Resolved,25.7,3.3
TKT507303,2025-10-18,Chat,Mobile App,Refund Delay,Negative,Medium,Resolved,26.7,2.4
TKT506338,2025-10-18,Phone,Mobile App,Refund Delay,Neutral,Low,Resolved,21.8,3.6
TKT504989,2025-10-18,Email,Mobile App,Refund Delay,Neutral,Medium,Pending,30.8,4.4
TKT504400,2025-10-18,Email,Mobile App,Refund Delay,Negative,Medium,Pending,33.3,3.0
TKT505113,2025-10-18,Chat,Payments,Login Issue,Positive,Medium,Pending,37.5,4.1
TKT508356,2025-10-18,Email,Loans,Payment Failed,Positive,Medium,Pending,41.6,3.3
TKT510405,2025-10-18,Email,Loans,Login Issue,Positive,Low,Pending,33.9,4.0
TKT502676,2025-10-18,Email,Cards,Refund Delay,Neutral,High,Escalated,64.2,2.4
TKT508666,2025-10-18,Chat,Payments,Login Issue,Neutral,Low,Resolved,25.0,3.1
TKT511983,2025-10-19,Email,Mobile App,Loan Query,Positive,Medium,Escalated,61.1,4.1
TKT504708,2025-10-19,Phone,Loans,Refund Delay,Negative,Low,Resolved,26.1,3.2
TKT506285,2025-10-19,Chat,Cards,App Bug,Neutral,Medium,Resolved,20.5,3.9
TKT505316,2025-10-19,Phone,Account,Card Issue,Neutral,Low,Pending,34.4,3.6
TKT504229,2025-10-19,Email,Payments,Account Access,Positive,Low,Pending,35.2,3.7
TKT509090,2025-10-19,Phone,Account,Account Access,Negative,High,Pending,30.3,2.6
TKT509321,2025-10-19,Social,Mobile App,Login Issue,Neutral,Medium,Resolved,24.6,4.1
TKT502190,2025-10-19,Phone,Cards,Login Issue,Positive,Medium,Resolved,22.0,3.6
TKT510386,2025-10-19,Email,Loans,App Bug,Negative,High,Pending,51.5,2.6
TKT504603,2025-10-19,Chat,Mobile App,Payment Failed,Positive,Low,Resolved,15.2,3.6
TKT501796,2025-10-19,Email,Payments,Refund Delay,Negative,Critical,Pending,52.6,1.9
TKT506493,2025-10-19,Social,Cards,Login Issue,Neutral,Low,Resolved,26.3,4.3
TKT503569,2025-10-19,Phone,Mobile App,Refund Delay,Negative,High,Pending,32.0,3.1
TKT511838,2025-10-19,Chat,Account,Login Issue,Neutral,Medium,Resolved,21.3,3.7
TKT506320,2025-10-19,Email,Cards,Refund Delay,Negative,Medium,Pending,38.6,2.7
TKT500881,2025-10-19,Email,Mobile App,App Bug,Neutral,Critical,Escalated,62.6,3.6
TKT502725,2025-10-19,Social,Account,Payment Failed,Negative,High,Pending,47.4,3.1
TKT501422,2025-10-19,Chat,Loans,Payment Failed,Negative,Low,Resolved,23.2,3.5
TKT506053,2025-10-19,Chat,Mobile App,Login Issue,Negative,Medium,Resolved,29.1,2.9
TKT509684,2025-10-19,Email,Payments,Loan Query,Negative,Medium,Pending,34.0,2.5
TKT506662,2025-10-19,Chat,Account,Account Access,Positive,Medium,Resolved,15.8,3.8
TKT509280,2025-10-19,Phone,Account,Account Access,Positive,Medium,Pending,33.1,4.4
TKT508832,2025-10-19,Phone,Cards,Account Access,Positive,High,Escalated,61.4,3.5
TKT508521,2025-10-19,Email,Account,Login Issue,Neutral,Low,Pending,37.8,3.2
TKT501425,2025-10-19,Social,Payments,Payment Failed,Negative,Critical,Pending,45.1,3.2
TKT506627,2025-10-19,Email,Mobile App,Account Access,Neutral,Medium,Pending,32.5,3.1
TKT501220,2025-10-20,Chat,Mobile App,Refund Delay,Neutral,Medium,Resolved,18.9,4.7
TKT505309,2025-10-20,Social,Cards,App Bug,Positive,Medium,Resolved,24.4,4.0
TKT500392,2025-10-20,Email,Payments,Account Access,Negative,Medium,Pending,33.6,1.8
TKT504649,2025-10-20,Phone,Payments,Card Issue,Neutral,Medium,Resolved,25.5,4.2
TKT508117,2025-10-20,Chat,Payments,Payment Failed,Positive,Critical,Pending,43.4,3.1
TKT506578,2025-10-20,Phone,Payments,Payment Failed,Neutral,Medium,Resolved,23.8,3.2
TKT503670,2025-10-20,Email,Mobile App,Loan Query,Positive,Medium,Pending,35.1,4.8
TKT503356,2025-10-20,Social,Payments,Account Access,Positive,Medium,Resolved,21.5,4.1
TKT509771,2025-10-20,Email,Account,Payment Failed,Negative,High,Pending,53.3,2.8
TKT505797,2025-10-20,Social,Loans,Account Access,Negative,Medium,Pending,38.9,2.0
TKT503736,2025-10-20,Email,Mobile App,Login Issue,Neutral,High,Pending,47.2,3.0
TKT505046,2025-10-20,Email,Account,App Bug,Neutral,Medium,Pending,37.1,4.2
TKT510217,2025-10-20,Chat,Account,Login Issue,Negative,High,Escalated,57.5,1.1
TKT508728,2025-10-20,Email,Mobile App,Refund Delay,Positive,Medium,Pending,50.0,3.5
TKT501904,2025-10-20,Social,Loans,App Bug,Positive,High,Pending,31.0,4.0
TKT502457,2025-10-20,Phone,Cards,Login Issue,Neutral,Medium,Pending,30.2,4.3
TKT503910,2025-10-20,Email,Mobile App,Loan Query,Negative,Medium,Pending,54.3,2.4
TKT511959,2025-10-20,Phone,Loans,Card Issue,Positive,Medium,Resolved,27.1,3.2
TKT502848,2025-10-20,Chat,Loans,App Bug,Neutral,Low,Resolved,28.8,3.2
TKT510596,2025-10-20,Email,Mobile App,App Bug,Neutral,High,Pending,46.4,4.8
TKT509861,2025-10-20,Phone,Payments,Card Issue,Neutral,High,Pending,36.5,3.3
TKT507309,2025-10-20,Social,Payments,Loan Query,Neutral,Critical,Pending,34.2,4.3
TKT508657,2025-10-20,Chat,Cards,Payment Failed,Positive,Critical,Resolved,27.1,3.4
TKT511185,2025-10-21,Chat,Payments,Loan Query,Negative,High,Resolved,27.2,2.8
TKT503713,2025-10-21,Phone,Account,Card Issue,Neutral,Low,Resolved,23.0,3.8
TKT506977,2025-10-21,Phone,Mobile App,Payment Failed,Negative,High,Pending,31.3,2.1
TKT501890,2025-10-21,Phone,Mobile App,Login Issue,Negative,High,Pending,53.0,2.7
TKT508142,2025-10-21,Email,Loans,Payment Failed,Neutral,Critical,Pending,43.6,5.0
TKT501639,2025-10-21,Email,Loans,App Bug,Neutral,Low,Pending,44.2,3.5
TKT506047,2025-10-21,Chat,Payments,Refund Delay,Neutral,Low,Pending,43.7,3.9
TKT505876,2025-10-21,Social,Cards,Card Issue,Negative,High,Resolved,27.9,2.8
TKT502494,2025-10-21,Phone,Payments,Login Issue,Negative,High,Pending,31.2,2.8
TKT507620,2025-10-21,Chat,Loans,Loan Query,Negative,High,Pending,37.6,1.6
TKT504322,2025-10-21,Email,Mobile App,App Bug,Positive,Low,Pending,42.8,2.8
TKT503721,2025-10-21,Chat,Mobile App,App Bug,Neutral,Low,Resolved,27.7,4.4
TKT506436,2025-10-21,Email,Payments,Login Issue,Negative,Medium,Pending,43.5,1.6
TKT506551,2025-10-21,Email,Payments,Payment Failed,Negative,High,Pending,45.6,2.6
TKT507570,2025-10-21,Email,Cards,Loan Query,Negative,Medium,Pending,36.3,2.4
TKT504426,2025-10-21,Phone,Mobile App,App Bug,Negative,Medium,Pending,45.1,2.0
TKT503076,2025-10-21,Social,Cards,Loan Query,Neutral,Critical,Pending,39.1,2.9
TKT505489,2025-10-21,Social,Mobile App,Payment Failed,Neutral,High,Pending,33.3,4.1
TKT502430,2025-10-21,Social,Payments,Login Issue,Negative,Medium,Pending,46.4,3.0
TKT511768,2025-10-21,Chat,Payments,Login Issue,Neutral,Medium,Resolved,25.8,3.5
TKT501823,2025-10-21,Phone,Mobile App,Account Access,Neutral,Medium,Resolved,23.3,4.0
TKT508811,2025-10-21,Chat,Mobile App,App Bug,Negative,High,Resolved,23.2,2.5
TKT501707,2025-10-21,Chat,Account,Payment Failed,Negative,Critical,Pending,49.0,3.3
TKT510382,2025-10-22,Phone,Payments,Account Access,Negative,High,Pending,54.5,2.9
TKT500360,2025-10-22,Email,Mobile App,Account Access,Neutral,Medium,Pending,31.0,4.3
TKT509316,2025-10-22,Email,Payments,Payment Failed,Negative,High,Pending,52.3,2.0
TKT507192,2025-10-22,Chat,Payments,Payment Failed,Negative,Critical,Pending,34.7,3.2
TKT510609,2025-10-22,Email,Loans,Refund Delay,Neutral,Medium,Pending,53.5,4.0
TKT503314,2025-10-22,Phone,Payments,Card Issue,Neutral,Low,Resolved,18.6,3.5
TKT511224,2025-10-22,Social,Loans,Payment Failed,Negative,Medium,Resolved,23.3,2.3
TKT506692,2025-10-22,Email,Payments,Account Access,Negative,High,Pending,44.6,2.3
TKT510065,2025-10-22,Phone,Mobile App,Account Access,Negative,Medium,Pending,35.8,2.7
TKT511493,2025-10-22,Social,Mobile App,App Bug,Negative,High,Pending,46.2,1.7
TKT503012,2025-10-22,Chat,Mobile App,Card Issue,Positive,Medium,Resolved,15.5,4.5
TKT500747,2025-10-22,Social,Mobile App,Card Issue,Positive,Low,Pending,38.6,3.0
TKT509141,2025-10-22,Chat,Payments,Account Access,Positive,Medium,Resolved,18.7,4.2
TKT506312,2025-10-22,Phone,Cards,Loan Query,Neutral,Medium,Pending,36.7,3.3
TKT504959,2025-10-22,Email,Mobile App,App Bug,Positive,Medium,Pending,35.3,3.7
TKT508300,2025-10-22,Chat,Account,Payment Failed,Neutral,Medium,Pending,30.0,3.6
TKT505324,2025-10-22,Chat,Payments,Login Issue,Positive,Medium,Resolved,18.8,3.5
TKT504625,2025-10-22,Email,Payments,Login Issue,Negative,Critical,Pending,46.8,3.0
TKT510241,2025-10-22,Chat,Payments,Card Issue,Positive,Medium,Resolved,22.4,3.7
TKT508953,2025-10-22,Chat,Account,Payment Failed,Neutral,Low,Resolved,25.3,4.9
TKT504679,2025-10-22,Phone,Payments,Payment Failed,Negative,Critical,Pending,41.7,3.1
TKT503422,2025-10-22,Chat,Cards,Payment Failed,Negative,High,Pending,42.1,2.9
TKT503874,2025-10-22,Email,Mobile App,Card Issue,Neutral,High,Pending,43.0,3.9
TKT500841,2025-10-22,Email,Payments,Payment Failed,Positive,Medium,Pending,36.7,3.3
TKT502734,2025-10-23,Phone,Account,Login Issue,Positive,Medium,Resolved,24.4,3.7
TKT502259,2025-10-23,Social,Account,Card Issue,Negative,Low,Resolved,22.3,2.6
TKT509106,2025-10-23,Chat,Payments,App Bug,Negative,High,Pending,30.1,2.6
TKT502570,2025-10-23,Chat,Loans,Login Issue,Negative,High,Pending,34.0,3.0
TKT505775,2025-10-23,Chat,Mobile App,Payment Failed,Neutral,High,Pending,32.8,3.4
TKT501850,2025-10-23,Email,Payments,App Bug,Positive,Medium,Pending,38.7,4.6
TKT500634,2025-10-23,Social,Cards,Payment Failed,Negative,Low,Resolved,24.5,3.5
TKT500035,2025-10-23,Social,Payments,Loan Query,Positive,High,Pending,32.7,4.1
TKT504978,2025-10-23,Email,Cards,Login Issue,Negative,High,Pending,46.9,2.0
TKT503315,2025-10-23,Chat,Mobile App,Login Issue,Negative,High,Resolved,27.9,2.8
TKT501055,2025-10-23,Email,Loans,App Bug,Negative,Medium,Pending,44.3,2.7
TKT504367,2025-10-23,Social,Loans,Login Issue,Negative,High,Pending,30.1,3.1
TKT507209,2025-10-23,Chat,Loans,Payment Failed,Neutral,High,Resolved,25.6,3.8
TKT500669,2025-10-23,Chat,Account,Card Issue,Neutral,Medium,Resolved,18.7,4.6
TKT507006,2025-10-23,Email,Payments,Card Issue,Neutral,High,Pending,54.6,3.1
TKT503317,2025-10-23,Email,Mobile App,Payment Failed,Negative,Low,Pending,36.0,2.7
TKT511245,2025-10-23,Phone,Account,Login Issue,Neutral,Low,Resolved,21.6,3.7
TKT500328,2025-10-23,Phone,Payments,Payment Failed,Positive,Low,Resolved,25.7,3.8
TKT502772,2025-10-24,Phone,Mobile App,Refund Delay,Positive,Critical,Pending,34.6,2.7
TKT507895,2025-10-24,Email,Account,Account Access,Neutral,Medium,Pending,41.5,4.9
TKT509187,2025-10-24,Phone,Mobile App,Payment Failed,Negative,High,Pending,31.5,2.1
TKT506445,2025-10-24,Chat,Mobile App,App Bug,Negative,Medium,Resolved,21.0,2.2
TKT504748,2025-10-24,Chat,Payments,App Bug,Neutral,Medium,Resolved,22.7,2.9
TKT505327,2025-10-24,Chat,Account,App Bug,Negative,Low,Pending,33.0,2.5
TKT507766,2025-10-24,Phone,Account,Loan Query,Positive,Medium,Resolved,28.5,4.0
TKT504991,2025-10-24,Phone,Account,Account Access,Positive,Medium,Resolved,21.4,4.4
TKT504005,2025-10-24,Chat,Account,Refund Delay,Positive,Low,Resolved,22.3,3.9
TKT503326,2025-10-24,Chat,Mobile App,Login Issue,Neutral,Low,Resolved,16.9,4.2
TKT501482,2025-10-24,Phone,Payments,Refund Delay,Negative,Low,Pending,30.7,2.4
TKT506830,2025-10-24,Email,Loans,Card Issue,Positive,Medium,Pending,36.8,4.1
TKT508190,2025-10-24,Email,Account,Loan Query,Positive,High,Pending,39.4,3.3
TKT511893,2025-10-24,Chat,Loans,Payment Failed,Negative,High,Resolved,21.4,2.3
TKT509705,2025-10-24,Phone,Mobile App,Card Issue,Negative,Medium,Resolved,27.7,2.9
TKT509578,2025-10-24,Chat,Mobile App,Refund Delay,Neutral,Low,Pending,33.3,3.9
TKT505588,2025-10-24,Phone,Cards,Payment Failed,Negative,Medium,Pending,30.0,2.4
TKT503269,2025-10-24,Chat,Cards,Account Access,Positive,Low,Resolved,22.2,3.7
TKT509734,2025-10-24,Email,Payments,Loan Query,Negative,Medium,Pending,34.9,2.1
TKT507213,2025-10-24,Chat,Payments,Card Issue,Neutral,High,Resolved,29.9,4.0
TKT504868,2025-10-24,Social,Mobile App,Payment Failed,Negative,High,Pending,39.0,2.6
TKT501567,2025-10-24,Email,Cards,App Bug,Positive,Medium,Pending,33.8,3.2
TKT506027,2025-10-24,Social,Cards,Payment Failed,Positive,Critical,Pending,45.8,3.3
TKT506623,2025-10-24,Phone,Mobile App,Login Issue,Negative,High,Pending,45.5,2.8
TKT508558,2025-10-24,Chat,Mobile App,Card Issue,Neutral,Medium,Resolved,18.7,4.4
TKT505206,2025-10-24,Social,Payments,Account Access,Negative,Medium,Resolved,24.6,1.3
TKT511110,2025-10-24,Email,Mobile App,App Bug,Neutral,Low,Pending,33.3,3.6
TKT511406,2025-10-24,Email,Loans,Loan Query,Neutral,Medium,Pending,35.3,3.5
TKT510606,2025-10-24,Phone,Mobile App,Card Issue,Positive,High,Resolved,25.9,4.1
TKT500759,2025-10-24,Email,Loans,App Bug,Neutral,High,Pending,41.1,3.7
TKT500796,2025-10-24,Chat,Payments,Payment Failed,Negative,High,Resolved,21.4,2.6
TKT504139,2025-10-24,Phone,Mobile App,App Bug,Positive,Medium,Pending,38.4,3.3
TKT503279,2025-10-25,Chat,Cards,Account Access,Negative,Low,Resolved,25.5,2.4
TKT509668,2025-10-25,Phone,Account,App Bug,Positive,Low,Resolved,28.6,3.7
TKT500784,2025-10-25,Chat,Payments,Refund Delay,Neutral,Medium,Resolved,18.9,4.2
TKT507345,2025-10-25,Chat,Cards,Refund Delay,Negative,Medium,Resolved,19.4,2.2
TKT505167,2025-10-25,Chat,Mobile App,Payment Failed,Positive,High,Resolved,29.5,4.1
TKT501673,2025-10-25,Phone,Payments,Payment Failed,Neutral,High,Resolved,26.8,4.1
TKT503568,2025-10-25,Phone,Loans,Loan Query,Positive,High,Pending,37.8,3.6
TKT507666,2025-10-25,Chat,Loans,Payment Failed,Positive,Low,Pending,33.4,4.5
TKT504469,2025-10-25,Chat,Payments,App Bug,Neutral,Low,Pending,43.5,4.7
TKT504631,2025-10-25,Chat,Payments,Account Access,Negative,High,Pending,34.4,2.1
TKT511057,2025-10-25,Phone,Loans,App Bug,Neutral,Low,Resolved,22.3,4.2
TKT501660,2025-10-25,Chat,Payments,Login Issue,Negative,Low,Resolved,24.7,2.4
TKT507189,2025-10-25,Phone,Cards,Refund Delay,Negative,Low,Resolved,22.4,2.1
TKT501400,2025-10-25,Email,Account,Payment Failed,Negative,Medium,Pending,36.6,3.6
TKT511213,2025-10-25,Email,Payments,Payment Failed,Negative,Medium,Escalated,56.8,1.9
TKT501205,2025-10-25,Phone,Loans,Card Issue,Neutral,High,Pending,35.5,3.6
TKT509534,2025-10-25,Chat,Mobile App,Login Issue,Neutral,High,Resolved,24.3,3.4
TKT507825,2025-10-26,Social,Loans,Account Access,Positive,High,Pending,34.4,4.0
TKT509130,2025-10-26,Chat,Cards,Loan Query,Positive,Medium,Resolved,23.9,4.2
TKT504237,2025-10-26,Email,Loans,Refund Delay,Neutral,Medium,Escalated,66.7,3.9
TKT510631,2025-10-26,Social,Payments,App Bug,Positive,High,Escalated,57.4,4.4
TKT510585,2025-10-26,Email,Loans,App Bug,Negative,Medium,Escalated,71.1,1.9
TKT510670,2025-10-26,Chat,Cards,Card Issue,Positive,Medium,Resolved,20.5,4.3
TKT502708,2025-10-26,Chat,Payments,Loan Query,Negative,High,Pending,31.4,1.8
TKT511319,2025-10-26,Chat,Payments,Refund Delay,Neutral,Medium,Resolved,15.1,3.4
TKT507262,2025-10-26,Social,Cards,Login Issue,Positive,Medium,Resolved,28.4,4.9
TKT507184,2025-10-26,Phone,Loans,Refund Delay,Neutral,Medium,Pending,31.0,3.7
TKT502675,2025-10-26,Chat,Payments,App Bug,Negative,Medium,Resolved,18.6,1.9
TKT511456,2025-10-26,Email,Account,Account Access,Positive,Low,Pending,43.5,3.5
TKT509049,2025-10-26,Phone,Mobile App,Refund Delay,Positive,Medium,Resolved,28.6,3.2
TKT506527,2025-10-26,Social,Mobile App,Account Access,Negative,Low,Resolved,21.3,2.2
TKT506878,2025-10-26,Email,Loans,Card Issue,Negative,Low,Pending,43.4,2.3
TKT501714,2025-10-26,Phone,Payments,Card Issue,Neutral,High,Pending,35.1,3.8
TKT510604,2025-10-26,Email,Account,Payment Failed,Negative,Critical,Pending,53.0,2.4
TKT503521,2025-10-26,Chat,Account,App Bug,Neutral,Medium,Resolved,23.6,3.8
TKT505587,2025-10-26,Email,Cards,App Bug,Positive,Medium,Escalated,59.9,2.4
TKT505977,2025-10-26,Phone,Payments,Payment Failed,Negative,Low,Resolved,20.9,2.5
TKT501311,2025-10-26,Email,Cards,Card Issue,Negative,Medium,Pending,37.6,2.6
TKT511927,2025-10-26,Chat,Account,Account Access,Negative,Low,Resolved,23.2,3.3
TKT509331,2025-10-26,Social,Loans,App Bug,Negative,High,Pending,35.2,2.2
TKT501932,2025-10-26,Chat,Mobile App,Login Issue,Negative,High,Pending,36.7,3.8
TKT502904,2025-10-26,Chat,Mobile App,Loan Query,Positive,Medium,Resolved,22.2,3.8
TKT503038,2025-10-26,Chat,Loans,Login Issue,Neutral,High,Pending,35.8,4.6
TKT504929,2025-10-26,Email,Mobile App,Login Issue,Positive,High,Pending,46.7,4.0
TKT500073,2025-10-26,Chat,Account,Login Issue,Positive,Low,Resolved,22.5,3.4
TKT502048,2025-10-26,Chat,Account,Login Issue,Neutral,Critical,Resolved,29.3,4.3
TKT505091,2025-10-26,Email,Mobile App,App Bug,Negative,High,Pending,41.8,2.7
TKT509696,2025-10-27,Email,Cards,Refund Delay,Negative,High,Escalated,60.0,1.8
TKT510116,2025-10-27,Email,Payments,Payment Failed,Negative,High,Pending,46.9,1.5
TKT504941,2025-10-27,Phone,Account,Card Issue,Neutral,High,Pending,54.8,4.1
TKT508184,2025-10-27,Phone,Mobile App,Payment Failed,Negative,Critical,Pending,51.3,3.5
TKT506918,2025-10-27,Social,Cards,Refund Delay,Neutral,Medium,Pending,34.0,4.2
TKT500607,2025-10-27,Email,Payments,Login Issue,Negative,Low,Pending,41.2,2.5
TKT511909,2025-10-27,Chat,Mobile App,App Bug,Negative,Low,Resolved,13.3,2.7
TKT511095,2025-10-27,Email,Payments,Login Issue,Neutral,Medium,Pending,36.2,3.5
TKT505005,2025-10-27,Chat,Loans,Refund Delay,Negative,High,Resolved,23.1,2.7
TKT500803,2025-10-27,Phone,Account,Account Access,Neutral,Low,Pending,49.1,4.1
TKT508199,2025-10-27,Email,Mobile App,Payment Failed,Neutral,Critical,Escalated,57.3,3.8
TKT504222,2025-10-27,Email,Loans,Login Issue,Negative,High,Pending,41.1,2.7
TKT503714,2025-10-27,Chat,Cards,Login Issue,Negative,High,Pending,44.0,2.8
TKT504992,2025-10-27,Phone,Mobile App,Login Issue,Neutral,Medium,Resolved,29.2,4.8
TKT511370,2025-10-27,Chat,Payments,Loan Query,Neutral,High,Resolved,26.9,4.3
TKT506753,2025-10-27,Chat,Cards,Loan Query,Neutral,High,Pending,30.5,4.3
TKT511688,2025-10-27,Phone,Payments,Login Issue,Positive,Medium,Resolved,26.0,3.8
TKT504996,2025-10-27,Chat,Mobile App,Refund Delay,Negative,High,Pending,47.1,2.8
TKT510884,2025-10-27,Social,Account,Refund Delay,Negative,Low,Pending,37.1,3.9
TKT503908,2025-10-27,Chat,Mobile App,Payment Failed,Negative,Low,Resolved,29.0,2.7
TKT501268,2025-10-27,Chat,Loans,Payment Failed,Negative,High,Resolved,28.2,3.5
TKT509547,2025-10-27,Social,Payments,Card Issue,Positive,Low,Resolved,28.4,4.5
TKT500909,2025-10-27,Phone,Payments,Card Issue,Positive,High,Pending,45.0,4.3
TKT509043,2025-10-27,Chat,Loans,Payment Failed,Negative,High,Pending,40.9,2.0
TKT503689,2025-10-27,Email,Payments,Card Issue,Negative,High,Pending,46.9,2.1
TKT507612,2025-10-28,Email,Mobile App,Payment Failed,Neutral,Low,Pending,45.0,3.4
TKT502961,2025-10-28,Chat,Mobile App,Payment Failed,Neutral,Medium,Pending,33.3,3.9
TKT504623,2025-10-28,Chat,Loans,Card Issue,Negative,Low,Resolved,20.4,2.8
TKT504604,2025-10-28,Phone,Mobile App,Account Access,Neutral,Low,Resolved,25.6,2.8
TKT507503,2025-10-28,Social,Mobile App,App Bug,Neutral,Medium,Resolved,24.7,4.6
TKT504049,2025-10-28,Phone,Cards,Account Access,Negative,High,Pending,38.2,2.9
TKT509837,2025-10-28,Chat,Mobile App,Login Issue,Negative,High,Pending,43.9,2.8
TKT500205,2025-10-28,Phone,Payments,Payment Failed,Negative,Medium,Resolved,27.3,1.9
TKT505244,2025-10-28,Chat,Mobile App,Payment Failed,Negative,High,Pending,41.7,2.9
TKT505850,2025-10-28,Chat,Cards,Login Issue,Positive,Low,Resolved,14.4,5.0
TKT511804,2025-10-28,Chat,Mobile App,Login Issue,Negative,Low,Resolved,22.6,1.7
TKT505856,2025-10-28,Chat,Account,Payment Failed,Negative,Low,Resolved,21.9,2.8
TKT503759,2025-10-28,Email,Account,App Bug,Negative,High,Pending,39.8,2.7
TKT507106,2025-10-28,Social,Mobile App,Payment Failed,Negative,Medium,Resolved,27.6,3.0
TKT507775,2025-10-28,Social,Account,App Bug,Neutral,High,Pending,34.5,3.2
TKT504438,2025-10-29,Phone,Account,Refund Delay,Neutral,Low,Resolved,25.0,2.5
TKT501958,2025-10-29,Phone,Mobile App,Account Access,Negative,High,Resolved,26.4,2.7
TKT507105,2025-10-29,Social,Mobile App,Account Access,Negative,High,Pending,30.2,1.9
TKT506097,2025-10-29,Email,Loans,Account Access,Negative,Low,Escalated,56.1,1.8
TKT509311,2025-10-29,Chat,Mobile App,App Bug,Negative,Medium,Resolved,21.8,2.5
TKT503070,2025-10-29,Phone,Payments,Payment Failed,Negative,High,Resolved,28.1,1.7
TKT511090,2025-10-29,Chat,Loans,Payment Failed,Negative,High,Pending,36.0,2.1
TKT505251,2025-10-29,Phone,Account,Account Access,Negative,Medium,Resolved,27.6,3.8
TKT503499,2025-10-29,Phone,Account,Payment Failed,Negative,Medium,Resolved,28.2,3.5
TKT500757,2025-10-29,Phone,Loans,Payment Failed,Negative,Critical,Pending,33.4,2.3
TKT506722,2025-10-29,Chat,Mobile App,Card Issue,Positive,Medium,Resolved,16.1,4.6
TKT502389,2025-10-29,Email,Cards,App Bug,Negative,Low,Pending,47.0,1.6
TKT504153,2025-10-29,Chat,Payments,Card Issue,Negative,Medium,Resolved,19.8,3.0
TKT503389,2025-10-29,Email,Loans,Login Issue,Negative,Medium,Pending,43.9,2.4
TKT503340,2025-10-29,Chat,Loans,Login Issue,Negative,High,Pending,34.2,2.5
TKT501433,2025-10-29,Phone,Loans,Payment Failed,Neutral,Medium,Pending,44.3,4.6
TKT508937,2025-10-29,Chat,Mobile App,Refund Delay,Neutral,Low,Resolved,28.2,3.6
TKT500603,2025-10-30,Email,Payments,Loan Query,Negative,High,Pending,42.1,2.3
TKT508794,2025-10-30,Chat,Payments,Card Issue,Positive,High,Resolved,25.7,4.3
TKT508990,2025-10-30,Phone,Mobile App,Login Issue,Positive,High,Pending,41.4,4.4
TKT505085,2025-10-30,Email,Cards,Refund Delay,Negative,Medium,Pending,34.7,3.3
TKT507678,2025-10-30,Email,Loans,Refund Delay,Negative,High,Pending,39.0,2.7
TKT502330,2025-10-30,Chat,Payments,Payment Failed,Neutral,Medium,Resolved,24.6,4.7
TKT506509,2025-10-30,Social,Cards,Account Access,Neutral,High,Resolved,28.2,3.9
TKT511075,2025-10-30,Chat,Payments,Refund Delay,Neutral,Medium,Pending,34.6,4.6
TKT501945,2025-10-30,Email,Mobile App,Loan Query,Negative,High,Pending,50.2,2.7
TKT507705,2025-10-30,Phone,Payments,Refund Delay,Neutral,Medium,Resolved,20.8,4.3
TKT508971,2025-10-30,Phone,Account,Account Access,Negative,High,Pending,34.5,3.5
TKT510300,2025-10-30,Chat,Mobile App,Login Issue,Neutral,High,Resolved,21.5,3.4
TKT502778,2025-10-30,Chat,Loans,Payment Failed,Negative,High,Pending,30.9,3.4
TKT507564,2025-10-30,Chat,Payments,Loan Query,Positive,High,Resolved,24.8,4.4
TKT506014,2025-10-30,Email,Cards,Refund Delay,Neutral,High,Pending,49.2,4.3
TKT506145,2025-10-30,Social,Loans,Login Issue,Neutral,Low,Resolved,26.7,3.1
TKT501788,2025-10-30,Chat,Account,Refund Delay,Neutral,Low,Resolved,18.8,3.5
TKT505320,2025-10-30,Chat,Cards,Login Issue,Positive,Medium,Resolved,18.2,3.2
TKT508003,2025-10-30,Email,Payments,Account Access,Positive,Medium,Pending,34.9,3.4
TKT503066,2025-10-30,Social,Loans,Loan Query,Positive,Low,Pending,32.1,3.4
TKT506040,2025-10-30,Chat,Cards,Account Access,Neutral,Medium,Pending,36.0,3.4
TKT508939,2025-10-30,Chat,Mobile App,Payment Failed,Positive,Medium,Resolved,18.8,4.9
TKT500931,2025-10-30,Phone,Mobile App,Refund Delay,Negative,Medium,Resolved,25.4,2.8
TKT506297,2025-10-30,Social,Cards,Account Access,Neutral,Medium,Pending,36.2,4.3
TKT511175,2025-10-30,Chat,Account,Payment Failed,Positive,High,Pending,31.6,4.1
TKT510426,2025-10-31,Phone,Cards,Login Issue,Negative,Low,Resolved,23.3,1.8
TKT505783,2025-10-31,Chat,Cards,Account Access,Positive,Low,Resolved,21.9,4.2
TKT506580,2025-10-31,Chat,Mobile App,App Bug,Negative,High,Pending,36.5,2.6
TKT501369,2025-10-31,Phone,Mobile App,Card Issue,Positive,Low,Pending,41.0,3.0
TKT505372,2025-10-31,Chat,Mobile App,Refund Delay,Negative,High,Pending,32.2,2.1
TKT508334,2025-10-31,Phone,Account,Card Issue,Positive,Low,Resolved,18.7,3.3
TKT510635,2025-10-31,Phone,Mobile App,App Bug,Positive,High,Pending,33.3,3.7
TKT505237,2025-10-31,Phone,Mobile App,App Bug,Negative,Low,Resolved,24.5,2.6
TKT505769,2025-10-31,Email,Mobile App,Payment Failed,Negative,High,Pending,49.6,3.2
TKT503875,2025-10-31,Social,Payments,App Bug,Negative,High,Pending,37.1,2.0
TKT506383,2025-11-01,Social,Loans,Loan Query,Neutral,Critical,Pending,38.4,4.2
TKT500961,2025-11-01,Chat,Payments,Login Issue,Negative,Medium,Pending,36.2,3.0
TKT505136,2025-11-01,Social,Payments,Login Issue,Negative,Low,Resolved,23.8,2.8
TKT509974,2025-11-01,Chat,Loans,Login Issue,Negative,Low,Resolved,18.8,2.4
TKT511794,2025-11-01,Social,Mobile App,App Bug,Neutral,Low,Resolved,23.4,3.9
TKT504347,2025-11-01,Phone,Loans,Loan Query,Positive,High,Pending,43.2,4.1
TKT511609,2025-11-01,Chat,Mobile App,App Bug,Neutral,Medium,Resolved,16.8,3.5
TKT507922,2025-11-01,Social,Loans,Loan Query,Negative,Medium,Resolved,26.7,2.0
TKT507339,2025-11-01,Email,Mobile App,Account Access,Positive,Medium,Pending,41.3,3.7
TKT504688,2025-11-01,Social,Cards,Account Access,Neutral,Low,Resolved,26.6,3.7
TKT509571,2025-11-01,Phone,Mobile App,Payment Failed,Negative,High,Pending,43.4,1.6
TKT501684,2025-11-01,Social,Mobile App,Card Issue,Negative,High,Resolved,29.0,2.1
TKT506201,2025-11-01,Chat,Account,Refund Delay,Neutral,Low,Resolved,15.6,4.6
TKT503353,2025-11-01,Email,Payments,Payment Failed,Neutral,Low,Pending,35.2,2.2
TKT500246,2025-11-01,Phone,Loans,Refund Delay,Negative,Low,Resolved,27.9,1.9
TKT507003,2025-11-01,Social,Payments,Login Issue,Positive,Low,Pending,38.3,4.0
TKT511640,2025-11-01,Phone,Loans,Login Issue,Negative,Low,Resolved,28.0,2.7
TKT510546,2025-11-01,Chat,Cards,Payment Failed,Neutral,Critical,Pending,39.9,3.0
TKT511021,2025-11-01,Chat,Payments,Refund Delay,Positive,Low,Pending,31.0,3.5
TKT501000,2025-11-01,Email,Payments,Account Access,Neutral,Low,Pending,37.8,3.6
TKT504494,2025-11-01,Email,Loans,Account Access,Positive,Medium,Pending,38.2,3.3
TKT505071,2025-11-01,Chat,Loans,App Bug,Negative,High,Resolved,22.4,2.5
TKT509268,2025-11-01,Phone,Mobile App,Refund Delay,Neutral,High,Pending,33.5,4.5
TKT504372,2025-11-01,Email,Account,Account Access,Negative,Low,Pending,44.6,1.7
TKT507529,2025-11-02,Phone,Mobile App,Card Issue,Negative,High,Resolved,27.7,2.5
TKT506626,2025-11-02,Email,Account,Payment Failed,Neutral,Low,Pending,38.1,4.1
TKT505537,2025-11-02,Phone,Loans,Payment Failed,Negative,Medium,Pending,33.6,1.9
TKT504265,2025-11-02,Email,Payments,Login Issue,Positive,Low,Pending,49.6,4.3
TKT504712,2025-11-02,Email,Payments,App Bug,Negative,Medium,Pending,36.4,2.1
TKT504672,2025-11-02,Chat,Mobile App,Login Issue,Positive,Low,Resolved,13.7,4.3
TKT500442,2025-11-02,Email,Account,Payment Failed,Positive,Medium,Pending,49.4,4.0
TKT502877,2025-11-02,Phone,Account,Card Issue,Positive,Medium,Pending,30.1,2.1
TKT510493,2025-11-02,Social,Mobile App,Card Issue,Negative,Low,Resolved,24.8,3.3
TKT506062,2025-11-02,Email,Account,Account Access,Neutral,Low,Pending,51.7,3.6
TKT500136,2025-11-02,Chat,Loans,Card Issue,Positive,Low,Resolved,20.6,3.9
TKT509389,2025-11-02,Chat,Account,Payment Failed,Negative,Medium,Pending,31.0,2.4
TKT500507,2025-11-02,Phone,Payments,Refund Delay,Negative,High,Pending,31.6,1.8
TKT510675,2025-11-02,Social,Loans,Account Access,Positive,Medium,Resolved,21.9,3.7
TKT505582,2025-11-02,Phone,Account,Loan Query,Negative,Medium,Resolved,29.6,1.6
TKT501338,2025-11-02,Email,Loans,Payment Failed,Negative,Low,Pending,32.6,2.9
TKT507256,2025-11-02,Chat,Mobile App,Payment Failed,Positive,Low,Pending,31.5,5.0
TKT500389,2025-11-02,Chat,Mobile App,App Bug,Negative,Low,Resolved,18.5,2.9
TKT504776,2025-11-02,Email,Account,Loan Query,Neutral,High,Pending,44.7,3.9
TKT510791,2025-11-02,Chat,Account,Refund Delay,Positive,High,Pending,33.8,4.1
TKT505938,2025-11-02,Email,Mobile App,Card Issue,Negative,High,Pending,39.9,2.3
TKT509831,2025-11-02,Email,Cards,App Bug,Negative,High,Pending,43.0,2.5
TKT507012,2025-11-02,Chat,Loans,Login Issue,Positive,Medium,Resolved,16.5,4.7
TKT511914,2025-11-02,Chat,Payments,App Bug,Negative,Medium,Resolved,14.5,2.7
TKT503905,2025-11-03,Chat,Account,Account Access,Negative,High,Resolved,21.2,3.2
TKT504246,2025-11-03,Email,Payments,Loan Query,Positive,Low,Pending,41.4,3.4
TKT511766,2025-11-03,Chat,Loans,Refund Delay,Negative,Critical,Resolved,27.1,1.6
TKT507791,2025-11-03,Social,Loans,App Bug,Negative,Medium,Resolved,24.1,2.1
TKT500148,2025-11-03,Chat,Cards,Loan Query,Positive,Low,Resolved,17.4,4.1
TKT502771,2025-11-03,Phone,Payments,Payment Failed,Negative,High,Pending,34.9,2.3
TKT500581,2025-11-03,Phone,Mobile App,Account Access,Positive,High,Pending,36.6,2.9
TKT509408,2025-11-03,Chat,Account,Login Issue,Neutral,High,Pending,31.1,3.8
TKT507512,2025-11-03,Social,Loans,Login Issue,Negative,High,Pending,32.4,2.5
TKT505838,2025-11-03,Phone,Mobile App,Card Issue,Negative,Low,Resolved,22.4,2.3
TKT511019,2025-11-03,Phone,Account,Loan Query,Neutral,High,Pending,31.9,4.1
TKT510864,2025-11-03,Phone,Payments,Refund Delay,Negative,Medium,Pending,35.9,3.1
TKT500648,2025-11-03,Email,Payments,Payment Failed,Negative,Critical,Escalated,68.0,2.1
TKT501683,2025-11-03,Phone,Payments,Payment Failed,Positive,High,Pending,35.5,4.0
TKT504964,2025-11-03,Social,Account,Payment Failed,Negative,Low,Pending,34.4,2.0
TKT500283,2025-11-03,Email,Payments,Payment Failed,Negative,Medium,Pending,43.1,2.3
TKT503820,2025-11-03,Chat,Cards,Refund Delay,Negative,High,Pending,33.3,3.3
TKT504000,2025-11-03,Chat,Mobile App,Refund Delay,Positive,High,Pending,39.2,3.7
TKT508019,2025-11-03,Email,Cards,Account Access,Negative,Medium,Pending,39.3,2.7
TKT508761,2025-11-03,Social,Loans,Login Issue,Negative,Low,Resolved,20.5,2.6
TKT501947,2025-11-03,Phone,Loans,Refund Delay,Neutral,Low,Resolved,26.8,4.0
TKT503084,2025-11-03,Chat,Payments,Refund Delay,Negative,Low,Resolved,22.5,2.5
TKT502635,2025-11-03,Phone,Loans,Card Issue,Positive,Critical,Pending,35.9,4.4
TKT508886,2025-11-03,Chat,Loans,Card Issue,Negative,Low,Resolved,17.3,1.7
TKT511145,2025-11-03,Phone,Mobile App,Payment Failed,Negative,Medium,Resolved,25.2,3.2
TKT510253,2025-11-03,Phone,Payments,Login Issue,Negative,Low,Escalated,68.0,1.7
TKT502110,2025-11-03,Social,Payments,Login Issue,Neutral,High,Pending,44.5,3.6
TKT502317,2025-11-03,Chat,Payments,Refund Delay,Positive,Low,Pending,31.5,3.6
TKT508940,2025-11-03,Phone,Cards,Card Issue,Neutral,High,Pending,49.1,4.4
TKT504137,2025-11-03,Chat,Account,App Bug,Positive,High,Pending,38.7,3.4
TKT502087,2025-11-03,Chat,Loans,Login Issue,Negative,Medium,Resolved,29.9,2.6
TKT506688,2025-11-03,Email,Mobile App,Card Issue,Positive,Low,Pending,36.0,3.4
TKT510521,2025-11-04,Chat,Payments,Refund Delay,Positive,Critical,Resolved,26.2,3.2
TKT506176,2025-11-04,Email,Cards,Card Issue,Negative,High,Pending,41.7,2.8
TKT501910,2025-11-04,Social,Loans,Card Issue,Negative,High,Pending,39.4,3.3
TKT511314,2025-11-04,Chat,Account,Card Issue,Positive,Medium,Resolved,26.9,4.0
TKT503489,2025-11-04,Chat,Cards,Loan Query,Positive,Medium,Pending,30.0,4.3
TKT503194,2025-11-04,Phone,Loans,Account Access,Negative,High,Pending,31.1,3.1
TKT508659,2025-11-04,Phone,Mobile App,Payment Failed,Negative,Low,Resolved,22.5,2.5
TKT508398,2025-11-04,Chat,Mobile App,Loan Query,Positive,Medium,Resolved,18.1,4.2
TKT510832,2025-11-04,Social,Cards,Account Access,Neutral,High,Pending,38.0,4.1
TKT500740,2025-11-04,Email,Account,Login Issue,Positive,Critical,Pending,50.2,4.2
TKT511611,2025-11-04,Chat,Mobile App,Payment Failed,Negative,Low,Resolved,27.5,1.3
TKT505716,2025-11-04,Social,Mobile App,Payment Failed,Positive,Medium,Resolved,23.8,3.5
TKT507838,2025-11-04,Chat,Payments,Loan Query,Positive,Low,Resolved,19.5,4.0
TKT504957,2025-11-04,Email,Payments,Login Issue,Neutral,Low,Pending,54.1,3.2
TKT505379,2025-11-04,Social,Cards,Loan Query,Positive,High,Pending,37.3,4.5
TKT504859,2025-11-04,Chat,Mobile App,Login Issue,Positive,Low,Resolved,25.6,3.7
TKT505387,2025-11-04,Email,Account,Refund Delay,Negative,High,Pending,38.4,1.9
TKT509865,2025-11-04,Phone,Loans,Payment Failed,Neutral,High,Pending,38.9,4.2
TKT508644,2025-11-04,Phone,Mobile App,Payment Failed,Positive,High,Resolved,29.4,3.6
TKT509104,2025-11-04,Chat,Payments,Loan Query,Positive,Low,Resolved,27.5,4.6
TKT500146,2025-11-04,Social,Payments,App Bug,Negative,Low,Resolved,26.0,3.0
TKT504637,2025-11-04,Email,Mobile App,Refund Delay,Positive,Medium,Pending,54.4,3.9
TKT510760,2025-11-04,Email,Mobile App,Loan Query,Neutral,High,Pending,50.3,4.2
TKT501258,2025-11-04,Chat,Account,Loan Query,Neutral,Medium,Resolved,13.9,3.8
TKT508760,2025-11-04,Chat,Account,Card Issue,Negative,High,Resolved,26.6,3.4
TKT502247,2025-11-04,Phone,Loans,Refund Delay,Neutral,Medium,Resolved,20.2,3.5
TKT508846,2025-11-05,Email,Payments,Login Issue,Negative,High,Pending,47.4,2.0
TKT502731,2025-11-05,Email,Loans,Payment Failed,Negative,High,Pending,40.4,2.9
TKT502730,2025-11-05,Phone,Cards,Refund Delay,Positive,Low,Pending,36.5,4.1
TKT509228,2025-11-05,Social,Loans,Card Issue,Negative,High,Pending,35.4,2.2
TKT509889,2025-11-05,Phone,Loans,Payment Failed,Neutral,Critical,Pending,35.7,3.2
TKT505501,2025-11-05,Email,Payments,Loan Query,Neutral,High,Pending,52.6,4.4
TKT501561,2025-11-05,Email,Mobile App,Card Issue,Negative,High,Pending,45.4,2.2
TKT503752,2025-11-05,Social,Account,Login Issue,Negative,High,Pending,32.0,2.9
TKT500997,2025-11-05,Phone,Payments,Payment Failed,Negative,High,Resolved,28.7,2.9
TKT507268,2025-11-05,Phone,Payments,App Bug,Negative,Medium,Resolved,21.6,1.4
TKT504548,2025-11-05,Phone,Mobile App,Card Issue,Negative,High,Resolved,25.8,2.5
TKT509105,2025-11-05,Email,Loans,Login Issue,Neutral,High,Pending,50.8,3.9
TKT507554,2025-11-05,Social,Payments,App Bug,Negative,High,Pending,39.8,2.0
TKT501688,2025-11-05,Phone,Mobile App,Payment Failed,Negative,High,Pending,34.0,3.0
TKT505514,2025-11-05,Chat,Mobile App,Refund Delay,Neutral,Low,Resolved,28.9,3.9
TKT509151,2025-11-05,Chat,Cards,Refund Delay,Neutral,Medium,Resolved,19.3,4.5
TKT502093,2025-11-05,Chat,Payments,Login Issue,Positive,High,Resolved,29.3,4.3
TKT501188,2025-11-05,Chat,Cards,Payment Failed,Negative,High,Pending,30.3,2.9
TKT511752,2025-11-05,Social,Account,Card Issue,Neutral,High,Pending,36.0,4.1
TKT506172,2025-11-05,Chat,Mobile App,Payment Failed,Negative,High,Resolved,27.1,2.0
TKT501875,2025-11-05,Email,Cards,App Bug,Negative,Medium,Pending,36.0,2.0
TKT503155,2025-11-06,Phone,Loans,Refund Delay,Negative,High,Pending,33.1,1.4
TKT508298,2025-11-06,Social,Cards,Account Access,Neutral,High,Pending,37.1,3.7
TKT510151,2025-11-06,Phone,Payments,Refund Delay,Neutral,Medium,Resolved,20.1,4.0
TKT508685,2025-11-06,Email,Account,Loan Query,Neutral,Medium,Pending,31.9,3.5
TKT511258,2025-11-06,Chat,Payments,Card Issue,Neutral,High,Resolved,27.1,3.3
TKT501767,2025-11-06,Email,Mobile App,Payment Failed,Neutral,Critical,Pending,45.3,3.1
TKT503470,2025-11-06,Chat,Loans,Refund Delay,Negative,High,Resolved,23.1,4.0
TKT505682,2025-11-06,Chat,Loans,Loan Query,Positive,High,Resolved,29.4,3.9
TKT511683,2025-11-06,Email,Loans,Account Access,Neutral,High,Pending,44.4,3.9
TKT506936,2025-11-06,Chat,Payments,Payment Failed,Negative,Critical,Pending,36.4,2.1
TKT511642,2025-11-06,Phone,Mobile App,Login Issue,Negative,High,Escalated,59.2,1.6
TKT503650,2025-11-06,Social,Mobile App,Payment Failed,Negative,High,Pending,33.9,2.7
TKT508619,2025-11-06,Social,Loans,Account Access,Negative,High,Pending,41.3,2.9
TKT503803,2025-11-06,Chat,Loans,Payment Failed,Negative,Medium,Resolved,18.0,1.7
TKT505098,2025-11-06,Phone,Loans,Login Issue,Negative,High,Pending,32.5,2.5
TKT505971,2025-11-06,Phone,Payments,Payment Failed,Neutral,Critical,Pending,42.0,3.7
TKT501424,2025-11-06,Email,Payments,Card Issue,Negative,High,Pending,40.9,2.6
TKT511902,2025-11-06,Chat,Payments,Login Issue,Neutral,Low,Resolved,22.5,5.0
TKT501730,2025-11-06,Chat,Payments,Card Issue,Positive,Low,Resolved,15.8,3.9
TKT511283,2025-11-06,Chat,Mobile App,Login Issue,Positive,High,Resolved,24.9,2.6
TKT508776,2025-11-06,Email,Account,Account Access,Neutral,Low,Pending,38.4,3.5
TKT511153,2025-11-06,Phone,Loans,Account Access,Negative,High,Pending,42.2,1.3
TKT501418,2025-11-06,Chat,Mobile App,Login Issue,Positive,High,Pending,36.2,3.9
TKT500038,2025-11-07,Chat,Cards,Login Issue,Neutral,Medium,Resolved,14.7,3.5
TKT506809,2025-11-07,Phone,Payments,Card Issue,Neutral,Medium,Pending,30.6,4.3
TKT500467,2025-11-07,Chat,Cards,Refund Delay,Negative,High,Resolved,27.1,2.6
TKT500115,2025-11-07,Social,Payments,Payment Failed,Negative,Low,Resolved,28.6,3.6
TKT502852,2025-11-07,Email,Account,Login Issue,Positive,High,Pending,40.0,4.3
TKT501906,2025-11-07,Phone,Cards,Login Issue,Negative,High,Pending,32.9,2.3
TKT507454,2025-11-07,Email,Account,Account Access,Negative,High,Pending,52.7,1.6
TKT508947,2025-11-07,Chat,Mobile App,Payment Failed,Negative,High,Resolved,29.7,2.0
TKT505842,2025-11-07,Email,Loans,Payment Failed,Negative,High,Pending,39.3,2.6
TKT509165,2025-11-07,Social,Cards,App Bug,Positive,Medium,Resolved,23.7,3.6
TKT510743,2025-11-07,Chat,Cards,App Bug,Negative,High,Resolved,23.3,2.1
TKT511126,2025-11-07,Phone,Account,Refund Delay,Negative,Low,Pending,34.5,2.0
TKT502616,2025-11-07,Social,Payments,Login Issue,Positive,Medium,Resolved,24.7,3.7
TKT510770,2025-11-07,Phone,Loans,Payment Failed,Negative,High,Pending,30.0,1.8
TKT502603,2025-11-07,Email,Payments,Card Issue,Neutral,High,Pending,46.3,3.7
TKT505120,2025-11-07,Social,Loans,Loan Query,Positive,Medium,Resolved,24.5,4.8
TKT504782,2025-11-07,Phone,Payments,Refund Delay,Positive,Low,Pending,51.2,3.1
TKT509478,2025-11-07,Chat,Mobile App,Card Issue,Positive,Medium,Resolved,19.1,3.9
TKT504010,2025-11-07,Chat,Mobile App,Loan Query,Neutral,Medium,Resolved,27.2,4.1
TKT506992,2025-11-07,Phone,Payments,Payment Failed,Positive,High,Resolved,26.0,4.1
TKT511704,2025-11-07,Phone,Mobile App,Account Access,Negative,High,Pending,31.7,2.6
TKT505638,2025-11-07,Phone,Cards,Login Issue,Negative,Medium,Resolved,27.7,3.0
TKT508002,2025-11-07,Chat,Mobile App,App Bug,Negative,High,Pending,45.9,3.0
TKT508664,2025-11-07,Email,Cards,Payment Failed,Neutral,Low,Pending,52.1,3.1
TKT506124,2025-11-07,Phone,Loans,Login Issue,Neutral,High,Pending,47.3,3.6
TKT501638,2025-11-07,Chat,Account,Account Access,Negative,High,Resolved,27.5,3.2
TKT509729,2025-11-07,Social,Loans,Refund Delay,Positive,Medium,Resolved,24.8,3.0
TKT504397,2025-11-07,Chat,Mobile App,Loan Query,Positive,Low,Resolved,20.1,3.8
TKT501506,2025-11-07,Phone,Mobile App,Card Issue,Negative,High,Pending,39.9,2.6
TKT500942,2025-11-07,Social,Payments,Refund Delay,Negative,High,Pending,32.9,2.4
TKT501671,2025-11-07,Email,Cards,Payment Failed,Positive,Medium,Pending,43.8,4.7
TKT505656,2025-11-07,Email,Cards,Card Issue,Negative,Medium,Pending,39.7,2.3
TKT508625,2025-11-07,Chat,Account,Payment Failed,Neutral,High,Resolved,21.4,3.8
TKT501496,2025-11-07,Social,Loans,Account Access,Negative,High,Resolved,29.7,3.1
TKT510354,2025-11-07,Email,Mobile App,Payment Failed,Negative,High,Pending,43.5,2.5
TKT507921,2025-11-07,Chat,Account,Card Issue,Neutral,Medium,Resolved,26.7,3.7
TKT504755,2025-11-08,Chat,Account,Refund Delay,Neutral,Medium,Resolved,21.0,3.6
TKT500411,2025-11-08,Phone,Mobile App,Refund Delay,Negative,Medium,Pending,33.5,2.3
TKT502424,2025-11-08,Chat,Loans,Login Issue,Neutral,Low,Resolved,15.8,3.5
TKT500098,2025-11-08,Phone,Mobile App,App Bug,Negative,High,Pending,36.1,1.9
TKT505512,2025-11-08,Chat,Cards,Refund Delay,Neutral,Low,Resolved,21.3,4.7
TKT510942,2025-11-08,Email,Loans,Payment Failed,Negative,High,Escalated,57.8,1.4
TKT501756,2025-11-08,Chat,Mobile App,App Bug,Negative,Low,Pending,37.9,2.8
TKT508178,2025-11-08,Email,Loans,Loan Query,Negative,Low,Pending,38.8,2.1
TKT505396,2025-11-08,Chat,Mobile App,Login Issue,Neutral,Medium,Pending,41.1,3.8
TKT507301,2025-11-08,Phone,Account,Payment Failed,Positive,Critical,Pending,41.6,3.2
TKT505007,2025-11-08,Email,Loans,Refund Delay,Negative,High,Pending,47.5,2.6
TKT501860,2025-11-08,Email,Payments,App Bug,Negative,High,Pending,44.7,3.1
TKT508885,2025-11-08,Phone,Account,Loan Query,Negative,Medium,Pending,32.4,2.1
TKT508349,2025-11-08,Social,Cards,Payment Failed,Neutral,Low,Pending,36.9,3.6
TKT510003,2025-11-08,Email,Cards,Login Issue,Negative,High,Pending,50.5,2.2
TKT503321,2025-11-08,Phone,Cards,Card Issue,Negative,High,Pending,30.7,1.6
TKT511638,2025-11-08,Email,Account,Account Access,Positive,Low,Pending,37.6,3.9
TKT509432,2025-11-08,Email,Payments,Refund Delay,Neutral,Medium,Pending,52.9,4.1
TKT509524,2025-11-08,Social,Loans,Refund Delay,Neutral,Medium,Resolved,27.0,3.7
TKT509024,2025-11-08,Social,Cards,Card Issue,Positive,Medium,Pending,32.1,3.4
TKT500565,2025-11-08,Chat,Cards,Payment Failed,Negative,Critical,Pending,49.2,2.5
TKT509063,2025-11-08,Phone,Cards,Loan Query,Positive,High,Pending,46.5,4.1
TKT509425,2025-11-08,Email,Payments,Card Issue,Negative,High,Escalated,59.8,3.2
TKT501319,2025-11-08,Email,Account,Card Issue,Neutral,High,Pending,39.6,4.2
TKT511696,2025-11-08,Chat,Account,Login Issue,Positive,Medium,Pending,36.6,3.7
TKT504596,2025-11-08,Phone,Payments,Payment Failed,Negative,Medium,Pending,30.5,2.3
TKT507724,2025-11-08,Chat,Loans,Refund Delay,Negative,Low,Resolved,21.2,2.5
TKT505832,2025-11-09,Social,Mobile App,Payment Failed,Positive,High,Pending,33.9,5.0
TKT507784,2025-11-09,Chat,Loans,Loan Query,Negative,Low,Resolved,13.2,2.4
TKT504564,2025-11-09,Email,Mobile App,Card Issue,Negative,High,Pending,40.0,2.1
TKT503128,2025-11-09,Chat,Account,App Bug,Negative,High,Resolved,28.2,2.2
TKT509427,2025-11-09,Phone,Account,Card Issue,Negative,High,Pending,30.5,2.4
TKT503310,2025-11-09,Chat,Payments,Payment Failed,Negative,High,Resolved,29.9,2.0
TKT510305,2025-11-09,Social,Payments,Login Issue,Positive,Critical,Pending,37.7,3.8
TKT505991,2025-11-09,Social,Cards,Card Issue,Neutral,Medium,Resolved,26.0,4.2
TKT510784,2025-11-09,Phone,Payments,App Bug,Positive,Medium,Pending,35.2,4.5
TKT508608,2025-11-09,Social,Account,Account Access,Positive,High,Pending,37.5,4.2
TKT507318,2025-11-09,Email,Loans,Login Issue,Neutral,High,Pending,43.6,3.9
TKT511693,2025-11-09,Chat,Mobile App,Card Issue,Negative,High,Resolved,22.0,2.4
TKT500424,2025-11-09,Social,Loans,Card Issue,Neutral,Low,Resolved,22.9,4.4
TKT510231,2025-11-09,Email,Cards,Loan Query,Neutral,Medium,Pending,34.4,3.9
TKT511321,2025-11-09,Email,Cards,Login Issue,Positive,High,Pending,45.1,4.3
TKT505957,2025-11-09,Phone,Cards,Login Issue,Positive,High,Pending,35.7,3.3
TKT507517,2025-11-09,Phone,Account,Card Issue,Negative,Medium,Resolved,27.5,3.3
TKT504945,2025-11-09,Email,Loans,App Bug,Positive,High,Pending,46.3,3.3
TKT504089,2025-11-09,Email,Account,Loan Query,Negative,Low,Pending,31.0,2.6
TKT501427,2025-11-09,Chat,Mobile App,Account Access,Positive,Medium,Resolved,27.4,4.4
TKT511523,2025-11-09,Email,Loans,Payment Failed,Negative,High,Pending,41.2,3.0
TKT504111,2025-11-09,Chat,Cards,Login Issue,Negative,High,Resolved,26.1,2.3
TKT506366,2025-11-10,Email,Loans,Refund Delay,Positive,High,Pending,47.7,4.1
TKT505107,2025-11-10,Email,Payments,Account Access,Neutral,High,Pending,42.4,3.0
TKT511863,2025-11-10,Email,Mobile App,Payment Failed,Neutral,High,Pending,42.4,4.4
TKT506244,2025-11-10,Chat,Mobile App,Refund Delay,Positive,Medium,Resolved,12.3,4.3
TKT502428,2025-11-10,Chat,Account,Payment Failed,Negative,High,Resolved,29.4,2.7
TKT506962,2025-11-10,Email,Mobile App,Card Issue,Neutral,High,Pending,39.9,5.0
TKT507001,2025-11-10,Chat,Account,Refund Delay,Negative,Medium,Resolved,29.7,2.9
TKT509493,2025-11-10,Email,Loans,App Bug,Neutral,Low,Pending,45.8,3.2
TKT506110,2025-11-10,Phone,Account,Login Issue,Negative,High,Resolved,27.8,3.2
TKT503616,2025-11-10,Chat,Account,Card Issue,Negative,High,Pending,32.6,1.4
TKT504830,2025-11-10,Chat,Cards,Login Issue,Neutral,Medium,Resolved,23.5,4.3
TKT509305,2025-11-10,Social,Loans,Login Issue,Negative,Low,Resolved,27.4,2.3
TKT509134,2025-11-10,Social,Mobile App,Payment Failed,Negative,Low,Resolved,27.9,3.5
TKT502900,2025-11-10,Chat,Payments,Payment Failed,Negative,Low,Resolved,18.9,3.0
TKT509572,2025-11-10,Email,Payments,Card Issue,Negative,Medium,Pending,42.7,3.3
TKT510717,2025-11-10,Phone,Mobile App,Card Issue,Neutral,High,Resolved,28.1,3.0
TKT510940,2025-11-10,Phone,Payments,Account Access,Negative,High,Resolved,28.9,1.9
TKT509654,2025-11-10,Social,Cards,Payment Failed,Negative,Medium,Pending,40.5,3.0
TKT508790,2025-11-10,Email,Mobile App,Payment Failed,Neutral,Critical,Pending,45.6,3.1
TKT503954,2025-11-10,Email,Loans,Refund Delay,Negative,High,Pending,45.4,2.7
TKT500276,2025-11-11,Email,Mobile App,Card Issue,Neutral,Low,Pending,39.5,3.5
TKT504999,2025-11-11,Chat,Mobile App,Card Issue,Negative,Medium,Resolved,22.5,2.3
TKT506620,2025-11-11,Email,Account,App Bug,Neutral,High,Pending,51.3,4.2
TKT504695,2025-11-11,Phone,Account,Payment Failed,Negative,Low,Pending,36.0,2.3
TKT505826,2025-11-11,Chat,Mobile App,Card Issue,Negative,High,Pending,49.1,2.5
TKT503189,2025-11-11,Email,Account,Loan Query,Positive,High,Pending,51.2,4.6
TKT507617,2025-11-11,Chat,Account,Account Access,Negative,High,Resolved,24.2,3.2
TKT503347,2025-11-11,Email,Payments,Login Issue,Neutral,High,Pending,50.0,3.9
TKT501271,2025-11-11,Email,Account,Loan Query,Positive,Medium,Pending,40.6,3.2
TKT509782,2025-11-11,Chat,Mobile App,App Bug,Positive,Critical,Pending,51.9,4.2
TKT501585,2025-11-11,Chat,Cards,App Bug,Neutral,Low,Resolved,27.6,3.4
TKT507481,2025-11-11,Chat,Payments,Card Issue,Positive,Low,Resolved,18.0,3.1
TKT502218,2025-11-11,Phone,Loans,Loan Query,Neutral,Medium,Pending,30.1,3.5
TKT511190,2025-11-11,Social,Mobile App,App Bug,Negative,Medium,Resolved,23.5,2.6
TKT501266,2025-11-11,Social,Mobile App,Payment Failed,Positive,Medium,Resolved,27.7,3.4
TKT507493,2025-11-11,Email,Mobile App,Payment Failed,Negative,High,Pending,44.5,2.0
TKT501160,2025-11-12,Chat,Cards,Loan Query,Neutral,Medium,Resolved,19.1,3.2
TKT506523,2025-11-12,Email,Account,Login Issue,Negative,Medium,Pending,33.7,1.6
TKT506284,2025-11-12,Chat,Mobile App,Loan Query,Negative,Low,Pending,40.2,3.0
TKT510001,2025-11-12,Phone,Payments,Payment Failed,Negative,High,Pending,35.1,2.4
TKT507649,2025-11-12,Email,Payments,App Bug,Negative,Medium,Pending,34.6,2.3
TKT504353,2025-11-12,Phone,Loans,Account Access,Neutral,Low,Pending,38.0,4.0
TKT502701,2025-11-12,Chat,Mobile App,Payment Failed,Negative,High,Resolved,23.5,3.4
TKT504446,2025-11-12,Chat,Account,App Bug,Negative,Critical,Pending,38.4,2.2
TKT502634,2025-11-12,Email,Mobile App,Account Access,Negative,Medium,Pending,36.2,2.8
TKT508973,2025-11-12,Email,Payments,Account Access,Neutral,High,Escalated,57.5,4.2
TKT503069,2025-11-12,Social,Mobile App,Payment Failed,Negative,Critical,Pending,43.7,1.9
TKT509673,2025-11-12,Chat,Payments,Payment Failed,Negative,Medium,Resolved,23.1,2.5
TKT508464,2025-11-12,Email,Loans,Refund Delay,Neutral,High,Pending,39.1,3.5
TKT500190,2025-11-12,Email,Payments,Account Access,Negative,High,Pending,44.2,2.0
TKT510177,2025-11-12,Chat,Account,App Bug,Neutral,High,Pending,32.0,4.4
TKT509786,2025-11-12,Social,Account,Card Issue,Negative,High,Pending,43.9,1.4
TKT503651,2025-11-12,Social,Cards,Refund Delay,Neutral,Low,Resolved,22.9,3.8
TKT500628,2025-11-12,Social,Loans,Payment Failed,Neutral,Medium,Resolved,23.9,2.7
TKT504290,2025-11-12,Chat,Mobile App,Payment Failed,Negative,High,Resolved,27.9,2.8
TKT503131,2025-11-12,Phone,Loans,Loan Query,Positive,High,Pending,32.2,4.1
TKT504543,2025-11-12,Social,Account,Card Issue,Negative,High,Pending,42.8,1.4
TKT511705,2025-11-12,Email,Payments,App Bug,Neutral,Medium,Pending,32.1,3.4
TKT503141,2025-11-12,Phone,Account,Card Issue,Neutral,Medium,Pending,30.3,2.5
TKT508800,2025-11-12,Email,Cards,Payment Failed,Positive,Medium,Pending,42.7,3.3
TKT510895,2025-11-12,Chat,Payments,Payment Failed,Negative,Medium,Resolved,18.8,3.1
TKT502782,2025-11-13,Social,Cards,Refund Delay,Neutral,Medium,Pending,37.6,3.2
TKT508923,2025-11-13,Email,Mobile App,Refund Delay,Positive,High,Pending,42.5,4.2
TKT507392,2025-11-13,Chat,Payments,Payment Failed,Negative,High,Resolved,26.7,1.4
TKT500129,2025-11-13,Chat,Cards,App Bug,Negative,High,Resolved,26.2,3.2
TKT510457,2025-11-13,Email,Payments,Loan Query,Neutral,Low,Pending,43.5,3.6
TKT508730,2025-11-13,Email,Mobile App,Refund Delay,Negative,Critical,Pending,46.7,2.3
TKT509691,2025-11-13,Email,Mobile App,Card Issue,Negative,High,Pending,45.6,1.2
TKT502313,2025-11-13,Email,Payments,Card Issue,Neutral,Medium,Pending,37.4,4.8
TKT505907,2025-11-13,Chat,Mobile App,Loan Query,Positive,High,Resolved,26.2,4.5
TKT510059,2025-11-13,Phone,Mobile App,Loan Query,Positive,High,Pending,31.5,3.9
TKT501301,2025-11-13,Phone,Cards,App Bug,Positive,Medium,Resolved,24.0,4.2
TKT504035,2025-11-13,Email,Cards,Account Access,Positive,Low,Pending,37.0,4.1
TKT501748,2025-11-13,Email,Payments,Login Issue,Negative,High,Pending,43.4,2.4
TKT504009,2025-11-13,Chat,Mobile App,Payment Failed,Negative,Medium,Resolved,19.3,2.2
TKT505273,2025-11-13,Phone,Account,Account Access,Positive,Low,Resolved,22.1,4.1
TKT511502,2025-11-13,Chat,Cards,Card Issue,Negative,Medium,Resolved,14.5,3.0
TKT501022,2025-11-13,Social,Payments,Payment Failed,Neutral,Medium,Pending,34.2,3.6
TKT505339,2025-11-13,Phone,Loans,Login Issue,Negative,High,Pending,39.9,2.6
TKT506457,2025-11-13,Chat,Cards,Login Issue,Positive,Medium,Resolved,25.1,3.8
TKT502853,2025-11-13,Email,Payments,Card Issue,Negative,Medium,Pending,38.1,2.3
TKT503543,2025-11-14,Email,Mobile App,Refund Delay,Negative,High,Pending,48.6,2.1
TKT511643,2025-11-14,Email,Loans,Refund Delay,Positive,Medium,Pending,36.2,2.9
TKT507305,2025-11-14,Phone,Payments,App Bug,Negative,Low,Pending,31.5,3.0
TKT507471,2025-11-14,Social,Payments,App Bug,Negative,Medium,Pending,47.6,2.8
TKT502149,2025-11-14,Chat,Mobile App,Account Access,Neutral,Low,Pending,34.1,4.6
TKT501536,2025-11-14,Social,Loans,Card Issue,Negative,Low,Resolved,25.3,3.1
TKT500228,2025-11-14,Chat,Account,Card Issue,Negative,High,Resolved,23.3,3.0
TKT502794,2025-11-14,Phone,Account,Account Access,Positive,Low,Resolved,23.6,3.1
TKT504341,2025-11-14,Chat,Cards,Login Issue,Negative,Medium,Pending,38.3,2.9
TKT503080,2025-11-14,Phone,Mobile App,Payment Failed,Negative,High,Pending,30.5,2.9
TKT509835,2025-11-14,Email,Mobile App,Card Issue,Neutral,Medium,Pending,33.5,4.2
TKT505803,2025-11-14,Social,Mobile App,Refund Delay,Positive,Low,Resolved,26.3,2.9
TKT505768,2025-11-14,Email,Account,Account Access,Neutral,Low,Pending,41.8,3.9
TKT506075,2025-11-14,Social,Loans,Payment Failed,Neutral,Medium,Resolved,22.4,3.4
TKT509958,2025-11-14,Chat,Payments,Account Access,Negative,High,Pending,31.0,2.2
TKT502913,2025-11-14,Email,Mobile App,Account Access,Positive,High,Pending,47.3,4.7
TKT505361,2025-11-14,Phone,Loans,Login Issue,Negative,Critical,Pending,36.3,2.7
TKT502288,2025-11-14,Chat,Payments,Card Issue,Neutral,High,Pending,41.6,3.2
TKT503857,2025-11-14,Email,Account,Payment Failed,Negative,High,Pending,46.9,3.3
TKT506986,2025-11-14,Social,Mobile App,Login Issue,Positive,Medium,Pending,32.6,4.5
TKT501006,2025-11-14,Social,Mobile App,Login Issue,Negative,High,Escalated,57.7,2.1
TKT508554,2025-11-14,Chat,Account,Refund Delay,Neutral,Low,Resolved,14.4,4.2
TKT505933,2025-11-14,Phone,Mobile App,Payment Failed,Neutral,Medium,Pending,35.1,3.4
TKT500824,2025-11-14,Chat,Payments,Login Issue,Neutral,High,Resolved,22.8,3.3
TKT506178,2025-11-14,Chat,Cards,Refund Delay,Negative,High,Pending,38.7,2.1
TKT503344,2025-11-15,Chat,Mobile App,Payment Failed,Neutral,High,Resolved,25.5,3.4
TKT509834,2025-11-15,Chat,Cards,Payment Failed,Neutral,Medium,Resolved,28.8,4.0
TKT502278,2025-11-15,Email,Loans,App Bug,Negative,Medium,Pending,31.9,3.0
TKT500643,2025-11-15,Chat,Payments,Refund Delay,Neutral,Medium,Resolved,18.0,3.7
TKT504157,2025-11-15,Phone,Cards,App Bug,Negative,Low,Resolved,22.4,2.0
TKT502892,2025-11-15,Chat,Cards,Payment Failed,Negative,High,Resolved,24.9,2.9
TKT500311,2025-11-15,Chat,Payments,Loan Query,Neutral,Medium,Resolved,21.3,2.9
TKT509303,2025-11-15,Social,Payments,Refund Delay,Positive,Medium,Resolved,25.4,3.2
TKT501019,2025-11-15,Chat,Payments,Payment Failed,Neutral,Low,Resolved,23.7,2.7
TKT510806,2025-11-15,Chat,Cards,Refund Delay,Negative,High,Resolved,24.5,3.7
TKT503388,2025-11-15,Chat,Account,Payment Failed,Negative,Medium,Resolved,13.0,2.3
TKT507625,2025-11-15,Email,Cards,App Bug,Positive,Low,Pending,35.3,3.8
TKT501487,2025-11-15,Email,Mobile App,App Bug,Neutral,Medium,Pending,32.0,4.9
TKT504217,2025-11-15,Chat,Account,Refund Delay,Positive,Medium,Resolved,21.3,4.9
TKT511470,2025-11-15,Email,Account,Payment Failed,Negative,High,Pending,50.2,2.9
TKT500473,2025-11-15,Phone,Mobile App,Payment Failed,Negative,Medium,Resolved,29.9,3.0
TKT501379,2025-11-15,Phone,Payments,Payment Failed,Negative,High,Pending,35.4,2.3
TKT510215,2025-11-16,Phone,Account,Payment Failed,Positive,Medium,Pending,33.5,2.6
TKT504036,2025-11-16,Phone,Payments,Loan Query,Positive,Medium,Escalated,65.6,3.4
TKT508805,2025-11-16,Email,Mobile App,Card Issue,Negative,Medium,Pending,43.8,2.4
TKT508216,2025-11-16,Social,Loans,Loan Query,Neutral,High,Pending,38.1,3.8
TKT504247,2025-11-16,Social,Cards,Card Issue,Negative,Medium,Pending,32.8,1.9
TKT501086,2025-11-16,Phone,Mobile App,Card Issue,Positive,Low,Resolved,19.7,3.5
TKT507816,2025-11-16,Email,Account,Card Issue,Neutral,Low,Pending,39.9,3.9
TKT500657,2025-11-16,Social,Payments,Refund Delay,Negative,Low,Pending,35.6,3.2
TKT504766,2025-11-16,Phone,Account,App Bug,Neutral,High,Resolved,29.6,3.2
TKT506920,2025-11-16,Chat,Payments,Payment Failed,Neutral,Low,Resolved,17.8,3.8
TKT501522,2025-11-16,Email,Cards,Payment Failed,Neutral,Low,Pending,44.1,3.8
TKT505639,2025-11-16,Social,Account,Payment Failed,Positive,High,Pending,35.1,4.7
TKT504206,2025-11-16,Chat,Mobile App,Payment Failed,Negative,High,Pending,47.3,2.5
TKT511698,2025-11-16,Social,Payments,Card Issue,Negative,High,Pending,35.9,2.2
TKT507796,2025-11-16,Phone,Cards,Card Issue,Positive,Medium,Resolved,19.0,3.0
TKT509525,2025-11-16,Chat,Account,Refund Delay,Neutral,Low,Resolved,26.0,2.9
TKT510880,2025-11-16,Chat,Payments,Refund Delay,Positive,Medium,Resolved,20.5,3.9
TKT504874,2025-11-16,Chat,Cards,Refund Delay,Negative,High,Resolved,28.3,2.1
TKT502655,2025-11-17,Chat,Mobile App,Card Issue,Neutral,Low,Pending,41.3,3.3
TKT507458,2025-11-17,Chat,Loans,App Bug,Negative,Critical,Pending,32.5,3.0
TKT511331,2025-11-17,Email,Cards,Card Issue,Negative,High,Pending,38.9,2.5
TKT501217,2025-11-17,Chat,Mobile App,Refund Delay,Negative,High,Resolved,23.2,2.3
TKT501542,2025-11-17,Chat,Mobile App,Loan Query,Negative,High,Pending,39.8,2.8
TKT508888,2025-11-17,Email,Loans,Account Access,Negative,High,Pending,49.8,2.4
TKT510518,2025-11-17,Phone,Mobile App,Payment Failed,Negative,Medium,Resolved,22.6,2.3
TKT504676,2025-11-17,Chat,Payments,Payment Failed,Negative,High,Pending,39.7,2.6
TKT505293,2025-11-17,Chat,Account,Login Issue,Neutral,Medium,Pending,31.7,2.9
TKT510437,2025-11-17,Social,Account,Account Access,Neutral,High,Pending,38.3,3.1
TKT507820,2025-11-17,Chat,Cards,Login Issue,Negative,High,Resolved,27.8,2.4
TKT504724,2025-11-17,Social,Mobile App,Card Issue,Neutral,Medium,Pending,42.5,3.8
TKT508208,2025-11-17,Email,Account,Loan Query,Negative,Low,Pending,32.5,2.4
TKT502759,2025-11-17,Phone,Cards,Payment Failed,Positive,Critical,Pending,41.2,3.9
TKT509890,2025-11-17,Chat,Mobile App,Login Issue,Negative,Low,Resolved,22.8,1.7
TKT505952,2025-11-18,Social,Account,Payment Failed,Negative,High,Pending,39.6,2.4
TKT509201,2025-11-18,Chat,Account,Loan Query,Positive,Medium,Resolved,23.8,4.2
TKT506324,2025-11-18,Chat,Account,Refund Delay,Negative,High,Pending,36.8,2.2
TKT503178,2025-11-18,Phone,Payments,Login Issue,Neutral,Medium,Resolved,20.5,3.6
TKT511317,2025-11-18,Chat,Account,Login Issue,Neutral,Medium,Pending,30.2,3.1
TKT502597,2025-11-18,Email,Payments,Account Access,Positive,High,Pending,48.7,3.3
TKT505115,2025-11-18,Chat,Mobile App,Account Access,Negative,High,Resolved,23.4,2.6
TKT510658,2025-11-18,Phone,Mobile App,App Bug,Negative,High,Pending,38.4,2.9
TKT501118,2025-11-18,Chat,Account,Account Access,Neutral,Low,Resolved,26.9,3.7
TKT504194,2025-11-18,Chat,Loans,Account Access,Negative,Medium,Resolved,18.7,3.0
TKT508807,2025-11-18,Phone,Loans,App Bug,Negative,High,Resolved,25.6,2.4
TKT508895,2025-11-18,Chat,Mobile App,Card Issue,Negative,High,Pending,36.6,3.2
TKT500722,2025-11-18,Email,Loans,Refund Delay,Negative,High,Pending,38.2,3.7
TKT505577,2025-11-18,Chat,Payments,Payment Failed,Neutral,Low,Resolved,20.6,3.2
TKT507515,2025-11-18,Chat,Loans,Card Issue,Positive,Low,Resolved,16.8,3.6
TKT506720,2025-11-18,Chat,Mobile App,Card Issue,Positive,Medium,Pending,32.9,4.0
TKT506304,2025-11-18,Chat,Payments,Login Issue,Neutral,Critical,Pending,46.1,5.0
TKT500971,2025-11-18,Email,Payments,Refund Delay,Neutral,High,Pending,49.0,4.4
TKT503280,2025-11-18,Email,Mobile App,Refund Delay,Negative,High,Pending,45.1,1.7
TKT500120,2025-11-18,Chat,Payments,Refund Delay,Positive,Medium,Resolved,24.0,4.0
TKT505518,2025-11-18,Chat,Cards,Card Issue,Neutral,Medium,Resolved,29.8,3.4
TKT506843,2025-11-19,Phone,Loans,Card Issue,Negative,High,Pending,34.8,2.8
TKT510845,2025-11-19,Phone,Mobile App,Login Issue,Neutral,Low,Pending,31.5,5.0
TKT507114,2025-11-19,Chat,Account,Loan Query,Positive,High,Resolved,28.5,3.6
TKT503703,2025-11-19,Chat,Mobile App,Card Issue,Positive,Low,Pending,33.1,3.8
TKT510979,2025-11-19,Chat,Payments,Refund Delay,Positive,Low,Resolved,28.1,3.2
TKT509216,2025-11-19,Email,Account,Card Issue,Neutral,Low,Pending,31.9,3.2
TKT511753,2025-11-19,Phone,Loans,Login Issue,Neutral,Low,Resolved,27.3,3.3
TKT502998,2025-11-19,Phone,Account,Account Access,Neutral,Medium,Pending,30.5,3.6
TKT510430,2025-11-19,Chat,Payments,Payment Failed,Negative,High,Resolved,28.4,2.7
TKT510126,2025-11-19,Chat,Mobile App,Refund Delay,Negative,High,Resolved,27.9,2.3
TKT506192,2025-11-19,Email,Payments,App Bug,Negative,Low,Pending,38.0,2.9
TKT500081,2025-11-19,Email,Payments,Login Issue,Negative,High,Pending,51.7,2.2
TKT508130,2025-11-19,Email,Loans,Login Issue,Positive,Medium,Pending,42.6,4.3
TKT501312,2025-11-19,Social,Payments,Payment Failed,Neutral,Medium,Pending,31.7,2.9
TKT506644,2025-11-19,Social,Cards,Login Issue,Negative,High,Pending,36.8,2.7
TKT504437,2025-11-19,Email,Mobile App,Card Issue,Neutral,Medium,Pending,35.9,3.4
TKT511613,2025-11-19,Phone,Account,Login Issue,Neutral,High,Pending,45.0,3.1
TKT504736,2025-11-19,Chat,Account,Login Issue,Positive,High,Pending,32.2,4.4
TKT506187,2025-11-19,Email,Cards,Account Access,Neutral,Low,Pending,44.7,4.6
TKT500865,2025-11-19,Phone,Account,Account Access,Positive,Low,Pending,39.1,3.9
TKT509614,2025-11-20,Email,Cards,App Bug,Negative,Critical,Pending,51.0,2.3
TKT501652,2025-11-20,Email,Payments,Refund Delay,Neutral,Medium,Pending,38.7,4.2
TKT509903,2025-11-20,Social,Loans,Login Issue,Negative,High,Pending,31.8,1.4
TKT510332,2025-11-20,Email,Payments,Account Access,Positive,Medium,Pending,45.0,4.6
TKT501861,2025-11-20,Email,Payments,Login Issue,Negative,High,Pending,39.6,2.8
TKT506152,2025-11-20,Email,Mobile App,Payment Failed,Neutral,Low,Pending,38.0,4.5
TKT507377,2025-11-20,Phone,Payments,Card Issue,Negative,High,Pending,30.4,2.3
TKT511869,2025-11-20,Social,Payments,Card Issue,Positive,Low,Pending,43.4,3.7
TKT501358,2025-11-20,Chat,Payments,Loan Query,Negative,High,Resolved,26.7,2.6
TKT506086,2025-11-20,Email,Payments,Loan Query,Neutral,Medium,Pending,36.8,4.0
TKT507848,2025-11-20,Email,Payments,App Bug,Negative,High,Escalated,59.0,1.3
TKT502040,2025-11-20,Email,Payments,App Bug,Neutral,High,Escalated,60.6,3.2
TKT505944,2025-11-20,Email,Mobile App,Loan Query,Negative,Medium,Pending,34.0,2.1
TKT511606,2025-11-20,Chat,Payments,Login Issue,Positive,Medium,Resolved,17.8,3.7
TKT503592,2025-11-20,Chat,Account,Refund Delay,Negative,Low,Resolved,17.8,1.9
TKT506335,2025-11-20,Social,Cards,App Bug,Negative,High,Pending,30.0,2.7
TKT507233,2025-11-20,Chat,Payments,Payment Failed,Positive,High,Pending,37.0,4.1
TKT503742,2025-11-20,Social,Mobile App,Refund Delay,Negative,Medium,Pending,37.2,3.4
TKT508403,2025-11-20,Email,Mobile App,Account Access,Negative,High,Pending,50.7,2.6
TKT506591,2025-11-20,Chat,Cards,Login Issue,Positive,Low,Pending,48.9,4.1
TKT506344,2025-11-20,Chat,Cards,Payment Failed,Negative,High,Pending,35.5,1.2
TKT502282,2025-11-21,Phone,Account,Login Issue,Negative,High,Pending,34.2,2.4
TKT506250,2025-11-21,Email,Loans,Login Issue,Positive,High,Pending,42.0,3.9
TKT504609,2025-11-21,Social,Loans,Refund Delay,Positive,High,Pending,39.3,3.4
TKT502755,2025-11-21,Email,Mobile App,Card Issue,Positive,Medium,Pending,35.3,2.8
TKT505478,2025-11-21,Email,Payments,Refund Delay,Neutral,Low,Pending,51.0,4.1
TKT511214,2025-11-21,Email,Payments,Refund Delay,Neutral,High,Pending,51.2,3.8
TKT507574,2025-11-21,Email,Payments,Payment Failed,Negative,Low,Pending,37.3,1.5
TKT510043,2025-11-21,Social,Mobile App,Login Issue,Neutral,Low,Pending,31.9,4.5
TKT511390,2025-11-21,Social,Mobile App,Card Issue,Negative,High,Pending,45.6,2.7
TKT501880,2025-11-21,Chat,Payments,Payment Failed,Negative,High,Pending,39.4,2.4
TKT511849,2025-11-21,Phone,Mobile App,Loan Query,Positive,Low,Resolved,21.0,3.4
TKT505962,2025-11-21,Social,Loans,Payment Failed,Neutral,Medium,Resolved,27.2,3.9
TKT503290,2025-11-21,Social,Mobile App,Payment Failed,Negative,High,Resolved,27.6,2.4
TKT511848,2025-11-21,Email,Account,Refund Delay,Neutral,Low,Escalated,62.8,3.7
TKT500168,2025-11-21,Email,Loans,Payment Failed,Negative,High,Escalated,63.4,1.3
TKT502128,2025-11-21,Social,Payments,Login Issue,Negative,Medium,Pending,33.1,2.8
TKT500371,2025-11-21,Email,Mobile App,Payment Failed,Neutral,Medium,Pending,32.8,4.5
TKT505252,2025-11-21,Phone,Mobile App,Refund Delay,Neutral,Medium,Resolved,29.2,3.7
TKT500852,2025-11-21,Chat,Account,Card Issue,Negative,Medium,Resolved,23.5,2.4
TKT506658,2025-11-21,Social,Account,Login Issue,Negative,High,Pending,34.3,2.7
TKT505500,2025-11-21,Chat,Mobile App,Card Issue,Negative,Low,Pending,36.2,3.2
TKT510614,2025-11-21,Chat,Account,Refund Delay,Negative,Medium,Resolved,22.0,2.4
TKT510092,2025-11-21,Email,Account,Login Issue,Positive,Critical,Escalated,60.9,2.9
TKT506206,2025-11-21,Chat,Mobile App,Loan Query,Neutral,Critical,Pending,36.1,3.6
TKT500802,2025-11-22,Chat,Loans,Login Issue,Neutral,Medium,Resolved,18.0,4.1
TKT510916,2025-11-22,Social,Cards,App Bug,Negative,High,Pending,43.5,1.9
TKT507627,2025-11-22,Chat,Cards,Loan Query,Positive,Medium,Resolved,16.3,3.3
TKT500298,2025-11-22,Email,Cards,Payment Failed,Negative,Critical,Pending,54.4,3.0
TKT500184,2025-11-22,Email,Loans,Refund Delay,Negative,High,Pending,40.3,2.9
TKT505607,2025-11-22,Email,Payments,Card Issue,Negative,Medium,Pending,35.1,2.0
TKT502962,2025-11-22,Phone,Payments,Loan Query,Negative,High,Pending,43.6,2.7
TKT505029,2025-11-22,Chat,Account,Login Issue,Positive,Medium,Pending,30.2,3.6
TKT508589,2025-11-22,Email,Cards,Payment Failed,Neutral,Critical,Escalated,74.6,2.4
TKT506128,2025-11-22,Chat,Mobile App,Payment Failed,Negative,High,Resolved,24.5,1.5
TKT511451,2025-11-22,Phone,Mobile App,Login Issue,Positive,High,Pending,31.9,5.0
TKT503985,2025-11-22,Phone,Account,Login Issue,Neutral,Medium,Resolved,22.3,3.9
TKT503773,2025-11-22,Chat,Loans,Card Issue,Negative,Low,Resolved,13.7,2.4
TKT509026,2025-11-22,Email,Mobile App,Login Issue,Positive,Low,Escalated,56.0,2.9
TKT511797,2025-11-22,Email,Cards,Account Access,Positive,Critical,Pending,44.7,3.4
TKT505516,2025-11-22,Phone,Mobile App,Login Issue,Negative,High,Resolved,28.9,2.6
TKT505710,2025-11-22,Social,Payments,Login Issue,Neutral,Medium,Pending,35.1,4.6
TKT509116,2025-11-22,Social,Cards,Login Issue,Positive,Medium,Pending,33.5,4.2
TKT510714,2025-11-22,Chat,Mobile App,Account Access,Positive,Low,Resolved,27.9,4.1
TKT502458,2025-11-22,Chat,Cards,Account Access,Positive,Medium,Resolved,15.8,3.6
TKT507494,2025-11-23,Email,Mobile App,App Bug,Negative,High,Pending,45.2,2.2
TKT510476,2025-11-23,Phone,Mobile App,Login Issue,Neutral,Low,Pending,32.5,4.2
TKT503981,2025-11-23,Social,Loans,Payment Failed,Negative,Critical,Escalated,61.6,2.5
TKT506829,2025-11-23,Chat,Payments,Payment Failed,Neutral,Critical,Resolved,25.9,3.6
TKT501833,2025-11-23,Phone,Payments,Account Access,Positive,Medium,Resolved,27.3,4.1
TKT510259,2025-11-23,Email,Payments,App Bug,Positive,Low,Pending,37.3,3.4
TKT505928,2025-11-23,Social,Mobile App,Login Issue,Positive,Low,Resolved,28.2,3.8
TKT510998,2025-11-23,Chat,Account,Payment Failed,Positive,Medium,Resolved,14.2,3.0
TKT501495,2025-11-23,Phone,Mobile App,Payment Failed,Negative,High,Pending,33.9,2.9
TKT505289,2025-11-23,Email,Cards,Card Issue,Neutral,Low,Pending,34.2,3.5
TKT503148,2025-11-23,Phone,Cards,Payment Failed,Negative,High,Pending,38.2,2.1
TKT506810,2025-11-23,Chat,Loans,Payment Failed,Negative,High,Resolved,25.7,2.7
TKT504373,2025-11-23,Phone,Mobile App,Refund Delay,Negative,Medium,Resolved,21.9,2.4
TKT505889,2025-11-23,Chat,Loans,App Bug,Negative,High,Resolved,22.2,3.5
TKT500716,2025-11-23,Social,Account,Card Issue,Neutral,High,Pending,34.1,4.1
TKT508520,2025-11-23,Chat,Payments,Payment Failed,Negative,Medium,Pending,32.7,2.2
TKT511140,2025-11-23,Chat,Payments,Account Access,Negative,High,Resolved,26.6,2.1
TKT500955,2025-11-23,Chat,Payments,Refund Delay,Positive,High,Pending,38.1,3.4
TKT504057,2025-11-23,Chat,Account,Payment Failed,Negative,Low,Resolved,20.4,2.9
TKT511354,2025-11-23,Phone,Cards,Account Access,Positive,Medium,Pending,32.2,3.7
TKT507579,2025-11-23,Phone,Loans,Payment Failed,Negative,Medium,Pending,41.2,2.4
TKT502744,2025-11-23,Chat,Account,Refund Delay,Negative,High,Resolved,22.5,1.9
TKT508310,2025-11-23,Chat,Payments,Login Issue,Negative,High,Pending,47.5,1.9
TKT503261,2025-11-23,Email,Mobile App,Login Issue,Neutral,Medium,Pending,36.1,3.3
TKT505572,2025-11-23,Phone,Loans,App Bug,Neutral,Medium,Resolved,22.9,3.1
TKT507903,2025-11-23,Chat,Cards,Account Access,Positive,High,Pending,34.2,3.4
TKT504042,2025-11-23,Phone,Mobile App,Loan Query,Negative,High,Pending,35.6,2.8
TKT503767,2025-11-24,Social,Account,Payment Failed,Neutral,Medium,Pending,34.8,3.6
TKT509308,2025-11-24,Chat,Mobile App,Account Access,Negative,High,Pending,40.1,2.4
TKT510591,2025-11-24,Email,Payments,Login Issue,Negative,Medium,Pending,36.5,1.5
TKT508444,2025-11-24,Phone,Cards,Card Issue,Positive,Medium,Resolved,24.9,5.0
TKT504468,2025-11-24,Social,Account,Login Issue,Positive,Medium,Resolved,28.3,3.9
TKT510578,2025-11-24,Social,Payments,Card Issue,Neutral,High,Pending,48.7,4.4
TKT511080,2025-11-24,Phone,Account,Loan Query,Positive,Low,Resolved,24.3,3.4
TKT505399,2025-11-24,Email,Mobile App,Payment Failed,Positive,Medium,Escalated,56.2,4.6
TKT504940,2025-11-24,Chat,Loans,Loan Query,Negative,Medium,Resolved,19.0,3.0
TKT506729,2025-11-24,Phone,Account,Refund Delay,Negative,Critical,Pending,49.3,3.1
TKT505974,2025-11-24,Chat,Cards,Refund Delay,Negative,Low,Pending,31.2,3.2
TKT502445,2025-11-24,Email,Loans,App Bug,Negative,High,Pending,49.5,2.5
TKT511560,2025-11-24,Email,Mobile App,Payment Failed,Positive,Low,Pending,34.2,3.9
TKT502148,2025-11-24,Chat,Mobile App,Payment Failed,Negative,High,Pending,35.6,2.8
TKT511468,2025-11-24,Email,Account,Login Issue,Negative,High,Pending,40.7,2.4
TKT509015,2025-11-24,Phone,Payments,Payment Failed,Neutral,Medium,Pending,31.3,3.6
TKT502498,2025-11-24,Phone,Loans,Refund Delay,Neutral,Low,Resolved,22.0,2.9
TKT509453,2025-11-24,Chat,Mobile App,App Bug,Positive,High,Pending,35.4,3.2
TKT503043,2025-11-24,Chat,Payments,App Bug,Negative,Low,Resolved,26.9,3.3
TKT509124,2025-11-24,Phone,Payments,Account Access,Neutral,High,Pending,33.3,4.1
TKT505629,2025-11-24,Chat,Cards,Payment Failed,Neutral,Medium,Resolved,23.7,3.5
TKT500707,2025-11-24,Chat,Mobile App,Refund Delay,Negative,High,Resolved,22.4,1.8
TKT505443,2025-11-24,Email,Mobile App,Login Issue,Negative,Low,Pending,47.1,2.5
TKT508788,2025-11-24,Email,Account,Account Access,Negative,High,Pending,46.9,2.7
TKT501799,2025-11-24,Social,Account,Loan Query,Negative,High,Pending,33.6,2.4
TKT511449,2025-11-25,Email,Payments,Account Access,Positive,Medium,Pending,35.6,3.6
TKT511098,2025-11-25,Phone,Mobile App,App Bug,Neutral,Medium,Pending,32.9,4.7
TKT506931,2025-11-25,Chat,Account,Loan Query,Negative,High,Resolved,20.6,2.7
TKT503512,2025-11-25,Phone,Cards,Payment Failed,Negative,High,Pending,30.7,1.8
TKT511112,2025-11-25,Chat,Loans,Card Issue,Positive,Medium,Resolved,22.0,3.3
TKT510258,2025-11-25,Email,Mobile App,App Bug,Positive,High,Pending,43.5,2.9
TKT506739,2025-11-25,Email,Mobile App,Refund Delay,Neutral,Low,Pending,40.9,3.9
TKT511169,2025-11-25,Phone,Mobile App,Payment Failed,Positive,Critical,Pending,41.4,3.6
TKT507092,2025-11-25,Email,Mobile App,Payment Failed,Negative,Critical,Pending,51.0,3.1
TKT510413,2025-11-25,Chat,Mobile App,App Bug,Negative,High,Resolved,26.5,1.7
TKT507999,2025-11-25,Chat,Mobile App,Card Issue,Neutral,Medium,Resolved,16.8,3.9
TKT500216,2025-11-25,Phone,Loans,Payment Failed,Negative,Medium,Resolved,19.1,2.4
TKT511815,2025-11-25,Phone,Payments,Card Issue,Negative,High,Pending,37.9,2.4
TKT500280,2025-11-25,Chat,Loans,Card Issue,Neutral,Low,Pending,32.5,4.3
TKT502120,2025-11-25,Social,Payments,Payment Failed,Neutral,Critical,Pending,36.6,3.5
TKT508825,2025-11-25,Phone,Payments,Refund Delay,Negative,Medium,Resolved,28.2,3.9
TKT507346,2025-11-25,Chat,Account,Payment Failed,Neutral,Low,Pending,30.7,3.8
TKT503371,2025-11-25,Chat,Mobile App,Login Issue,Negative,Medium,Pending,49.4,1.9
TKT505228,2025-11-25,Chat,Cards,Account Access,Positive,Critical,Pending,30.3,3.8
TKT506503,2025-11-25,Chat,Loans,Refund Delay,Positive,Critical,Escalated,62.2,2.9
TKT508435,2025-11-25,Phone,Mobile App,Refund Delay,Negative,High,Resolved,28.5,3.2
TKT502517,2025-11-25,Social,Account,Login Issue,Negative,High,Pending,42.1,2.1
TKT500095,2025-11-25,Chat,Payments,Card Issue,Negative,High,Resolved,22.2,1.7
TKT502138,2025-11-25,Phone,Account,Refund Delay,Negative,Medium,Pending,32.6,2.4
TKT503697,2025-11-26,Phone,Mobile App,Account Access,Neutral,High,Pending,31.5,4.6
TKT510678,2025-11-26,Email,Account,App Bug,Negative,Low,Pending,43.9,2.3
TKT501569,2025-11-26,Chat,Payments,Card Issue,Neutral,High,Pending,38.1,4.1
TKT506236,2025-11-26,Chat,Mobile App,Card Issue,Positive,Critical,Pending,38.4,3.3
TKT501413,2025-11-26,Social,Loans,Card Issue,Positive,Medium,Pending,32.6,3.8
TKT509679,2025-11-26,Social,Mobile App,Card Issue,Positive,High,Pending,43.0,4.1
TKT503553,2025-11-26,Email,Payments,Refund Delay,Neutral,Low,Pending,40.1,3.9
TKT510383,2025-11-26,Email,Cards,Loan Query,Positive,High,Pending,42.7,4.5
TKT502281,2025-11-26,Chat,Payments,Card Issue,Neutral,High,Resolved,22.0,3.7
TKT503181,2025-11-27,Phone,Cards,Account Access,Negative,Medium,Resolved,23.9,3.3
TKT509560,2025-11-27,Chat,Cards,Payment Failed,Positive,Critical,Pending,37.3,3.9
TKT510913,2025-11-27,Chat,Mobile App,App Bug,Negative,Medium,Pending,37.5,2.2
TKT507931,2025-11-27,Email,Mobile App,Login Issue,Positive,Critical,Pending,44.7,3.2
TKT511594,2025-11-27,Phone,Payments,Loan Query,Neutral,Medium,Resolved,24.8,3.6
TKT510326,2025-11-27,Email,Cards,Card Issue,Neutral,High,Pending,41.5,3.3
TKT505736,2025-11-27,Phone,Payments,Loan Query,Neutral,Medium,Pending,30.4,4.1
TKT508201,2025-11-27,Email,Mobile App,App Bug,Positive,High,Pending,52.1,3.7
TKT504990,2025-11-27,Chat,Payments,Loan Query,Positive,High,Pending,41.9,4.1
TKT511977,2025-11-27,Email,Loans,Loan Query,Negative,Medium,Pending,49.3,3.1
TKT504839,2025-11-27,Email,Payments,Login Issue,Negative,Medium,Pending,37.8,2.4
TKT505805,2025-11-27,Email,Account,Loan Query,Negative,High,Pending,42.0,1.8
TKT511430,2025-11-27,Email,Mobile App,Payment Failed,Negative,High,Pending,47.6,2.4
TKT504154,2025-11-27,Social,Cards,Payment Failed,Neutral,Low,Pending,40.6,3.7
TKT511034,2025-11-27,Chat,Loans,Payment Failed,Neutral,Low,Resolved,17.0,3.9
TKT510471,2025-11-28,Chat,Mobile App,Loan Query,Neutral,Medium,Pending,44.3,3.8
TKT501628,2025-11-28,Email,Payments,Refund Delay,Positive,High,Pending,51.8,3.1
TKT508753,2025-11-28,Chat,Cards,Account Access,Positive,Medium,Resolved,25.1,4.2
TKT503812,2025-11-28,Phone,Cards,Refund Delay,Negative,Medium,Pending,38.3,3.0
TKT506727,2025-11-28,Social,Loans,App Bug,Negative,Critical,Pending,39.8,2.2
TKT502386,2025-11-28,Chat,Cards,Account Access,Neutral,High,Resolved,29.4,4.2
TKT509798,2025-11-28,Chat,Loans,Login Issue,Neutral,Medium,Resolved,18.6,3.2
TKT500278,2025-11-28,Chat,Cards,Card Issue,Negative,High,Pending,47.1,2.4
TKT511129,2025-11-28,Phone,Payments,App Bug,Positive,High,Pending,33.0,3.0
TKT508670,2025-11-28,Chat,Payments,App Bug,Negative,High,Resolved,29.5,2.2
TKT501197,2025-11-28,Phone,Cards,Login Issue,Negative,High,Pending,34.0,1.8
TKT504007,2025-11-28,Email,Loans,Loan Query,Negative,Low,Pending,45.3,2.6
TKT506388,2025-11-28,Email,Mobile App,Account Access,Positive,High,Pending,41.2,4.0
TKT510434,2025-11-28,Phone,Payments,Card Issue,Neutral,Medium,Resolved,29.0,3.3
TKT501933,2025-11-28,Phone,Loans,Payment Failed,Neutral,Medium,Resolved,26.2,3.2
TKT507163,2025-11-28,Email,Mobile App,App Bug,Neutral,Low,Pending,45.5,3.8
TKT503231,2025-11-29,Email,Loans,Payment Failed,Negative,High,Pending,50.6,2.0
TKT506048,2025-11-29,Phone,Account,App Bug,Positive,Low,Resolved,27.5,3.8
TKT508110,2025-11-29,Chat,Cards,Loan Query,Negative,High,Resolved,20.7,2.8
TKT502198,2025-11-29,Social,Mobile App,Payment Failed,Positive,High,Pending,47.3,5.0
TKT503796,2025-11-29,Phone,Account,Loan Query,Negative,Medium,Resolved,26.3,2.7
TKT506054,2025-11-29,Chat,Mobile App,Card Issue,Neutral,High,Resolved,28.3,3.5
TKT509912,2025-11-29,Chat,Mobile App,Card Issue,Neutral,Medium,Resolved,25.0,3.7
TKT504081,2025-11-29,Chat,Payments,Payment Failed,Negative,High,Pending,48.8,3.3
TKT504030,2025-11-29,Phone,Cards,Login Issue,Negative,Medium,Resolved,25.8,2.7
TKT507111,2025-11-29,Social,Account,Payment Failed,Positive,Medium,Pending,32.9,2.9
TKT502793,2025-11-29,Chat,Account,Login Issue,Negative,High,Pending,32.6,2.8
TKT500981,2025-11-29,Email,Cards,Payment Failed,Neutral,Critical,Escalated,57.5,3.4
TKT511521,2025-11-29,Phone,Payments,Loan Query,Positive,Medium,Pending,30.4,3.4
TKT510421,2025-11-29,Email,Account,Refund Delay,Positive,Medium,Pending,47.8,5.0
TKT507561,2025-11-29,Chat,Mobile App,Payment Failed,Positive,Medium,Pending,37.5,4.2
TKT511336,2025-11-29,Phone,Mobile App,Payment Failed,Negative,High,Resolved,29.7,3.2
TKT507129,2025-11-29,Email,Cards,Login Issue,Neutral,Medium,Pending,41.7,4.3
TKT503978,2025-11-29,Chat,Account,Refund Delay,Negative,High,Pending,43.1,2.2
TKT504523,2025-11-29,Chat,Mobile App,Loan Query,Neutral,Medium,Resolved,13.5,3.4
TKT501192,2025-11-29,Phone,Loans,Card Issue,Positive,Medium,Resolved,24.0,3.6
TKT500265,2025-11-30,Social,Payments,Payment Failed,Negative,Medium,Resolved,29.0,1.5
TKT507745,2025-11-30,Chat,Mobile App,App Bug,Positive,High,Pending,32.6,4.0
TKT510907,2025-11-30,Chat,Account,Login Issue,Negative,High,Resolved,22.8,3.5
TKT504575,2025-11-30,Phone,Payments,Card Issue,Positive,High,Pending,35.0,4.7
TKT502713,2025-11-30,Email,Cards,Login Issue,Neutral,Medium,Pending,43.7,3.3
TKT500267,2025-11-30,Phone,Account,Card Issue,Negative,High,Pending,49.9,2.0
TKT504943,2025-11-30,Chat,Payments,Payment Failed,Negative,Low,Pending,36.6,2.6
TKT503332,2025-11-30,Social,Loans,Login Issue,Neutral,Medium,Resolved,27.6,3.3
TKT505407,2025-11-30,Email,Cards,Account Access,Positive,Low,Pending,42.5,2.7
TKT503055,2025-11-30,Phone,Cards,Account Access,Neutral,Low,Pending,30.0,4.0
TKT503387,2025-11-30,Chat,Mobile App,Login Issue,Negative,Low,Resolved,14.3,2.4
TKT509866,2025-11-30,Phone,Cards,Refund Delay,Neutral,Medium,Pending,37.9,3.9
TKT508935,2025-11-30,Email,Loans,Login Issue,Neutral,Low,Pending,45.4,4.5
TKT509546,2025-11-30,Email,Mobile App,Loan Query,Neutral,High,Pending,47.7,2.8
TKT500713,2025-11-30,Social,Payments,Login Issue,Neutral,Low,Resolved,26.4,3.9
TKT504168,2025-11-30,Email,Payments,Loan Query,Negative,High,Pending,49.7,2.1
TKT502255,2025-11-30,Chat,Cards,Refund Delay,Neutral,High,Resolved,25.6,4.8
TKT511281,2025-11-30,Email,Cards,Card Issue,Negative,Low,Pending,40.7,2.9
TKT511600,2025-11-30,Email,Mobile App,Payment Failed,Positive,Critical,Escalated,55.6,3.9
TKT507143,2025-11-30,Phone,Cards,Payment Failed,Negative,High,Pending,30.6,2.7
TKT507270,2025-11-30,Email,Payments,Refund Delay,Neutral,Medium,Pending,39.6,3.8
TKT505040,2025-11-30,Email,Mobile App,Loan Query,Negative,Low,Pending,52.6,3.8
TKT500745,2025-11-30,Chat,Mobile App,Login Issue,Positive,High,Pending,33.2,3.5
TKT510800,2025-11-30,Social,Account,Refund Delay,Negative,High,Pending,45.4,2.5
TKT502899,2025-11-30,Phone,Mobile App,Payment Failed,Negative,High,Pending,36.3,3.0
TKT503600,2025-11-30,Chat,Cards,Login Issue,Neutral,Low,Resolved,27.2,3.8
TKT504029,2025-11-30,Email,Cards,App Bug,Positive,Medium,Pending,41.2,3.4
TKT503154,2025-11-30,Chat,Mobile App,Login Issue,Negative,High,Pending,30.0,2.6
TKT506994,2025-11-30,Email,Account,App Bug,Negative,Low,Pending,42.7,3.3
TKT506433,2025-11-30,Phone,Account,App Bug,Negative,Medium,Resolved,27.0,3.4
TKT506929,2025-12-01,Chat,Loans,Payment Failed,Neutral,High,Pending,32.4,3.2
TKT510817,2025-12-01,Email,Payments,Login Issue,Neutral,Medium,Pending,50.5,4.1
TKT511659,2025-12-01,Email,Account,Payment Failed,Neutral,Medium,Pending,37.8,3.8
TKT511229,2025-12-01,Chat,Mobile App,Account Access,Neutral,High,Pending,33.3,4.2
TKT500938,2025-12-01,Chat,Loans,Loan Query,Negative,High,Pending,30.4,2.6
TKT507851,2025-12-01,Social,Payments,App Bug,Neutral,Medium,Pending,33.9,4.5
TKT502861,2025-12-01,Chat,Loans,Card Issue,Negative,High,Pending,35.0,2.7
TKT507037,2025-12-01,Email,Cards,Refund Delay,Neutral,Medium,Pending,52.7,3.5
TKT509120,2025-12-01,Phone,Account,Account Access,Positive,Low,Resolved,24.8,3.5
TKT508959,2025-12-01,Chat,Mobile App,Payment Failed,Negative,Medium,Resolved,20.3,2.3
TKT501839,2025-12-01,Chat,Payments,Account Access,Neutral,Low,Resolved,17.7,3.4
TKT500394,2025-12-01,Social,Loans,Loan Query,Negative,Critical,Escalated,57.2,1.5
TKT507442,2025-12-01,Chat,Cards,Payment Failed,Negative,High,Resolved,26.6,2.2
TKT507974,2025-12-01,Email,Mobile App,Refund Delay,Negative,Critical,Pending,44.7,2.7
TKT506858,2025-12-01,Chat,Payments,Payment Failed,Positive,Critical,Pending,36.1,4.4
TKT507819,2025-12-01,Chat,Mobile App,Login Issue,Negative,Low,Resolved,15.8,1.7
TKT507171,2025-12-01,Social,Cards,App Bug,Positive,Critical,Pending,42.3,3.6
TKT500984,2025-12-01,Chat,Mobile App,Payment Failed,Neutral,Medium,Resolved,25.0,3.9
TKT511733,2025-12-01,Phone,Loans,Card Issue,Neutral,Low,Resolved,24.1,2.9
TKT509436,2025-12-01,Chat,Payments,Account Access,Negative,Low,Resolved,20.2,1.6
TKT510111,2025-12-01,Email,Payments,Payment Failed,Positive,Medium,Pending,35.9,3.4
TKT508116,2025-12-01,Email,Cards,Refund Delay,Negative,High,Pending,41.4,2.4
TKT500562,2025-12-02,Email,Loans,Account Access,Neutral,Low,Pending,30.5,4.6
TKT502811,2025-12-02,Phone,Payments,Account Access,Positive,Medium,Resolved,27.3,3.8
TKT509660,2025-12-02,Email,Mobile App,App Bug,Negative,Medium,Pending,34.3,2.1
TKT502867,2025-12-02,Email,Cards,Login Issue,Negative,High,Pending,45.0,2.9
TKT509725,2025-12-02,Phone,Mobile App,Payment Failed,Negative,High,Pending,34.0,2.3
TKT503116,2025-12-02,Chat,Cards,Card Issue,Neutral,Low,Resolved,29.9,4.1
TKT502550,2025-12-02,Email,Mobile App,Loan Query,Neutral,Medium,Pending,34.6,3.4
TKT510984,2025-12-02,Email,Payments,Payment Failed,Negative,Medium,Pending,49.8,2.9
TKT511809,2025-12-02,Social,Account,App Bug,Negative,Medium,Resolved,24.6,3.0
TKT511386,2025-12-02,Phone,Mobile App,Payment Failed,Neutral,Medium,Resolved,27.9,3.9
TKT500893,2025-12-02,Chat,Payments,Refund Delay,Negative,Low,Resolved,14.3,2.7
TKT510423,2025-12-02,Chat,Loans,Card Issue,Negative,High,Resolved,19.9,2.4
TKT502126,2025-12-02,Chat,Payments,Login Issue,Negative,High,Pending,51.6,2.4
TKT510537,2025-12-02,Chat,Account,App Bug,Negative,Medium,Resolved,19.8,2.3
TKT504511,2025-12-02,Phone,Mobile App,Refund Delay,Positive,High,Pending,35.7,3.9
TKT506157,2025-12-02,Phone,Account,Account Access,Negative,Medium,Resolved,24.0,2.0
TKT504517,2025-12-02,Phone,Cards,Refund Delay,Negative,Medium,Resolved,19.4,2.7
TKT509010,2025-12-02,Chat,Loans,Loan Query,Neutral,Medium,Resolved,27.4,2.7
TKT500827,2025-12-02,Chat,Mobile App,Card Issue,Negative,Low,Resolved,25.8,3.3
TKT500313,2025-12-02,Chat,Cards,Account Access,Positive,Low,Resolved,28.6,3.7
TKT504916,2025-12-02,Social,Mobile App,Card Issue,Negative,High,Pending,39.5,2.2
TKT507287,2025-12-02,Chat,Cards,Payment Failed,Neutral,Medium,Resolved,13.4,3.6
TKT507211,2025-12-02,Email,Account,App Bug,Negative,High,Pending,44.0,3.1
TKT502630,2025-12-02,Phone,Loans,Loan Query,Negative,Low,Resolved,18.4,3.3
TKT506682,2025-12-02,Chat,Account,Refund Delay,Negative,High,Resolved,27.9,3.3
TKT505388,2025-12-02,Chat,Loans,Payment Failed,Negative,High,Resolved,28.7,1.9
TKT508468,2025-12-03,Social,Mobile App,Login Issue,Negative,Medium,Pending,43.2,2.5
TKT511549,2025-12-03,Chat,Account,App Bug,Negative,Low,Resolved,20.1,2.9
TKT503794,2025-12-03,Email,Mobile App,Loan Query,Neutral,Medium,Pending,37.1,3.2
TKT508606,2025-12-03,Social,Account,Payment Failed,Negative,High,Pending,39.0,2.7
TKT508692,2025-12-03,Email,Payments,Card Issue,Negative,High,Pending,43.2,1.7
TKT505917,2025-12-03,Email,Mobile App,App Bug,Negative,Low,Pending,34.4,1.7
TKT504091,2025-12-03,Chat,Payments,Refund Delay,Positive,Medium,Resolved,20.8,3.7
TKT508714,2025-12-03,Chat,Cards,App Bug,Neutral,Medium,Resolved,22.6,4.5
TKT503664,2025-12-03,Phone,Payments,Login Issue,Negative,High,Pending,32.5,3.0
TKT507434,2025-12-03,Email,Account,Account Access,Positive,Medium,Pending,38.8,3.3
TKT502024,2025-12-03,Phone,Loans,Card Issue,Negative,High,Pending,40.4,2.9
TKT511426,2025-12-03,Email,Account,Card Issue,Negative,Medium,Pending,45.5,2.7
TKT500370,2025-12-03,Chat,Payments,Refund Delay,Neutral,High,Resolved,21.9,3.8
TKT508379,2025-12-03,Email,Payments,Loan Query,Neutral,Medium,Pending,34.0,4.1
TKT510579,2025-12-03,Phone,Payments,Refund Delay,Neutral,Medium,Pending,32.2,3.4
TKT505410,2025-12-03,Social,Mobile App,Payment Failed,Neutral,Critical,Pending,44.1,3.9
TKT504413,2025-12-03,Chat,Account,Payment Failed,Neutral,Low,Pending,30.9,4.2
TKT511302,2025-12-04,Chat,Cards,Payment Failed,Negative,High,Resolved,26.8,2.7
TKT510550,2025-12-04,Email,Mobile App,Account Access,Neutral,Medium,Pending,42.5,3.0
TKT504666,2025-12-04,Social,Payments,Refund Delay,Neutral,Critical,Pending,35.3,4.2
TKT510051,2025-12-04,Email,Mobile App,Payment Failed,Positive,High,Pending,39.7,2.8
TKT506928,2025-12-04,Social,Mobile App,Login Issue,Neutral,High,Pending,34.0,3.6
TKT501847,2025-12-04,Social,Account,Login Issue,Negative,Medium,Resolved,29.7,2.9
TKT511341,2025-12-04,Phone,Mobile App,App Bug,Negative,Medium,Resolved,22.0,1.5
TKT505414,2025-12-04,Chat,Payments,Payment Failed,Neutral,Low,Resolved,20.1,4.0
TKT509441,2025-12-04,Email,Cards,Loan Query,Neutral,Low,Pending,35.7,4.4
TKT507927,2025-12-04,Chat,Payments,Payment Failed,Negative,High,Pending,33.6,2.3
TKT501928,2025-12-04,Social,Account,Payment Failed,Neutral,Medium,Pending,31.1,4.6
TKT508095,2025-12-04,Chat,Account,App Bug,Neutral,Low,Resolved,17.9,4.9
TKT502557,2025-12-04,Chat,Payments,Card Issue,Negative,High,Resolved,23.1,2.9
TKT503256,2025-12-04,Chat,Cards,Account Access,Neutral,Medium,Pending,31.0,3.1
TKT509785,2025-12-04,Chat,Mobile App,Login Issue,Neutral,Medium,Resolved,14.7,3.9
TKT505433,2025-12-04,Chat,Loans,Loan Query,Negative,High,Resolved,25.1,2.4
TKT500816,2025-12-04,Chat,Payments,Loan Query,Positive,Medium,Resolved,21.9,2.6
TKT500863,2025-12-04,Chat,Account,Login Issue,Negative,High,Resolved,24.3,2.9
TKT511083,2025-12-04,Social,Account,Card Issue,Positive,Medium,Resolved,29.0,3.5
TKT511320,2025-12-04,Phone,Payments,Refund Delay,Positive,Medium,Resolved,29.4,3.2
TKT507904,2025-12-04,Phone,Account,Payment Failed,Neutral,Low,Pending,32.1,4.6
TKT508181,2025-12-04,Phone,Payments,App Bug,Negative,High,Resolved,29.8,2.2
TKT501574,2025-12-04,Phone,Cards,Payment Failed,Negative,Critical,Pending,42.6,2.3
TKT510216,2025-12-04,Email,Payments,Refund Delay,Neutral,Low,Pending,52.5,4.9
TKT507532,2025-12-04,Email,Account,Payment Failed,Neutral,High,Pending,42.8,4.4
TKT503479,2025-12-04,Phone,Payments,Login Issue,Neutral,Low,Resolved,25.0,3.4
TKT509748,2025-12-04,Email,Account,App Bug,Negative,High,Pending,46.7,2.0
TKT508246,2025-12-04,Email,Mobile App,Refund Delay,Neutral,Medium,Pending,46.0,3.8
TKT506287,2025-12-04,Email,Mobile App,Payment Failed,Negative,Low,Pending,31.9,2.5
TKT505665,2025-12-04,Phone,Payments,Refund Delay,Neutral,Medium,Pending,38.8,3.7
TKT511396,2025-12-04,Social,Account,Account Access,Negative,Medium,Pending,33.0,1.9
TKT503717,2025-12-05,Phone,Mobile App,Account Access,Positive,Low,Resolved,25.3,3.6
TKT511460,2025-12-05,Email,Cards,Login Issue,Negative,Medium,Pending,36.8,2.1
TKT505722,2025-12-05,Email,Payments,Account Access,Neutral,Medium,Pending,36.1,3.7
TKT508412,2025-12-05,Chat,Payments,Card Issue,Positive,Low,Resolved,22.2,4.2
TKT500954,2025-12-05,Social,Loans,Account Access,Negative,Medium,Pending,33.1,3.2
TKT508834,2025-12-05,Social,Mobile App,Refund Delay,Negative,High,Pending,46.6,3.6
TKT507227,2025-12-05,Social,Mobile App,Account Access,Negative,High,Pending,31.3,1.5
TKT504348,2025-12-05,Email,Cards,Account Access,Negative,High,Pending,49.1,2.6
TKT503311,2025-12-05,Phone,Mobile App,Payment Failed,Negative,High,Resolved,29.2,2.1
TKT500017,2025-12-05,Social,Cards,Account Access,Neutral,Medium,Resolved,29.8,3.9
TKT504828,2025-12-05,Chat,Mobile App,Refund Delay,Positive,Medium,Resolved,29.6,4.4
TKT505127,2025-12-05,Chat,Account,Account Access,Neutral,High,Resolved,20.1,4.9
TKT510375,2025-12-05,Email,Cards,Refund Delay,Negative,High,Pending,48.9,3.0
TKT505180,2025-12-05,Phone,Loans,Refund Delay,Negative,High,Resolved,29.1,3.6
TKT505472,2025-12-05,Chat,Cards,Login Issue,Negative,High,Pending,30.4,1.8
TKT510209,2025-12-05,Email,Account,Card Issue,Negative,Medium,Escalated,55.4,2.5
TKT504115,2025-12-05,Phone,Account,Card Issue,Neutral,Medium,Resolved,21.9,3.4
TKT503947,2025-12-06,Chat,Loans,Payment Failed,Negative,Medium,Resolved,19.9,2.8
TKT510616,2025-12-06,Chat,Payments,Refund Delay,Negative,High,Resolved,28.7,1.4
TKT505670,2025-12-06,Social,Payments,App Bug,Negative,Low,Pending,33.8,2.0
TKT502182,2025-12-06,Email,Payments,Payment Failed,Negative,Critical,Pending,47.6,2.6
TKT500878,2025-12-06,Email,Payments,Account Access,Negative,Medium,Pending,48.8,2.9
TKT507966,2025-12-06,Chat,Account,App Bug,Negative,Low,Resolved,14.2,2.7
TKT510021,2025-12-06,Email,Mobile App,Account Access,Positive,High,Pending,42.3,3.8
TKT503687,2025-12-06,Email,Account,Loan Query,Positive,Low,Pending,44.7,3.0
TKT504578,2025-12-06,Chat,Loans,Account Access,Negative,Low,Pending,49.6,2.9
TKT503646,2025-12-06,Chat,Payments,Card Issue,Neutral,Low,Resolved,20.3,4.4
TKT500291,2025-12-06,Email,Mobile App,App Bug,Neutral,Medium,Pending,35.8,3.6
TKT510256,2025-12-06,Email,Payments,Refund Delay,Positive,Medium,Pending,36.5,4.1
TKT505447,2025-12-06,Email,Payments,Login Issue,Neutral,Medium,Pending,47.8,4.3
TKT505888,2025-12-06,Social,Mobile App,Account Access,Neutral,High,Pending,37.9,3.5
TKT501770,2025-12-06,Email,Mobile App,Payment Failed,Neutral,High,Pending,52.3,4.0
TKT502574,2025-12-06,Email,Mobile App,Login Issue,Positive,High,Pending,51.7,3.9
TKT506617,2025-12-06,Phone,Mobile App,Card Issue,Positive,High,Pending,48.2,4.7
TKT506398,2025-12-06,Email,Payments,Refund Delay,Positive,High,Pending,41.4,3.6
TKT508313,2025-12-06,Phone,Cards,Payment Failed,Negative,Low,Pending,39.6,3.0
TKT508840,2025-12-06,Chat,Loans,Payment Failed,Neutral,Low,Resolved,28.5,4.3
TKT501498,2025-12-07,Email,Account,App Bug,Neutral,Medium,Pending,44.4,4.4
TKT506184,2025-12-07,Chat,Account,Card Issue,Neutral,High,Resolved,28.4,3.3
TKT502806,2025-12-07,Email,Account,Payment Failed,Negative,Low,Pending,37.2,1.8
TKT501970,2025-12-07,Phone,Cards,Loan Query,Negative,Low,Resolved,24.0,2.2
TKT505442,2025-12-07,Chat,Account,App Bug,Negative,High,Resolved,29.0,2.3
TKT506869,2025-12-07,Chat,Payments,Account Access,Neutral,High,Pending,40.5,4.7
TKT509732,2025-12-07,Email,Mobile App,Account Access,Positive,Medium,Pending,33.4,4.0
TKT505121,2025-12-07,Email,Loans,Loan Query,Positive,Low,Pending,46.6,3.1
TKT502749,2025-12-07,Social,Mobile App,Login Issue,Negative,Medium,Pending,50.5,3.1
TKT502213,2025-12-07,Email,Account,Account Access,Positive,High,Pending,38.4,2.3
TKT500601,2025-12-07,Chat,Mobile App,App Bug,Positive,Medium,Resolved,15.3,4.3
TKT505260,2025-12-07,Social,Loans,Account Access,Negative,High,Pending,37.7,3.2
TKT501931,2025-12-07,Social,Cards,Card Issue,Positive,Medium,Resolved,27.5,4.3
TKT510348,2025-12-07,Social,Loans,Payment Failed,Neutral,Low,Resolved,27.3,3.2
TKT502776,2025-12-07,Phone,Mobile App,Payment Failed,Neutral,High,Resolved,25.2,3.8
TKT502220,2025-12-07,Chat,Payments,App Bug,Positive,High,Pending,44.5,3.7
TKT504466,2025-12-07,Phone,Mobile App,Loan Query,Positive,Medium,Resolved,20.7,4.0
TKT504662,2025-12-07,Chat,Mobile App,Login Issue,Negative,Medium,Resolved,18.7,2.3
TKT507128,2025-12-07,Email,Cards,Account Access,Neutral,Medium,Escalated,58.3,3.1
TKT504792,2025-12-08,Social,Payments,Login Issue,Negative,Low,Resolved,22.2,2.2
TKT510773,2025-12-08,Phone,Mobile App,Account Access,Neutral,High,Resolved,29.6,4.8
TKT509354,2025-12-08,Chat,Mobile App,Refund Delay,Neutral,Medium,Resolved,26.2,4.3
TKT511806,2025-12-08,Social,Mobile App,Account Access,Negative,High,Pending,45.0,3.6
TKT507945,2025-12-08,Email,Account,Refund Delay,Neutral,Low,Pending,39.7,2.9
TKT505362,2025-12-08,Social,Account,Account Access,Negative,Medium,Pending,41.4,2.8
TKT510502,2025-12-08,Chat,Loans,Refund Delay,Positive,Medium,Resolved,18.6,3.8
TKT506756,2025-12-08,Email,Payments,Card Issue,Negative,Medium,Escalated,58.2,1.5
TKT509113,2025-12-08,Phone,Mobile App,Card Issue,Negative,Medium,Resolved,27.7,3.5
TKT502501,2025-12-08,Email,Mobile App,App Bug,Positive,Low,Pending,40.9,4.4
TKT506601,2025-12-08,Phone,Loans,Refund Delay,Positive,High,Resolved,28.5,3.5
TKT508905,2025-12-08,Phone,Account,Refund Delay,Negative,Medium,Resolved,20.7,2.8
TKT505649,2025-12-08,Phone,Loans,Payment Failed,Negative,High,Pending,34.2,3.4
TKT505332,2025-12-08,Chat,Mobile App,Payment Failed,Negative,High,Resolved,19.6,2.4
TKT507061,2025-12-08,Chat,Account,Refund Delay,Negative,High,Resolved,25.0,3.0
TKT503727,2025-12-08,Chat,Cards,Login Issue,Negative,Medium,Resolved,17.2,2.3
TKT510150,2025-12-09,Email,Cards,Login Issue,Negative,High,Pending,42.9,4.0
TKT505620,2025-12-09,Phone,Cards,Refund Delay,Positive,High,Pending,33.9,3.0
TKT506381,2025-12-09,Phone,Account,Card Issue,Negative,High,Resolved,28.1,2.6
TKT506659,2025-12-09,Email,Mobile App,Refund Delay,Negative,Medium,Pending,30.9,2.4
TKT504846,2025-12-09,Phone,Mobile App,App Bug,Neutral,Medium,Resolved,29.4,4.8
TKT504422,2025-12-09,Social,Loans,App Bug,Negative,High,Resolved,28.7,2.6
TKT510444,2025-12-09,Phone,Payments,Refund Delay,Positive,Medium,Escalated,63.0,3.0
TKT506790,2025-12-09,Chat,Cards,Payment Failed,Neutral,High,Resolved,29.8,3.4
TKT505863,2025-12-09,Social,Cards,Card Issue,Neutral,High,Pending,37.6,4.1
TKT500319,2025-12-09,Email,Mobile App,Loan Query,Negative,Low,Pending,40.8,1.4
TKT510894,2025-12-09,Social,Cards,Account Access,Negative,High,Pending,31.7,2.5
TKT511824,2025-12-09,Phone,Cards,Login Issue,Negative,High,Pending,31.9,2.4
TKT510541,2025-12-09,Social,Account,Card Issue,Neutral,Medium,Resolved,24.9,3.8
TKT506655,2025-12-09,Email,Payments,Refund Delay,Neutral,Medium,Pending,51.0,3.9
TKT501827,2025-12-09,Chat,Payments,Login Issue,Neutral,Low,Resolved,19.5,4.2
TKT504160,2025-12-09,Chat,Mobile App,Loan Query,Positive,Low,Pending,45.9,4.3
TKT501546,2025-12-09,Phone,Mobile App,Refund Delay,Positive,Critical,Pending,38.5,4.9
TKT508159,2025-12-09,Social,Loans,Account Access,Negative,Medium,Pending,37.7,2.5
TKT504825,2025-12-09,Email,Payments,Login Issue,Negative,High,Pending,54.9,2.3
TKT507708,2025-12-09,Chat,Cards,Login Issue,Positive,Low,Resolved,21.1,3.2
TKT502938,2025-12-09,Phone,Payments,Card Issue,Negative,Medium,Pending,32.9,2.6
TKT507684,2025-12-09,Email,Mobile App,App Bug,Negative,Low,Pending,46.3,2.2
TKT510719,2025-12-09,Email,Mobile App,Payment Failed,Positive,Medium,Pending,32.4,3.8
TKT507083,2025-12-09,Social,Payments,Login Issue,Negative,Low,Resolved,25.1,2.4
TKT505521,2025-12-09,Chat,Mobile App,Card Issue,Negative,Medium,Pending,35.9,2.3
TKT504440,2025-12-09,Chat,Mobile App,Refund Delay,Negative,Medium,Pending,31.3,2.4
TKT502092,2025-12-10,Chat,Account,Payment Failed,Neutral,High,Pending,33.1,4.7
TKT504054,2025-12-10,Social,Account,App Bug,Neutral,High,Pending,31.3,3.2
TKT500055,2025-12-10,Email,Mobile App,Payment Failed,Neutral,Low,Pending,43.1,4.0
TKT504407,2025-12-10,Email,Payments,Card Issue,Neutral,Medium,Pending,36.3,3.1
TKT502849,2025-12-10,Email,Payments,Payment Failed,Negative,Medium,Pending,38.5,3.4
TKT503576,2025-12-10,Email,Account,Refund Delay,Positive,Low,Pending,32.1,3.4
TKT504921,2025-12-10,Phone,Payments,Payment Failed,Negative,Critical,Pending,41.6,3.0
TKT510401,2025-12-10,Email,Account,App Bug,Negative,High,Pending,45.0,1.4
TKT502404,2025-12-10,Chat,Mobile App,Card Issue,Positive,Medium,Resolved,18.0,3.0
TKT510338,2025-12-10,Social,Mobile App,Loan Query,Neutral,Medium,Resolved,23.8,3.5
TKT501701,2025-12-10,Chat,Payments,Account Access,Negative,High,Resolved,23.4,2.9
TKT502925,2025-12-10,Chat,Mobile App,Login Issue,Negative,Low,Pending,30.0,2.6
TKT500746,2025-12-10,Phone,Account,Login Issue,Neutral,High,Resolved,27.0,4.3
TKT502569,2025-12-10,Chat,Mobile App,Refund Delay,Neutral,Medium,Resolved,18.3,4.8
TKT502144,2025-12-10,Phone,Mobile App,Payment Failed,Negative,Medium,Resolved,23.9,3.4
TKT506757,2025-12-10,Email,Mobile App,Payment Failed,Positive,Critical,Pending,46.1,3.9
TKT506987,2025-12-10,Chat,Payments,App Bug,Neutral,Low,Pending,39.9,4.5
TKT505317,2025-12-10,Chat,Account,Payment Failed,Negative,High,Pending,36.0,3.1
TKT503370,2025-12-11,Email,Payments,Loan Query,Negative,Low,Pending,49.8,3.2
TKT510048,2025-12-11,Phone,Account,App Bug,Negative,High,Pending,33.1,1.7
TKT505371,2025-12-11,Chat,Account,Login Issue,Positive,Medium,Pending,30.7,4.2
TKT506651,2025-12-11,Social,Account,Loan Query,Negative,High,Pending,32.8,2.3
TKT511414,2025-12-11,Social,Payments,Payment Failed,Negative,Medium,Resolved,28.5,3.1
TKT510839,2025-12-11,Email,Account,Refund Delay,Negative,Low,Pending,34.0,3.3
TKT510195,2025-12-11,Phone,Cards,Card Issue,Positive,Low,Resolved,19.8,4.4
TKT505050,2025-12-11,Chat,Cards,Refund Delay,Negative,Medium,Resolved,16.1,3.2
TKT510600,2025-12-11,Phone,Payments,Login Issue,Negative,High,Pending,30.4,2.8
TKT510822,2025-12-11,Phone,Loans,Refund Delay,Negative,High,Pending,30.6,1.9
TKT511566,2025-12-11,Email,Account,Account Access,Negative,High,Pending,43.6,2.4
TKT501393,2025-12-11,Phone,Cards,Card Issue,Negative,Low,Pending,36.9,1.8
TKT511878,2025-12-11,Email,Mobile App,Account Access,Negative,Medium,Pending,37.9,3.0
TKT506288,2025-12-11,Social,Loans,Refund Delay,Negative,High,Pending,33.3,2.0
TKT502818,2025-12-11,Chat,Cards,Payment Failed,Neutral,Low,Pending,35.7,4.2
TKT507472,2025-12-11,Chat,Loans,Payment Failed,Neutral,Medium,Pending,31.1,3.9
TKT504298,2025-12-11,Email,Payments,Payment Failed,Negative,High,Pending,53.3,2.7
TKT502381,2025-12-11,Email,Loans,Payment Failed,Positive,Medium,Escalated,64.6,2.4
TKT505412,2025-12-12,Chat,Payments,Refund Delay,Neutral,High,Resolved,22.6,4.0
TKT505965,2025-12-12,Phone,Account,Payment Failed,Negative,High,Resolved,26.7,2.3
TKT504824,2025-12-12,Phone,Account,Account Access,Negative,Low,Pending,37.7,2.8
TKT504607,2025-12-12,Email,Payments,Payment Failed,Negative,High,Pending,46.6,2.6
TKT502104,2025-12-12,Chat,Loans,Payment Failed,Neutral,Low,Resolved,14.0,3.7
TKT501905,2025-12-12,Email,Mobile App,Login Issue,Negative,Low,Pending,42.0,3.0
TKT501097,2025-12-12,Phone,Cards,Refund Delay,Negative,Medium,Pending,33.2,2.4
TKT510877,2025-12-12,Email,Loans,Login Issue,Negative,Medium,Pending,37.1,2.9
TKT501486,2025-12-12,Social,Loans,Payment Failed,Negative,Low,Pending,38.5,2.3
TKT500956,2025-12-12,Email,Payments,Card Issue,Negative,High,Pending,53.2,2.5
TKT507432,2025-12-12,Email,Payments,Payment Failed,Negative,Medium,Pending,36.4,2.1
TKT501370,2025-12-12,Email,Payments,Payment Failed,Neutral,Medium,Pending,42.6,3.9
TKT502769,2025-12-12,Social,Mobile App,Login Issue,Neutral,Low,Pending,37.3,3.6
TKT508242,2025-12-12,Chat,Loans,Card Issue,Positive,Medium,Pending,31.5,4.2
TKT505306,2025-12-12,Social,Cards,Login Issue,Negative,High,Pending,37.7,2.2
TKT502194,2025-12-12,Chat,Account,Refund Delay,Positive,Medium,Pending,36.1,4.5
TKT510575,2025-12-12,Social,Mobile App,App Bug,Positive,Medium,Pending,30.1,2.8
TKT501710,2025-12-13,Chat,Payments,Login Issue,Neutral,Low,Resolved,17.5,3.6
TKT507251,2025-12-13,Phone,Payments,Card Issue,Negative,High,Pending,33.4,2.5
TKT503958,2025-12-13,Chat,Account,Payment Failed,Neutral,Low,Resolved,21.3,3.2
TKT502689,2025-12-13,Chat,Mobile App,Login Issue,Negative,High,Pending,34.2,2.2
TKT501240,2025-12-13,Phone,Payments,Login Issue,Neutral,Medium,Resolved,29.7,3.6
TKT507703,2025-12-13,Phone,Loans,Loan Query,Negative,Medium,Resolved,20.9,2.9
TKT507206,2025-12-13,Email,Loans,Account Access,Negative,High,Pending,54.2,2.7
TKT501938,2025-12-13,Chat,Mobile App,Card Issue,Negative,Medium,Pending,33.7,2.7
TKT501696,2025-12-13,Email,Loans,Account Access,Negative,Medium,Escalated,61.9,1.3
TKT508402,2025-12-13,Email,Loans,Refund Delay,Positive,Low,Pending,40.3,3.3
TKT503829,2025-12-13,Email,Mobile App,Refund Delay,Negative,Medium,Pending,53.2,1.8
TKT508906,2025-12-13,Chat,Mobile App,Payment Failed,Neutral,High,Resolved,20.0,2.9
TKT501513,2025-12-13,Phone,Loans,Refund Delay,Neutral,Medium,Resolved,28.8,3.7
TKT500770,2025-12-13,Email,Loans,App Bug,Negative,Low,Pending,49.0,2.7
TKT511447,2025-12-13,Social,Cards,Card Issue,Negative,Medium,Resolved,25.7,3.5
TKT508638,2025-12-13,Phone,Mobile App,App Bug,Negative,High,Resolved,25.6,1.4
TKT500294,2025-12-13,Phone,Mobile App,App Bug,Negative,High,Resolved,28.0,2.7
TKT511915,2025-12-13,Email,Loans,Payment Failed,Negative,Low,Pending,38.7,2.2
TKT503538,2025-12-13,Chat,Cards,Payment Failed,Negative,Critical,Pending,35.6,2.3
TKT507355,2025-12-13,Email,Mobile App,App Bug,Negative,Low,Pending,35.9,2.6
TKT504799,2025-12-13,Social,Mobile App,Account Access,Neutral,Medium,Pending,37.5,4.4
TKT506996,2025-12-13,Phone,Mobile App,Payment Failed,Negative,Medium,Pending,42.5,3.1
TKT510668,2025-12-13,Email,Payments,Account Access,Negative,High,Pending,50.0,2.4
TKT505233,2025-12-13,Chat,Mobile App,Payment Failed,Neutral,Critical,Pending,51.1,4.8
TKT506139,2025-12-13,Social,Mobile App,Account Access,Negative,Medium,Resolved,24.7,2.2
TKT502620,2025-12-13,Chat,Account,App Bug,Positive,Low,Resolved,25.2,4.4
TKT500074,2025-12-13,Chat,Account,Refund Delay,Neutral,High,Pending,37.3,4.2
TKT509415,2025-12-13,Phone,Mobile App,App Bug,Negative,Medium,Resolved,28.6,2.4
TKT504442,2025-12-13,Phone,Cards,Payment Failed,Negative,High,Pending,33.5,2.2
TKT509156,2025-12-14,Phone,Mobile App,Refund Delay,Neutral,High,Resolved,29.4,3.7
TKT502262,2025-12-14,Phone,Account,Refund Delay,Positive,Low,Resolved,26.9,4.2
TKT510617,2025-12-14,Chat,Cards,Account Access,Positive,Medium,Resolved,21.3,2.3
TKT508487,2025-12-14,Email,Mobile App,Payment Failed,Neutral,Critical,Escalated,57.0,2.0
TKT503160,2025-12-14,Phone,Mobile App,App Bug,Negative,High,Resolved,28.5,1.8
TKT505635,2025-12-14,Phone,Account,Payment Failed,Negative,Medium,Resolved,29.4,2.9
TKT501038,2025-12-14,Chat,Account,App Bug,Positive,Low,Resolved,22.1,4.3
TKT502456,2025-12-14,Chat,Account,Refund Delay,Negative,High,Resolved,28.2,2.4
TKT504048,2025-12-14,Email,Account,Payment Failed,Negative,High,Pending,49.6,2.7
TKT509713,2025-12-14,Chat,Payments,Refund Delay,Neutral,Low,Resolved,16.3,4.7
TKT503577,2025-12-14,Chat,Mobile App,App Bug,Negative,Medium,Pending,32.1,2.4
TKT500105,2025-12-14,Email,Payments,Card Issue,Positive,Low,Pending,53.3,3.4
TKT508743,2025-12-14,Phone,Account,Login Issue,Neutral,Low,Pending,48.1,3.4
TKT508409,2025-12-14,Chat,Account,Payment Failed,Neutral,High,Resolved,25.9,4.1
TKT501509,2025-12-14,Email,Payments,Login Issue,Negative,Medium,Pending,35.1,2.8
TKT503821,2025-12-14,Email,Loans,Payment Failed,Neutral,Medium,Pending,43.6,3.3
TKT504017,2025-12-14,Email,Payments,Payment Failed,Neutral,Critical,Escalated,59.8,3.7
TKT507461,2025-12-14,Phone,Payments,App Bug,Neutral,Critical,Pending,40.9,3.9
TKT510190,2025-12-14,Chat,Payments,Login Issue,Negative,High,Resolved,27.7,2.4
TKT506911,2025-12-14,Email,Mobile App,Loan Query,Neutral,Low,Pending,41.6,2.8
TKT500635,2025-12-14,Chat,Mobile App,Payment Failed,Negative,Medium,Pending,33.1,3.3
TKT503437,2025-12-14,Phone,Mobile App,Login Issue,Neutral,High,Pending,35.7,4.7
TKT507239,2025-12-14,Email,Payments,Loan Query,Positive,High,Pending,40.0,3.7
TKT506329,2025-12-14,Email,Account,Loan Query,Negative,High,Pending,50.4,2.8
TKT511424,2025-12-14,Email,Payments,Login Issue,Neutral,Medium,Pending,37.5,4.7
TKT501362,2025-12-15,Phone,Account,Login Issue,Neutral,Medium,Resolved,27.1,3.7
TKT501435,2025-12-15,Email,Mobile App,Refund Delay,Positive,High,Pending,50.3,3.1
TKT508872,2025-12-15,Chat,Account,Payment Failed,Neutral,Medium,Resolved,16.6,3.2
TKT503226,2025-12-15,Chat,Loans,Refund Delay,Neutral,Medium,Resolved,14.6,3.6
TKT510298,2025-12-15,Chat,Mobile App,Account Access,Positive,High,Resolved,24.9,3.5
TKT510986,2025-12-15,Social,Payments,App Bug,Positive,Low,Resolved,24.0,3.6
TKT500153,2025-12-15,Social,Loans,Payment Failed,Neutral,High,Pending,44.8,3.7
TKT503159,2025-12-15,Email,Payments,Login Issue,Positive,Medium,Pending,44.1,4.8
TKT508665,2025-12-15,Chat,Account,Payment Failed,Negative,High,Pending,34.3,3.2
TKT503530,2025-12-15,Social,Account,Login Issue,Negative,Low,Resolved,26.1,2.9
TKT508781,2025-12-15,Chat,Loans,Refund Delay,Neutral,High,Resolved,23.5,3.1
TKT510425,2025-12-15,Phone,Cards,Payment Failed,Neutral,Critical,Pending,42.1,2.9
TKT503238,2025-12-15,Chat,Loans,Payment Failed,Negative,Critical,Resolved,26.5,2.9
TKT511452,2025-12-15,Phone,Payments,Card Issue,Positive,Medium,Resolved,29.1,3.4
TKT502664,2025-12-15,Email,Cards,Loan Query,Positive,Medium,Pending,35.5,3.1
TKT510234,2025-12-15,Social,Mobile App,App Bug,Negative,High,Pending,30.5,2.3
TKT511747,2025-12-15,Email,Mobile App,Login Issue,Negative,Critical,Escalated,57.2,2.5
TKT507584,2025-12-15,Chat,Payments,Login Issue,Neutral,High,Pending,37.9,4.0
TKT507381,2025-12-15,Email,Account,Card Issue,Negative,High,Pending,40.4,2.6
TKT506195,2025-12-15,Email,Mobile App,Refund Delay,Negative,High,Pending,49.0,2.5
TKT507801,2025-12-15,Social,Cards,Loan Query,Positive,Medium,Resolved,26.0,4.0
TKT500272,2025-12-16,Chat,Payments,Loan Query,Negative,High,Escalated,60.8,1.6
TKT509037,2025-12-16,Phone,Account,Refund Delay,Negative,Medium,Resolved,23.4,2.6
TKT503931,2025-12-16,Phone,Cards,Card Issue,Positive,Medium,Pending,41.9,3.2
TKT505165,2025-12-16,Email,Account,Refund Delay,Neutral,High,Escalated,66.2,2.7
TKT509437,2025-12-16,Chat,Cards,Refund Delay,Negative,High,Resolved,22.1,2.8
TKT509757,2025-12-16,Phone,Account,Refund Delay,Negative,Low,Pending,30.4,2.8
TKT503840,2025-12-16,Social,Mobile App,Refund Delay,Positive,High,Pending,30.9,4.0
TKT511013,2025-12-16,Phone,Mobile App,Payment Failed,Neutral,Low,Resolved,23.7,4.5
TKT501597,2025-12-16,Email,Loans,Payment Failed,Negative,High,Escalated,58.3,1.3
TKT501401,2025-12-16,Chat,Payments,Loan Query,Positive,Medium,Resolved,21.2,3.2
TKT511343,2025-12-16,Chat,Payments,Refund Delay,Negative,Low,Resolved,27.5,2.6
TKT506166,2025-12-16,Phone,Mobile App,Payment Failed,Negative,Critical,Pending,44.6,1.9
TKT505955,2025-12-16,Chat,Payments,Account Access,Negative,High,Pending,31.9,2.2
TKT503139,2025-12-16,Phone,Payments,App Bug,Negative,High,Pending,35.5,2.0
TKT502385,2025-12-16,Email,Payments,Refund Delay,Neutral,Medium,Pending,37.6,4.0
TKT508627,2025-12-16,Phone,Loans,Refund Delay,Negative,High,Pending,35.7,3.4
TKT505246,2025-12-16,Email,Account,Payment Failed,Negative,Low,Pending,37.3,2.6
TKT502486,2025-12-16,Chat,Cards,Payment Failed,Negative,High,Pending,32.0,2.9
TKT501711,2025-12-16,Email,Mobile App,Refund Delay,Positive,Medium,Pending,41.2,4.7
TKT511634,2025-12-16,Chat,Mobile App,Payment Failed,Positive,Medium,Pending,37.6,3.7
TKT510793,2025-12-16,Social,Mobile App,Login Issue,Positive,Medium,Pending,30.0,4.6
TKT511731,2025-12-16,Chat,Cards,Account Access,Positive,High,Resolved,25.5,4.1
TKT509065,2025-12-17,Phone,Payments,Card Issue,Negative,Critical,Pending,34.7,2.4
TKT511022,2025-12-17,Social,Mobile App,Login Issue,Positive,Medium,Pending,35.2,5.0
TKT504433,2025-12-17,Chat,Payments,App Bug,Neutral,Medium,Resolved,20.2,3.0
TKT509192,2025-12-17,Social,Payments,Card Issue,Negative,High,Pending,36.7,3.0
TKT500138,2025-12-17,Chat,Mobile App,App Bug,Negative,High,Pending,51.2,3.2
TKT505032,2025-12-17,Chat,Loans,App Bug,Negative,High,Pending,30.4,3.3
TKT507830,2025-12-17,Chat,Mobile App,Login Issue,Negative,High,Resolved,25.2,2.6
TKT507387,2025-12-17,Email,Cards,Payment Failed,Neutral,Medium,Pending,44.2,3.4
TKT505126,2025-12-17,Chat,Cards,Payment Failed,Neutral,Low,Resolved,14.3,3.0
TKT501679,2025-12-17,Email,Mobile App,Loan Query,Neutral,High,Pending,49.7,4.1
TKT511569,2025-12-17,Email,Mobile App,Refund Delay,Positive,Medium,Pending,40.5,3.8
TKT506632,2025-12-17,Chat,Account,Card Issue,Neutral,Medium,Resolved,15.3,4.9
TKT501537,2025-12-17,Chat,Mobile App,Payment Failed,Neutral,Low,Resolved,13.8,4.1
TKT511897,2025-12-18,Email,Loans,Login Issue,Neutral,Medium,Pending,38.0,3.9
TKT511315,2025-12-18,Chat,Payments,Card Issue,Positive,High,Resolved,21.5,3.4
TKT501526,2025-12-18,Email,Mobile App,Login Issue,Positive,High,Pending,42.5,4.0
TKT500121,2025-12-18,Chat,Account,Payment Failed,Positive,Medium,Resolved,23.4,5.0
TKT511618,2025-12-18,Email,Account,Card Issue,Negative,High,Pending,42.1,2.5
TKT504600,2025-12-18,Chat,Payments,Account Access,Neutral,High,Pending,34.8,4.5
TKT506447,2025-12-18,Email,Account,Login Issue,Neutral,High,Pending,40.0,3.2
TKT500049,2025-12-18,Email,Mobile App,Refund Delay,Positive,High,Pending,46.2,3.9
TKT507638,2025-12-18,Chat,Payments,Payment Failed,Negative,Medium,Resolved,16.6,2.2
TKT500734,2025-12-18,Phone,Payments,Login Issue,Neutral,Medium,Resolved,24.7,4.3
TKT504053,2025-12-18,Email,Mobile App,Payment Failed,Negative,Critical,Escalated,70.6,1.4
TKT500627,2025-12-18,Chat,Mobile App,Refund Delay,Neutral,Low,Resolved,20.5,4.5
TKT507415,2025-12-18,Social,Payments,Card Issue,Neutral,Medium,Pending,42.5,3.6
TKT506156,2025-12-18,Social,Cards,Login Issue,Negative,High,Pending,31.9,2.1
TKT505201,2025-12-18,Phone,Mobile App,Payment Failed,Negative,High,Pending,38.1,3.3
TKT502593,2025-12-18,Phone,Payments,Payment Failed,Negative,Critical,Pending,41.2,3.1
TKT503357,2025-12-18,Email,Mobile App,Login Issue,Neutral,Low,Pending,35.7,3.3
TKT509486,2025-12-18,Phone,Cards,Refund Delay,Positive,Low,Pending,30.7,3.6
TKT503427,2025-12-18,Phone,Mobile App,Loan Query,Positive,Medium,Resolved,22.3,3.9
TKT500880,2025-12-19,Chat,Mobile App,Payment Failed,Negative,Medium,Pending,51.6,2.2
TKT508610,2025-12-19,Social,Payments,App Bug,Negative,Low,Resolved,26.3,3.9
TKT510042,2025-12-19,Chat,Account,Loan Query,Negative,High,Resolved,24.7,2.4
TKT505011,2025-12-19,Phone,Mobile App,Card Issue,Positive,Low,Pending,36.3,4.1
TKT506010,2025-12-19,Phone,Cards,Payment Failed,Negative,Critical,Pending,35.8,2.1
TKT503755,2025-12-19,Email,Mobile App,Login Issue,Negative,Medium,Pending,34.8,2.6
TKT511548,2025-12-19,Phone,Payments,Refund Delay,Positive,Low,Pending,32.1,2.7
TKT503862,2025-12-19,Phone,Mobile App,App Bug,Neutral,Medium,Resolved,28.2,3.3
TKT501568,2025-12-19,Social,Cards,Refund Delay,Positive,Medium,Resolved,23.1,2.7
TKT507680,2025-12-19,Chat,Payments,Loan Query,Positive,High,Resolved,27.3,3.5
TKT505909,2025-12-19,Phone,Loans,Loan Query,Positive,Medium,Escalated,64.0,2.5
TKT506341,2025-12-19,Email,Payments,Refund Delay,Negative,Medium,Pending,35.6,2.8
TKT510699,2025-12-19,Phone,Account,Refund Delay,Negative,High,Pending,38.5,2.0
TKT504339,2025-12-19,Chat,Payments,Payment Failed,Negative,Medium,Resolved,14.5,2.2
TKT502082,2025-12-19,Phone,Mobile App,Card Issue,Negative,High,Pending,35.2,2.8
TKT511524,2025-12-19,Chat,Mobile App,Payment Failed,Negative,Critical,Pending,36.2,2.5
TKT503729,2025-12-19,Phone,Payments,Payment Failed,Positive,Critical,Pending,35.7,3.7
TKT505347,2025-12-19,Chat,Mobile App,Refund Delay,Negative,Low,Resolved,21.1,1.7
TKT508701,2025-12-19,Chat,Mobile App,Payment Failed,Positive,High,Resolved,26.5,2.8
TKT502449,2025-12-19,Phone,Payments,Card Issue,Positive,High,Pending,52.2,4.1
TKT503451,2025-12-20,Email,Loans,Refund Delay,Negative,Low,Pending,38.0,2.6
TKT510219,2025-12-20,Email,Payments,Login Issue,Neutral,High,Pending,44.7,3.9
TKT507631,2025-12-20,Email,Mobile App,Refund Delay,Positive,High,Pending,44.4,4.0
TKT500625,2025-12-20,Chat,Cards,Loan Query,Positive,Medium,Resolved,17.6,3.2
TKT506752,2025-12-20,Chat,Payments,Payment Failed,Positive,Medium,Resolved,27.8,3.3
TKT507920,2025-12-20,Email,Payments,Payment Failed,Neutral,Low,Pending,42.7,3.4
TKT507505,2025-12-20,Chat,Loans,Login Issue,Neutral,Medium,Resolved,19.6,2.9
TKT505637,2025-12-20,Chat,Payments,Payment Failed,Negative,Critical,Pending,35.7,3.3
TKT505738,2025-12-20,Email,Mobile App,Payment Failed,Positive,Medium,Pending,36.6,2.8
TKT509627,2025-12-20,Chat,Mobile App,Refund Delay,Negative,Low,Resolved,25.3,3.0
TKT510690,2025-12-20,Email,Mobile App,Login Issue,Negative,High,Pending,41.8,2.6
TKT503554,2025-12-20,Phone,Account,Card Issue,Neutral,Low,Resolved,26.8,3.4
TKT506419,2025-12-20,Email,Loans,App Bug,Positive,Low,Pending,37.0,3.6
TKT508037,2025-12-20,Chat,Payments,Login Issue,Neutral,Low,Pending,34.2,3.8
TKT504702,2025-12-20,Phone,Loans,App Bug,Negative,High,Resolved,29.1,2.8
TKT503585,2025-12-20,Phone,Payments,Account Access,Neutral,Medium,Pending,34.6,3.4
TKT507108,2025-12-20,Chat,Payments,Account Access,Positive,High,Pending,40.2,2.6
TKT509797,2025-12-20,Email,Cards,Payment Failed,Negative,Low,Pending,40.9,3.1
TKT505116,2025-12-20,Social,Payments,App Bug,Negative,Medium,Pending,34.7,2.1
TKT505466,2025-12-20,Chat,Loans,Payment Failed,Negative,High,Pending,41.6,1.9
TKT511500,2025-12-20,Email,Mobile App,Refund Delay,Negative,High,Pending,45.2,2.2
TKT507890,2025-12-20,Chat,Account,Card Issue,Positive,Low,Resolved,28.1,4.1
TKT502069,2025-12-20,Chat,Loans,Loan Query,Negative,High,Resolved,27.9,2.1
TKT510084,2025-12-21,Phone,Mobile App,Refund Delay,Positive,High,Pending,36.4,4.8
TKT502618,2025-12-21,Chat,Payments,Account Access,Negative,Low,Resolved,21.1,2.2
TKT505563,2025-12-21,Phone,Account,Payment Failed,Negative,Low,Pending,49.8,3.1
TKT502587,2025-12-21,Social,Mobile App,Loan Query,Neutral,Medium,Pending,30.4,3.0
TKT507082,2025-12-21,Social,Payments,App Bug,Positive,Medium,Resolved,24.1,3.9
TKT508053,2025-12-21,Social,Cards,Payment Failed,Positive,Low,Resolved,24.0,3.7
TKT508536,2025-12-21,Email,Mobile App,Loan Query,Negative,Low,Pending,38.5,2.2
TKT509358,2025-12-21,Email,Cards,Login Issue,Negative,High,Pending,39.5,2.3
TKT500088,2025-12-21,Email,Loans,App Bug,Positive,Medium,Pending,37.1,4.2
TKT504608,2025-12-21,Phone,Mobile App,Card Issue,Neutral,Low,Pending,30.9,2.8
TKT507027,2025-12-21,Email,Payments,App Bug,Negative,High,Pending,44.9,2.7
TKT501070,2025-12-21,Email,Mobile App,App Bug,Negative,Medium,Pending,30.9,3.1
TKT511750,2025-12-21,Chat,Loans,App Bug,Neutral,High,Pending,34.3,3.4
TKT503987,2025-12-21,Chat,Cards,Login Issue,Negative,Medium,Resolved,17.9,3.1
TKT508269,2025-12-21,Email,Payments,Login Issue,Neutral,Low,Pending,52.0,3.2
TKT501237,2025-12-21,Social,Account,Payment Failed,Positive,Medium,Resolved,23.0,4.2
TKT500422,2025-12-21,Chat,Account,Card Issue,Neutral,Critical,Pending,30.1,2.9
TKT501725,2025-12-21,Social,Payments,Payment Failed,Positive,Low,Pending,35.5,4.2
TKT500950,2025-12-21,Chat,Mobile App,Loan Query,Negative,High,Resolved,23.9,2.6
TKT501765,2025-12-21,Email,Mobile App,Payment Failed,Negative,High,Pending,37.4,3.4
TKT502032,2025-12-21,Chat,Account,Login Issue,Negative,Critical,Pending,33.2,1.9
TKT507482,2025-12-21,Phone,Mobile App,App Bug,Positive,Medium,Pending,34.5,4.2
TKT503604,2025-12-21,Chat,Payments,App Bug,Positive,Critical,Resolved,27.0,4.1
TKT505117,2025-12-22,Email,Account,Login Issue,Negative,Medium,Pending,31.3,2.1
TKT502650,2025-12-22,Social,Cards,Payment Failed,Negative,Medium,Pending,34.2,2.3
TKT508538,2025-12-22,Chat,Cards,Account Access,Neutral,High,Resolved,26.5,4.4
TKT503915,2025-12-22,Social,Mobile App,App Bug,Neutral,Medium,Resolved,24.3,4.0
TKT502814,2025-12-22,Email,Loans,Payment Failed,Positive,Medium,Pending,42.3,3.4
TKT508929,2025-12-22,Phone,Cards,Account Access,Positive,High,Pending,43.9,3.3
TKT511208,2025-12-22,Email,Account,Loan Query,Neutral,High,Pending,40.7,3.9
TKT501772,2025-12-22,Phone,Payments,Payment Failed,Neutral,Medium,Resolved,22.4,3.4
TKT500323,2025-12-22,Social,Mobile App,Account Access,Negative,High,Pending,32.4,2.6
TKT508224,2025-12-22,Email,Mobile App,Payment Failed,Neutral,High,Pending,46.7,3.5
TKT511150,2025-12-22,Chat,Payments,Account Access,Neutral,Low,Resolved,28.8,3.2
TKT506084,2025-12-22,Email,Payments,Loan Query,Positive,Medium,Escalated,59.6,4.4
TKT504905,2025-12-22,Phone,Mobile App,Login Issue,Negative,Medium,Resolved,19.7,3.1
TKT510314,2025-12-22,Phone,Cards,Login Issue,Neutral,Low,Resolved,23.3,4.1
TKT509131,2025-12-23,Chat,Mobile App,Card Issue,Neutral,Medium,Pending,34.7,3.9
TKT505343,2025-12-23,Phone,Loans,Payment Failed,Negative,High,Pending,34.5,2.9
TKT503929,2025-12-23,Email,Loans,Payment Failed,Neutral,Low,Pending,37.3,3.5
TKT503425,2025-12-23,Phone,Cards,Refund Delay,Neutral,Medium,Pending,30.3,3.5
TKT500655,2025-12-23,Phone,Payments,Refund Delay,Neutral,Medium,Resolved,21.8,3.7
TKT504429,2025-12-23,Email,Payments,Account Access,Negative,Medium,Pending,34.2,2.5
TKT506686,2025-12-23,Social,Account,Card Issue,Positive,Critical,Pending,54.9,4.1
TKT501107,2025-12-23,Chat,Account,Card Issue,Negative,High,Resolved,22.0,3.1
TKT508477,2025-12-23,Social,Account,Refund Delay,Negative,Medium,Pending,31.8,2.9
TKT510952,2025-12-23,Chat,Mobile App,Card Issue,Negative,High,Pending,36.9,1.8
TKT503706,2025-12-23,Phone,Loans,Card Issue,Negative,High,Pending,33.7,2.4
TKT511895,2025-12-23,Chat,Account,App Bug,Positive,Low,Resolved,15.6,3.9
TKT509062,2025-12-23,Chat,Payments,Account Access,Neutral,Medium,Resolved,21.7,5.0
TKT507278,2025-12-23,Phone,Mobile App,Payment Failed,Neutral,Critical,Pending,42.7,3.4
TKT507538,2025-12-23,Chat,Loans,Payment Failed,Negative,High,Resolved,27.2,2.5
TKT511472,2025-12-23,Phone,Cards,Refund Delay,Negative,Medium,Resolved,25.0,2.9
TKT502004,2025-12-23,Chat,Mobile App,Loan Query,Negative,High,Pending,34.2,2.9
TKT508912,2025-12-23,Chat,Payments,Login Issue,Neutral,Medium,Resolved,22.5,4.1
TKT501525,2025-12-23,Chat,Cards,Refund Delay,Negative,Critical,Pending,36.4,3.2
TKT510504,2025-12-23,Chat,Account,Refund Delay,Negative,High,Resolved,27.8,3.3
TKT510740,2025-12-23,Social,Mobile App,Refund Delay,Neutral,High,Pending,37.4,3.5
TKT510676,2025-12-23,Phone,Payments,Loan Query,Negative,Low,Pending,35.4,1.8
TKT505658,2025-12-23,Chat,Cards,App Bug,Positive,Low,Resolved,25.1,4.2
TKT500646,2025-12-24,Chat,Cards,App Bug,Positive,Low,Resolved,26.8,3.2
TKT502580,2025-12-24,Chat,Account,Card Issue,Negative,High,Pending,47.4,2.9
TKT508746,2025-12-24,Email,Mobile App,Account Access,Neutral,High,Pending,47.3,4.1
TKT508880,2025-12-24,Phone,Mobile App,Login Issue,Neutral,High,Pending,42.5,4.2
TKT508363,2025-12-24,Email,Cards,Loan Query,Positive,Medium,Pending,48.9,3.7
TKT501616,2025-12-24,Chat,Account,Login Issue,Negative,Medium,Resolved,26.1,2.6
TKT507989,2025-12-24,Email,Account,Login Issue,Negative,Low,Escalated,59.9,1.9
TKT510220,2025-12-24,Phone,Cards,Login Issue,Neutral,Medium,Pending,37.7,4.0
TKT500128,2025-12-24,Chat,Payments,Refund Delay,Neutral,Low,Resolved,19.8,3.6
TKT500665,2025-12-24,Email,Account,Login Issue,Positive,Low,Pending,35.0,4.4
TKT501647,2025-12-24,Chat,Mobile App,Account Access,Neutral,Low,Resolved,16.9,3.3
TKT500289,2025-12-24,Chat,Cards,Card Issue,Negative,High,Resolved,28.2,2.5
TKT502628,2025-12-24,Email,Account,Payment Failed,Neutral,Critical,Pending,53.7,3.7
TKT510368,2025-12-24,Phone,Cards,Payment Failed,Positive,Critical,Pending,33.5,4.1
TKT507874,2025-12-24,Phone,Loans,App Bug,Negative,Medium,Resolved,21.1,2.5
TKT503067,2025-12-24,Email,Loans,Account Access,Positive,Medium,Pending,39.3,3.4
TKT509801,2025-12-24,Phone,Mobile App,App Bug,Negative,High,Pending,32.8,3.0
TKT501239,2025-12-24,Email,Payments,Refund Delay,Positive,Critical,Pending,49.8,3.8
TKT505446,2025-12-24,Social,Mobile App,Account Access,Negative,High,Pending,31.8,3.3
TKT509823,2025-12-24,Chat,Loans,Refund Delay,Positive,Medium,Pending,39.2,3.2
TKT500062,2025-12-24,Chat,Mobile App,Login Issue,Negative,Low,Resolved,15.9,3.4
TKT504717,2025-12-24,Email,Account,Refund Delay,Positive,Critical,Pending,48.6,3.7
TKT503889,2025-12-24,Email,Payments,Login Issue,Negative,High,Pending,42.3,1.8
TKT501855,2025-12-24,Phone,Account,App Bug,Negative,Medium,Resolved,25.5,2.3
TKT507671,2025-12-24,Chat,Account,App Bug,Negative,High,Resolved,23.8,2.8
TKT503653,2025-12-24,Email,Payments,Card Issue,Negative,Medium,Pending,34.1,1.5
TKT506499,2025-12-24,Email,Loans,App Bug,Negative,High,Pending,45.5,2.5
TKT501059,2025-12-24,Chat,Mobile App,App Bug,Negative,Low,Resolved,14.2,2.5
TKT500602,2025-12-24,Chat,Mobile App,Card Issue,Negative,Medium,Pending,38.4,2.3
TKT511360,2025-12-24,Chat,Mobile App,Login Issue,Negative,Medium,Resolved,23.0,2.6
TKT504258,2025-12-24,Phone,Account,Loan Query,Positive,Medium,Resolved,25.0,3.7
TKT511269,2025-12-25,Social,Payments,App Bug,Neutral,Medium,Pending,36.8,3.9
TKT504031,2025-12-25,Email,Cards,App Bug,Positive,Medium,Pending,40.5,4.4
TKT503230,2025-12-25,Email,Loans,App Bug,Negative,High,Pending,48.3,3.7
TKT507342,2025-12-25,Chat,Mobile App,Refund Delay,Positive,Low,Resolved,16.0,2.8
TKT509822,2025-12-25,Phone,Mobile App,Card Issue,Positive,High,Pending,36.5,2.9
TKT504371,2025-12-25,Chat,Mobile App,Payment Failed,Neutral,High,Pending,37.4,4.0
TKT505012,2025-12-25,Chat,Mobile App,Login Issue,Positive,Low,Resolved,16.7,4.3
TKT507910,2025-12-25,Chat,Mobile App,Loan Query,Neutral,Low,Resolved,18.4,4.3
TKT507315,2025-12-25,Email,Payments,Payment Failed,Negative,High,Pending,50.9,2.9
TKT501270,2025-12-25,Phone,Payments,Account Access,Neutral,Medium,Resolved,27.2,4.1
TKT500275,2025-12-25,Phone,Payments,Account Access,Negative,High,Resolved,29.7,1.8
TKT511062,2025-12-25,Email,Account,Payment Failed,Neutral,Low,Pending,44.9,4.3
TKT505441,2025-12-25,Phone,Loans,Refund Delay,Positive,Low,Resolved,29.1,3.8
TKT511912,2025-12-25,Phone,Mobile App,Login Issue,Negative,Low,Resolved,28.9,2.0
TKT506797,2025-12-25,Email,Cards,Card Issue,Neutral,Low,Pending,38.3,3.8
TKT508258,2025-12-25,Chat,Cards,Account Access,Positive,Medium,Pending,43.9,4.7
TKT507598,2025-12-25,Email,Account,Login Issue,Positive,Medium,Pending,41.5,4.3
TKT506819,2025-12-25,Social,Payments,Card Issue,Positive,Low,Resolved,28.8,4.1
TKT508611,2025-12-25,Phone,Cards,Payment Failed,Negative,Critical,Pending,43.0,2.2
TKT505437,2025-12-25,Social,Cards,Login Issue,Negative,High,Pending,31.5,2.4
TKT501093,2025-12-26,Chat,Payments,App Bug,Neutral,High,Resolved,23.4,4.4
TKT505755,2025-12-26,Chat,Payments,Payment Failed,Negative,Low,Resolved,26.7,2.8
TKT507636,2025-12-26,Chat,Payments,Account Access,Neutral,High,Pending,46.5,3.3
TKT503668,2025-12-26,Chat,Account,Login Issue,Negative,High,Resolved,22.2,2.7
TKT502611,2025-12-26,Phone,Cards,Payment Failed,Negative,High,Pending,32.5,3.4
TKT505186,2025-12-26,Email,Loans,Login Issue,Negative,High,Pending,44.2,3.3
TKT510516,2025-12-26,Phone,Loans,Loan Query,Negative,Medium,Pending,31.4,3.1
TKT508892,2025-12-26,Chat,Payments,Card Issue,Neutral,Medium,Resolved,16.7,4.2
TKT504627,2025-12-26,Chat,Cards,Login Issue,Neutral,Low,Resolved,26.2,4.0
TKT509723,2025-12-26,Phone,Account,Payment Failed,Negative,High,Pending,48.6,3.5
TKT509170,2025-12-26,Phone,Loans,Payment Failed,Positive,Critical,Pending,31.8,5.0
TKT504296,2025-12-26,Phone,Mobile App,Loan Query,Neutral,High,Pending,36.1,3.9
TKT509133,2025-12-26,Email,Payments,App Bug,Negative,Medium,Pending,33.6,3.0
TKT509541,2025-12-26,Phone,Loans,Refund Delay,Negative,High,Resolved,27.6,2.8
TKT506472,2025-12-26,Chat,Mobile App,App Bug,Neutral,Medium,Resolved,12.5,4.0
TKT509373,2025-12-26,Phone,Mobile App,Account Access,Positive,High,Resolved,29.1,3.9
TKT508568,2025-12-26,Social,Payments,Card Issue,Negative,High,Pending,39.9,2.6
TKT510849,2025-12-26,Email,Payments,Card Issue,Neutral,Low,Pending,32.5,4.6
TKT501285,2025-12-26,Email,Account,Card Issue,Negative,High,Pending,38.3,2.1
TKT502001,2025-12-26,Phone,Account,Payment Failed,Neutral,Low,Pending,30.3,4.2
TKT507925,2025-12-26,Chat,Account,Card Issue,Negative,Low,Resolved,26.6,3.0
TKT508424,2025-12-26,Email,Cards,Login Issue,Neutral,High,Pending,45.6,4.6
TKT501716,2025-12-26,Email,Mobile App,Loan Query,Neutral,Critical,Pending,46.2,3.8
TKT510125,2025-12-26,Email,Payments,Account Access,Negative,High,Pending,46.6,2.7
TKT500269,2025-12-27,Chat,Loans,Payment Failed,Neutral,Medium,Resolved,28.1,3.6
TKT511379,2025-12-27,Email,Account,Refund Delay,Negative,High,Pending,44.8,1.9
TKT506347,2025-12-27,Email,Payments,Refund Delay,Neutral,High,Pending,41.4,3.0
TKT506369,2025-12-27,Email,Cards,Card Issue,Neutral,Low,Pending,33.6,2.5
TKT510251,2025-12-27,Email,Account,Card Issue,Neutral,Low,Pending,39.7,3.7
TKT505753,2025-12-27,Email,Account,Login Issue,Positive,Medium,Pending,38.0,3.4
TKT511138,2025-12-27,Email,Loans,Login Issue,Negative,High,Pending,40.8,2.7
TKT508851,2025-12-27,Chat,Account,Refund Delay,Positive,High,Resolved,27.1,4.1
TKT503132,2025-12-27,Social,Loans,Card Issue,Negative,High,Pending,32.6,2.4
TKT501499,2025-12-27,Social,Payments,Login Issue,Negative,Low,Resolved,25.2,2.0
TKT504740,2025-12-27,Chat,Payments,Account Access,Negative,High,Resolved,22.7,2.0
TKT500180,2025-12-27,Phone,Payments,Payment Failed,Positive,Low,Resolved,21.3,4.1
TKT509817,2025-12-27,Social,Loans,Loan Query,Negative,High,Pending,40.9,2.9
TKT501325,2025-12-27,Phone,Mobile App,Card Issue,Negative,High,Pending,36.0,1.7
TKT506751,2025-12-27,Phone,Cards,Login Issue,Negative,High,Pending,30.0,3.1
TKT500016,2025-12-27,Social,Mobile App,Payment Failed,Negative,Medium,Resolved,23.2,2.3
TKT502765,2025-12-27,Chat,Mobile App,App Bug,Negative,Medium,Resolved,14.9,2.2
TKT500738,2025-12-27,Email,Payments,Card Issue,Negative,High,Pending,37.9,2.8
TKT509898,2025-12-28,Email,Mobile App,Login Issue,Negative,Critical,Pending,48.4,1.3
TKT505544,2025-12-28,Email,Loans,Refund Delay,Negative,Medium,Pending,33.8,2.7
TKT511668,2025-12-28,Social,Loans,Refund Delay,Positive,Low,Resolved,27.2,3.7
TKT504305,2025-12-28,Phone,Mobile App,Login Issue,Neutral,Low,Pending,36.3,3.4
TKT509552,2025-12-28,Email,Payments,App Bug,Negative,High,Escalated,57.7,1.9
TKT502257,2025-12-28,Social,Loans,Loan Query,Neutral,Low,Resolved,25.6,3.9
TKT507504,2025-12-28,Email,Account,Loan Query,Positive,Low,Pending,33.2,3.9
TKT502436,2025-12-28,Social,Account,Refund Delay,Negative,Low,Pending,32.1,2.7
TKT501571,2025-12-28,Chat,Cards,App Bug,Positive,Low,Resolved,19.9,4.0
TKT507326,2025-12-28,Chat,Loans,Login Issue,Negative,High,Resolved,22.8,1.8
TKT502265,2025-12-28,Chat,Payments,App Bug,Positive,High,Resolved,26.0,3.3
TKT504306,2025-12-28,Email,Mobile App,Loan Query,Negative,High,Pending,49.8,2.3
TKT510865,2025-12-28,Email,Account,Loan Query,Positive,Medium,Pending,43.2,3.9
TKT501967,2025-12-28,Email,Cards,Loan Query,Neutral,Low,Pending,34.4,3.6
TKT500575,2025-12-28,Phone,Payments,Account Access,Positive,Medium,Pending,32.3,4.1
TKT506716,2025-12-28,Chat,Loans,App Bug,Negative,Medium,Pending,37.6,2.9
TKT508016,2025-12-28,Phone,Account,Login Issue,Positive,Medium,Resolved,21.2,2.8
TKT506670,2025-12-28,Phone,Mobile App,Login Issue,Negative,High,Pending,33.2,2.2
TKT502225,2025-12-28,Email,Cards,Loan Query,Negative,Medium,Pending,48.4,2.7
TKT502949,2025-12-28,Email,Payments,Payment Failed,Negative,Low,Pending,46.2,3.2
TKT502216,2025-12-28,Chat,Mobile App,Payment Failed,Negative,Medium,Resolved,17.4,2.9
TKT509539,2025-12-28,Chat,Loans,Login Issue,Positive,Low,Resolved,16.9,5.0
TKT503942,2025-12-28,Social,Mobile App,Login Issue,Negative,Medium,Pending,38.2,3.7
TKT501310,2025-12-28,Chat,Loans,Card Issue,Negative,High,Pending,32.8,2.0
TKT505286,2025-12-28,Chat,Mobile App,Login Issue,Neutral,High,Pending,34.3,3.4
TKT505892,2025-12-28,Social,Payments,Loan Query,Neutral,Low,Pending,39.1,3.8
TKT506112,2025-12-28,Email,Account,Refund Delay,Negative,High,Pending,39.6,2.7
TKT503540,2025-12-28,Email,Account,Refund Delay,Negative,Critical,Escalated,58.9,2.8
TKT506362,2025-12-28,Email,Account,Card Issue,Neutral,Medium,Pending,45.8,3.7
TKT508957,2025-12-28,Email,Payments,Payment Failed,Negative,Critical,Escalated,56.9,2.8
TKT510593,2025-12-28,Chat,Cards,Login Issue,Neutral,Medium,Resolved,15.4,2.8
TKT503182,2025-12-29,Phone,Payments,Loan Query,Neutral,Medium,Resolved,22.9,3.3
TKT500351,2025-12-29,Chat,Account,Loan Query,Positive,Low,Resolved,18.0,4.5
TKT502720,2025-12-29,Phone,Cards,Payment Failed,Neutral,Critical,Pending,41.4,4.0
TKT501845,2025-12-29,Chat,Loans,Payment Failed,Negative,High,Resolved,21.2,3.9
TKT505879,2025-12-29,Phone,Cards,App Bug,Negative,High,Escalated,57.9,2.3
TKT502645,2025-12-29,Email,Cards,Payment Failed,Neutral,High,Pending,43.1,3.3
TKT509500,2025-12-29,Email,Mobile App,Loan Query,Positive,Low,Pending,33.5,4.0
TKT500630,2025-12-29,Email,Payments,Account Access,Neutral,Low,Pending,47.7,4.3
TKT510335,2025-12-29,Email,Mobile App,Account Access,Negative,High,Pending,50.0,1.5
TKT504840,2025-12-29,Phone,Loans,Payment Failed,Negative,High,Pending,33.2,2.5
TKT502189,2025-12-29,Chat,Cards,Loan Query,Positive,Medium,Resolved,22.3,3.8
TKT500346,2025-12-29,Social,Payments,Loan Query,Positive,High,Pending,54.9,3.1
TKT504536,2025-12-29,Chat,Payments,Refund Delay,Neutral,Medium,Pending,51.4,4.8
TKT506154,2025-12-29,Email,Mobile App,App Bug,Negative,Low,Pending,33.3,2.7
TKT501883,2025-12-29,Phone,Account,Login Issue,Neutral,Low,Resolved,27.0,4.1
TKT509770,2025-12-30,Social,Mobile App,Refund Delay,Negative,Low,Pending,38.6,2.0
TKT509401,2025-12-30,Chat,Mobile App,Account Access,Positive,High,Pending,34.5,4.6
TKT506223,2025-12-30,Phone,Loans,Refund Delay,Neutral,Medium,Pending,32.2,3.3
TKT505671,2025-12-30,Chat,Payments,Account Access,Neutral,High,Pending,33.5,3.7
TKT503112,2025-12-30,Social,Cards,Account Access,Neutral,High,Pending,38.8,4.0
TKT504050,2025-12-30,Email,Loans,App Bug,Negative,Medium,Pending,37.4,2.4
TKT508321,2025-12-30,Chat,Mobile App,App Bug,Positive,Medium,Resolved,17.2,3.6
TKT511519,2025-12-30,Phone,Mobile App,Card Issue,Neutral,Medium,Resolved,20.7,3.5
TKT505370,2025-12-30,Email,Account,Payment Failed,Negative,High,Pending,41.7,2.5
TKT508961,2025-12-30,Chat,Account,App Bug,Neutral,Medium,Resolved,22.3,3.9
TKT506613,2025-12-30,Chat,Account,Refund Delay,Neutral,Medium,Pending,30.6,3.9
TKT502870,2025-12-30,Chat,Loans,Payment Failed,Negative,High,Pending,30.9,2.3
TKT500459,2025-12-30,Social,Account,Payment Failed,Neutral,Low,Pending,51.1,3.6
TKT506674,2025-12-30,Email,Account,Payment Failed,Negative,Critical,Escalated,56.3,3.1
TKT510053,2025-12-30,Email,Mobile App,Card Issue,Positive,Low,Pending,54.1,4.1
TKT502312,2025-12-30,Phone,Mobile App,Card Issue,Positive,High,Resolved,27.9,4.0
TKT505589,2025-12-30,Email,Account,Login Issue,Positive,Low,Pending,49.7,3.7
TKT510309,2025-12-30,Phone,Loans,Account Access,Negative,High,Resolved,26.5,2.3
TKT506460,2025-12-30,Social,Payments,Loan Query,Positive,High,Pending,32.9,4.1
TKT509933,2025-12-30,Phone,Payments,Card Issue,Positive,High,Pending,30.6,3.6
TKT511120,2025-12-30,Email,Account,App Bug,Negative,Medium,Pending,42.0,2.9
TKT504481,2025-12-30,Chat,Loans,Login Issue,Neutral,High,Resolved,27.4,4.2
TKT503484,2025-12-30,Chat,Account,Login Issue,Negative,High,Resolved,19.6,1.9
TKT507491,2025-12-30,Email,Account,Refund Delay,Positive,Low,Pending,34.4,4.4
TKT505667,2025-12-30,Phone,Loans,App Bug,Negative,High,Pending,40.0,3.4
TKT509594,2025-12-31,Phone,Account,App Bug,Negative,Low,Pending,47.5,2.9
TKT501978,2025-12-31,Phone,Mobile App,Payment Failed,Neutral,Low,Pending,30.3,4.1
TKT510929,2025-12-31,Email,Payments,Payment Failed,Negative,High,Pending,48.7,2.2
TKT502064,2025-12-31,Chat,Payments,Login Issue,Neutral,Low,Resolved,17.3,4.3
TKT501380,2025-12-31,Email,Cards,App Bug,Negative,High,Pending,46.3,2.9
TKT511888,2025-12-31,Chat,Account,Account Access,Negative,Low,Resolved,27.3,2.1
TKT510067,2025-12-31,Email,Loans,Refund Delay,Neutral,Medium,Pending,39.3,3.9
TKT509238,2025-12-31,Email,Mobile App,Account Access,Negative,Medium,Pending,38.6,2.3
TKT507185,2025-12-31,Phone,Loans,Payment Failed,Neutral,High,Resolved,26.3,3.6
TKT507210,2025-12-31,Phone,Payments,Login Issue,Negative,High,Resolved,28.3,2.3
TKT505894,2025-12-31,Social,Account,App Bug,Negative,Low,Pending,53.0,2.0
TKT508120,2025-12-31,Chat,Payments,Refund Delay,Negative,High,Pending,35.0,3.1
TKT505275,2025-12-31,Chat,Account,Card Issue,Positive,High,Resolved,27.5,3.7
TKT508100,2025-12-31,Email,Mobile App,Payment Failed,Neutral,Medium,Pending,36.2,4.4
TKT500768,2025-12-31,Chat,Account,Card Issue,Negative,High,Resolved,29.8,3.3
TKT507545,2025-12-31,Social,Payments,Card Issue,Negative,Medium,Resolved,25.2,2.1
TKT508725,2025-12-31,Phone,Mobile App,Refund Delay,Neutral,High,Pending,35.0,4.7
TKT503918,2025-12-31,Phone,Loans,Payment Failed,Negative,Medium,Pending,33.3,3.3
TKT511689,2025-12-31,Chat,Loans,Login Issue,Positive,Medium,Resolved,16.9,3.7
TKT501776,2025-12-31,Phone,Account,Login Issue,Negative,High,Pending,35.8,2.3
TKT506812,2025-12-31,Chat,Mobile App,Refund Delay,Neutral,Low,Resolved,21.4,4.6
TKT510105,2025-12-31,Phone,Cards,Login Issue,Positive,High,Pending,35.5,4.1
TKT500327,2025-12-31,Phone,Payments,Refund Delay,Negative,Medium,Escalated,56.4,2.1
TKT507502,2026-01-01,Chat,Mobile App,Login Issue,Negative,Low,Resolved,20.8,2.7
TKT507991,2026-01-01,Chat,Cards,Login Issue,Positive,Low,Resolved,22.3,3.5
TKT509522,2026-01-01,Chat,Mobile App,Login Issue,Positive,Low,Pending,48.1,4.2
TKT509567,2026-01-01,Social,Payments,Card Issue,Neutral,Low,Resolved,23.4,2.5
TKT509710,2026-01-01,Email,Cards,Payment Failed,Negative,Medium,Escalated,63.9,1.6
TKT506867,2026-01-01,Email,Account,Login Issue,Positive,Medium,Pending,40.9,3.9
TKT505003,2026-01-01,Chat,Mobile App,Refund Delay,Positive,Critical,Pending,33.9,3.3
TKT511477,2026-01-01,Chat,Payments,Loan Query,Negative,Medium,Resolved,25.3,2.0
TKT502619,2026-01-01,Chat,Mobile App,Loan Query,Positive,Medium,Resolved,29.8,3.9
TKT507099,2026-01-01,Email,Cards,Card Issue,Positive,Low,Pending,47.2,3.1
TKT508036,2026-01-01,Chat,Payments,App Bug,Negative,Medium,Pending,31.2,2.8
TKT505616,2026-01-01,Social,Account,Refund Delay,Positive,Low,Resolved,28.1,4.2
TKT503559,2026-01-01,Chat,Loans,Payment Failed,Neutral,Low,Resolved,18.5,3.3
TKT508316,2026-01-01,Chat,Payments,Payment Failed,Neutral,Low,Resolved,18.7,3.6
TKT507225,2026-01-01,Email,Loans,Card Issue,Negative,Low,Pending,32.5,1.9
TKT500681,2026-01-01,Chat,Mobile App,Refund Delay,Positive,Medium,Pending,34.5,4.3
TKT507860,2026-01-01,Phone,Cards,Loan Query,Positive,Critical,Pending,51.0,4.2
TKT504499,2026-01-01,Email,Mobile App,App Bug,Positive,Low,Pending,46.3,3.6
TKT509610,2026-01-01,Chat,Payments,Payment Failed,Neutral,Critical,Pending,42.5,4.4
TKT503574,2026-01-01,Chat,Mobile App,Refund Delay,Positive,High,Pending,34.8,3.6
TKT502073,2026-01-01,Email,Mobile App,Payment Failed,Negative,Low,Pending,32.5,3.0
TKT511131,2026-01-01,Chat,Cards,Loan Query,Negative,High,Resolved,29.5,3.2
TKT510038,2026-01-02,Phone,Mobile App,Login Issue,Neutral,Low,Resolved,23.4,4.0
TKT500988,2026-01-02,Chat,Mobile App,Login Issue,Negative,Low,Resolved,26.4,2.6
TKT507040,2026-01-02,Chat,Mobile App,App Bug,Negative,High,Resolved,28.5,2.1
TKT502556,2026-01-02,Social,Account,Card Issue,Neutral,Low,Resolved,23.8,4.1
TKT502071,2026-01-02,Email,Payments,Refund Delay,Negative,High,Escalated,55.9,2.4
TKT503769,2026-01-02,Email,Mobile App,App Bug,Positive,Medium,Pending,36.3,4.4
TKT506292,2026-01-02,Email,Loans,Payment Failed,Negative,High,Pending,50.0,2.7
TKT500229,2026-01-02,Chat,Cards,App Bug,Negative,Low,Resolved,24.2,2.3
TKT505621,2026-01-02,Email,Payments,App Bug,Negative,Low,Pending,32.6,3.0
TKT500615,2026-01-02,Chat,Payments,Payment Failed,Negative,Low,Resolved,16.5,3.1
TKT504515,2026-01-02,Social,Payments,Account Access,Negative,Low,Resolved,29.3,3.2
TKT504479,2026-01-02,Email,Account,Card Issue,Negative,Medium,Pending,44.1,2.2
TKT509492,2026-01-02,Chat,Payments,Account Access,Negative,Medium,Resolved,24.6,1.9
TKT504516,2026-01-02,Social,Loans,Loan Query,Positive,Low,Resolved,25.0,4.2
TKT508134,2026-01-02,Phone,Account,Refund Delay,Positive,Medium,Resolved,19.8,4.1
TKT509726,2026-01-02,Email,Loans,Login Issue,Negative,Low,Pending,34.0,3.1
TKT503694,2026-01-02,Chat,Payments,Loan Query,Neutral,Medium,Resolved,20.4,4.6
TKT508917,2026-01-02,Chat,Loans,Payment Failed,Neutral,Critical,Pending,35.9,3.3
TKT503289,2026-01-02,Email,Loans,App Bug,Negative,High,Pending,45.7,2.2
TKT509319,2026-01-02,Email,Cards,Account Access,Positive,Low,Pending,42.6,3.6
TKT508333,2026-01-02,Chat,Loans,Payment Failed,Positive,Low,Resolved,15.7,3.7
TKT510462,2026-01-02,Chat,Payments,Account Access,Negative,Low,Resolved,18.2,2.3
TKT504297,2026-01-02,Email,Account,Account Access,Negative,Medium,Pending,34.0,3.2
TKT500203,2026-01-02,Social,Payments,Loan Query,Neutral,Medium,Resolved,29.9,4.5
TKT507589,2026-01-02,Chat,Mobile App,Account Access,Negative,High,Pending,35.6,3.1
TKT508395,2026-01-03,Social,Cards,Refund Delay,Negative,High,Pending,39.7,2.5
TKT504847,2026-01-03,Social,Mobile App,Loan Query,Neutral,Medium,Resolved,23.3,3.5
TKT511945,2026-01-03,Email,Payments,Refund Delay,Positive,Low,Pending,50.2,3.4
TKT501859,2026-01-03,Email,Loans,Payment Failed,Neutral,High,Pending,47.6,3.6
TKT501060,2026-01-03,Phone,Mobile App,Refund Delay,Neutral,Medium,Resolved,27.4,3.8
TKT505152,2026-01-03,Phone,Payments,Refund Delay,Negative,Medium,Resolved,19.3,2.5
TKT506456,2026-01-03,Email,Cards,Login Issue,Neutral,Critical,Pending,48.6,3.8
TKT504647,2026-01-03,Chat,Account,Refund Delay,Neutral,Low,Resolved,17.8,4.1
TKT504409,2026-01-03,Phone,Account,Login Issue,Negative,High,Pending,30.0,2.2
TKT510379,2026-01-03,Chat,Payments,Loan Query,Negative,Low,Resolved,15.1,2.1
TKT500771,2026-01-03,Email,Mobile App,Account Access,Negative,High,Pending,38.9,3.9
TKT508862,2026-01-03,Email,Account,App Bug,Negative,High,Pending,38.3,2.2
TKT505006,2026-01-03,Chat,Account,App Bug,Negative,High,Resolved,21.5,2.8
TKT502349,2026-01-03,Email,Cards,Refund Delay,Negative,High,Pending,41.3,2.7
TKT511938,2026-01-03,Email,Payments,Card Issue,Negative,High,Pending,47.9,3.1
TKT506430,2026-01-03,Email,Account,App Bug,Negative,High,Pending,43.3,2.4
TKT508507,2026-01-03,Social,Account,App Bug,Negative,High,Escalated,56.6,1.5
TKT507486,2026-01-03,Chat,Account,Loan Query,Positive,Medium,Pending,36.0,4.3
TKT511011,2026-01-04,Email,Mobile App,App Bug,Neutral,Medium,Pending,31.7,3.3
TKT500715,2026-01-04,Email,Loans,App Bug,Neutral,High,Pending,44.1,3.3
TKT506763,2026-01-04,Chat,Mobile App,Card Issue,Positive,High,Pending,30.4,3.2
TKT507187,2026-01-04,Phone,Account,Account Access,Positive,Low,Resolved,20.3,3.0
TKT501330,2026-01-04,Phone,Mobile App,Refund Delay,Negative,Medium,Pending,37.5,2.8
TKT507863,2026-01-04,Email,Loans,Payment Failed,Negative,High,Pending,47.7,2.1
TKT503300,2026-01-04,Email,Cards,Login Issue,Neutral,Critical,Pending,44.9,3.0
TKT505173,2026-01-04,Email,Mobile App,Login Issue,Neutral,Low,Pending,41.2,3.9
TKT502052,2026-01-04,Email,Account,Card Issue,Neutral,High,Escalated,67.6,2.7
TKT504138,2026-01-04,Chat,Loans,Payment Failed,Negative,High,Pending,34.4,1.9
TKT506439,2026-01-04,Email,Loans,Payment Failed,Positive,Critical,Escalated,56.0,3.4
TKT511942,2026-01-04,Social,Mobile App,Card Issue,Negative,Critical,Pending,46.5,2.5
TKT507389,2026-01-04,Chat,Mobile App,Card Issue,Negative,Medium,Resolved,16.6,2.3
TKT505072,2026-01-04,Chat,Mobile App,Account Access,Negative,High,Resolved,21.4,2.5
TKT505181,2026-01-04,Social,Payments,Payment Failed,Negative,Critical,Pending,40.8,2.5
TKT502717,2026-01-04,Phone,Mobile App,Loan Query,Positive,High,Pending,36.6,3.8
TKT503526,2026-01-04,Email,Account,Card Issue,Neutral,High,Pending,46.4,4.1
TKT511713,2026-01-04,Email,Payments,Login Issue,Positive,Medium,Pending,34.5,3.6
TKT500989,2026-01-05,Chat,Mobile App,Payment Failed,Positive,Medium,Resolved,24.3,3.9
TKT501915,2026-01-05,Chat,Mobile App,Login Issue,Positive,High,Resolved,23.1,4.2
TKT511575,2026-01-05,Chat,Mobile App,Loan Query,Negative,Medium,Resolved,14.4,2.6
TKT504815,2026-01-05,Social,Payments,Login Issue,Negative,Medium,Resolved,25.7,2.5
TKT505027,2026-01-05,Chat,Account,Loan Query,Neutral,Medium,Resolved,15.1,3.9
TKT506982,2026-01-05,Chat,Loans,Card Issue,Neutral,Medium,Resolved,22.4,4.7
TKT501099,2026-01-05,Social,Loans,Payment Failed,Negative,High,Pending,36.3,1.8
TKT501547,2026-01-05,Social,Mobile App,Login Issue,Positive,Low,Pending,35.1,3.7
TKT508747,2026-01-05,Social,Mobile App,App Bug,Positive,Medium,Resolved,23.1,3.6
TKT500451,2026-01-05,Chat,Payments,Account Access,Neutral,Medium,Resolved,18.5,3.9
TKT503524,2026-01-05,Phone,Mobile App,Card Issue,Positive,Medium,Resolved,29.5,4.3
TKT511362,2026-01-05,Chat,Loans,Account Access,Negative,High,Pending,34.0,3.5
TKT510176,2026-01-05,Phone,Cards,Card Issue,Negative,High,Pending,34.1,3.0
TKT503293,2026-01-05,Email,Cards,Card Issue,Neutral,High,Pending,44.8,4.1
TKT509806,2026-01-05,Chat,Account,Account Access,Negative,Low,Resolved,17.2,3.3
TKT511880,2026-01-06,Email,Loans,Login Issue,Negative,High,Pending,46.8,3.2
TKT505184,2026-01-06,Email,Mobile App,Login Issue,Negative,Medium,Pending,32.5,1.9
TKT511663,2026-01-06,Email,Mobile App,App Bug,Positive,Medium,Pending,34.3,3.9
TKT506127,2026-01-06,Chat,Loans,Account Access,Negative,High,Pending,39.4,3.1
TKT502869,2026-01-06,Chat,Loans,Card Issue,Positive,Low,Resolved,22.7,3.8
TKT507777,2026-01-06,Chat,Mobile App,Payment Failed,Neutral,High,Pending,33.5,2.6
TKT508716,2026-01-06,Social,Payments,Payment Failed,Positive,Critical,Escalated,56.7,2.8
TKT502057,2026-01-06,Phone,Mobile App,Loan Query,Negative,High,Pending,41.3,2.1
TKT510977,2026-01-06,Email,Loans,Account Access,Negative,Low,Pending,46.6,2.7
TKT510165,2026-01-06,Phone,Mobile App,Loan Query,Neutral,Medium,Resolved,25.0,4.4
TKT507559,2026-01-06,Chat,Loans,Card Issue,Negative,Critical,Resolved,26.0,3.0
TKT505659,2026-01-06,Email,Account,Loan Query,Neutral,Medium,Pending,38.3,4.4
TKT511053,2026-01-06,Social,Payments,Refund Delay,Neutral,Critical,Pending,38.1,3.0
TKT511757,2026-01-06,Social,Account,Account Access,Positive,Low,Resolved,25.2,4.4
TKT508877,2026-01-06,Chat,Cards,Loan Query,Neutral,Low,Pending,38.4,4.5
TKT504496,2026-01-06,Chat,Loans,Payment Failed,Neutral,Critical,Pending,34.8,3.7
TKT504105,2026-01-06,Social,Mobile App,Payment Failed,Negative,High,Pending,37.7,1.1
TKT501408,2026-01-06,Chat,Mobile App,App Bug,Negative,Medium,Resolved,17.9,3.2
TKT505110,2026-01-06,Social,Mobile App,Refund Delay,Positive,Low,Resolved,22.9,3.7
TKT506596,2026-01-06,Email,Mobile App,Refund Delay,Neutral,High,Pending,47.2,3.9
TKT511234,2026-01-06,Email,Mobile App,Refund Delay,Negative,Medium,Pending,40.6,2.8
TKT504303,2026-01-06,Email,Loans,App Bug,Negative,Medium,Pending,48.2,2.6
TKT500349,2026-01-06,Chat,Payments,Payment Failed,Negative,Medium,Pending,40.4,2.2
TKT500921,2026-01-06,Email,Payments,Payment Failed,Neutral,High,Pending,51.0,3.7
TKT506900,2026-01-07,Social,Account,Login Issue,Neutral,Medium,Pending,38.7,4.2
TKT503090,2026-01-07,Phone,Cards,Payment Failed,Negative,High,Pending,32.7,2.6
TKT504653,2026-01-07,Chat,Payments,App Bug,Negative,High,Resolved,22.8,2.7
TKT503612,2026-01-07,Chat,Account,Refund Delay,Negative,Low,Resolved,18.8,3.9
TKT510378,2026-01-07,Chat,Payments,App Bug,Positive,Medium,Resolved,23.7,3.1
TKT510134,2026-01-07,Chat,Payments,Refund Delay,Positive,Critical,Pending,37.0,4.0
TKT506639,2026-01-07,Social,Cards,Login Issue,Neutral,Medium,Resolved,29.5,4.5
TKT502665,2026-01-07,Chat,Cards,Payment Failed,Negative,Low,Pending,31.8,3.3
TKT502201,2026-01-07,Chat,Account,Refund Delay,Neutral,Medium,Resolved,21.8,3.9
TKT507070,2026-01-07,Email,Payments,Payment Failed,Positive,High,Escalated,56.8,2.8
TKT509123,2026-01-07,Phone,Loans,Loan Query,Positive,Medium,Resolved,24.5,3.9
TKT507490,2026-01-07,Phone,Payments,Card Issue,Positive,Critical,Pending,39.0,3.0
TKT502227,2026-01-07,Phone,Account,Payment Failed,Neutral,Low,Resolved,23.5,3.9
TKT506645,2026-01-07,Chat,Loans,Refund Delay,Negative,High,Pending,42.2,2.6
TKT511729,2026-01-08,Chat,Account,Loan Query,Positive,Medium,Resolved,22.7,3.9
TKT502857,2026-01-08,Phone,Payments,App Bug,Negative,High,Resolved,28.0,3.1
TKT506848,2026-01-08,Phone,Payments,Refund Delay,Neutral,Low,Resolved,24.6,3.6
TKT508474,2026-01-08,Chat,Cards,Payment Failed,Negative,Critical,Pending,32.6,3.0
TKT501287,2026-01-08,Phone,Cards,Login Issue,Negative,Critical,Pending,38.0,2.9
TKT508889,2026-01-08,Email,Mobile App,Card Issue,Negative,Low,Pending,42.3,3.1
TKT502937,2026-01-08,Phone,Mobile App,Card Issue,Negative,Low,Resolved,24.6,3.0
TKT505431,2026-01-08,Email,Payments,App Bug,Positive,High,Pending,48.2,4.1
TKT504954,2026-01-08,Social,Cards,Login Issue,Neutral,Medium,Resolved,26.9,4.7
TKT506997,2026-01-08,Chat,Account,Payment Failed,Negative,Low,Resolved,28.0,3.2
TKT509724,2026-01-08,Social,Mobile App,Payment Failed,Negative,Medium,Resolved,21.6,3.3
TKT509223,2026-01-08,Chat,Payments,App Bug,Neutral,Medium,Resolved,19.8,3.8
TKT507147,2026-01-08,Chat,Account,App Bug,Negative,High,Pending,43.1,2.3
TKT502535,2026-01-08,Email,Cards,Login Issue,Positive,Medium,Pending,40.1,3.9
TKT508220,2026-01-08,Chat,Loans,Login Issue,Negative,Medium,Escalated,57.4,2.1
TKT501247,2026-01-08,Email,Mobile App,Loan Query,Neutral,Medium,Pending,32.8,3.4
TKT500387,2026-01-08,Chat,Payments,Loan Query,Neutral,High,Resolved,27.5,5.0
TKT505340,2026-01-08,Email,Mobile App,Payment Failed,Negative,High,Pending,52.9,2.4
TKT511767,2026-01-08,Chat,Cards,Payment Failed,Negative,High,Pending,39.1,3.0
TKT502417,2026-01-08,Email,Cards,Loan Query,Negative,High,Pending,39.6,2.8
TKT501415,2026-01-08,Social,Payments,Loan Query,Positive,Medium,Pending,35.9,5.0
TKT502862,2026-01-08,Chat,Loans,App Bug,Negative,High,Resolved,21.2,3.6
TKT509937,2026-01-08,Email,Payments,Refund Delay,Neutral,High,Pending,40.8,3.9
TKT506080,2026-01-09,Phone,Account,Refund Delay,Neutral,High,Pending,44.8,3.9
TKT509708,2026-01-09,Phone,Payments,Login Issue,Negative,Low,Pending,31.6,2.5
TKT503761,2026-01-09,Email,Payments,Refund Delay,Negative,Medium,Escalated,62.2,2.3
TKT501252,2026-01-09,Chat,Loans,Login Issue,Neutral,High,Pending,39.9,3.7
TKT509188,2026-01-09,Chat,Account,App Bug,Negative,Critical,Pending,31.9,2.4
TKT507402,2026-01-09,Social,Payments,Refund Delay,Negative,Low,Pending,39.9,2.4
TKT505417,2026-01-09,Social,Mobile App,Payment Failed,Negative,Critical,Pending,37.6,3.1
TKT504432,2026-01-09,Chat,Cards,Login Issue,Negative,High,Resolved,28.4,2.9
TKT501410,2026-01-09,Chat,Mobile App,Payment Failed,Positive,Critical,Resolved,29.4,3.4
TKT506321,2026-01-09,Phone,Loans,Login Issue,Positive,High,Pending,30.8,4.7
TKT511345,2026-01-09,Chat,Cards,Refund Delay,Positive,Low,Resolved,17.2,3.7
TKT510141,2026-01-09,Email,Payments,Refund Delay,Positive,Medium,Pending,37.9,3.5
TKT506269,2026-01-09,Phone,Payments,Refund Delay,Positive,High,Resolved,29.9,3.9
TKT502080,2026-01-09,Chat,Loans,Login Issue,Negative,Low,Resolved,16.4,2.6
TKT506653,2026-01-09,Phone,Cards,Refund Delay,Negative,High,Resolved,28.7,2.6
TKT500779,2026-01-09,Email,Account,Refund Delay,Negative,Medium,Pending,34.9,2.8
TKT502096,2026-01-09,Email,Loans,Card Issue,Neutral,Low,Escalated,63.8,4.2
TKT510786,2026-01-09,Chat,Loans,Payment Failed,Negative,Low,Resolved,18.9,2.1
TKT509533,2026-01-09,Chat,Loans,Payment Failed,Positive,Medium,Resolved,15.1,3.1
TKT511531,2026-01-09,Chat,Loans,Loan Query,Positive,Medium,Pending,37.0,3.8
TKT509656,2026-01-09,Chat,Payments,Refund Delay,Neutral,Medium,Resolved,15.2,4.7
TKT504238,2026-01-09,Social,Payments,App Bug,Neutral,Low,Pending,42.2,3.7
TKT511584,2026-01-09,Email,Mobile App,Login Issue,Neutral,Low,Pending,37.2,4.2
TKT503193,2026-01-09,Phone,Mobile App,Payment Failed,Negative,High,Pending,42.9,2.4
TKT504086,2026-01-09,Email,Loans,Card Issue,Negative,High,Pending,45.9,1.9
TKT503637,2026-01-09,Email,Account,Account Access,Neutral,High,Pending,43.5,3.6
TKT503071,2026-01-09,Phone,Mobile App,Payment Failed,Neutral,Low,Resolved,25.8,3.8
TKT500468,2026-01-09,Chat,Account,Account Access,Positive,Medium,Resolved,26.8,4.6
TKT500867,2026-01-09,Phone,Payments,App Bug,Negative,High,Pending,39.6,1.9
TKT502135,2026-01-09,Phone,Account,Login Issue,Neutral,Medium,Resolved,28.2,3.9
TKT509587,2026-01-10,Email,Account,Payment Failed,Negative,High,Pending,41.2,1.9
TKT511741,2026-01-10,Chat,Account,Loan Query,Positive,Medium,Resolved,17.0,2.9
TKT500419,2026-01-10,Chat,Account,Login Issue,Negative,Medium,Resolved,16.8,2.8
TKT511453,2026-01-10,Social,Loans,Card Issue,Neutral,Medium,Pending,30.1,3.7
TKT506233,2026-01-10,Chat,Mobile App,Login Issue,Negative,Low,Resolved,17.2,3.2
TKT501854,2026-01-10,Chat,Account,Payment Failed,Negative,High,Resolved,26.2,2.5
TKT509444,2026-01-10,Chat,Mobile App,Account Access,Neutral,Medium,Resolved,21.3,2.8
TKT508337,2026-01-10,Chat,Loans,Card Issue,Positive,Critical,Pending,35.1,3.9
TKT506081,2026-01-10,Chat,Payments,Account Access,Negative,High,Pending,38.9,2.1
TKT509413,2026-01-10,Phone,Mobile App,Refund Delay,Negative,High,Pending,32.3,2.2
TKT511930,2026-01-10,Chat,Payments,Login Issue,Negative,Low,Resolved,21.3,1.6
TKT506814,2026-01-10,Phone,Mobile App,Payment Failed,Negative,High,Resolved,27.4,1.5
TKT510956,2026-01-10,Chat,Cards,App Bug,Positive,Low,Resolved,23.7,3.2
TKT508399,2026-01-10,Email,Loans,Account Access,Neutral,Medium,Pending,41.0,3.6
TKT501632,2026-01-10,Phone,Mobile App,Account Access,Positive,Low,Pending,32.8,3.6
TKT504802,2026-01-10,Email,Payments,Loan Query,Neutral,Medium,Pending,46.6,4.1
TKT505531,2026-01-10,Chat,Cards,Account Access,Neutral,High,Resolved,21.7,4.1
TKT510782,2026-01-10,Phone,Loans,Refund Delay,Positive,Medium,Pending,33.0,4.1
TKT500047,2026-01-10,Social,Cards,Loan Query,Positive,High,Pending,45.5,3.3
TKT510022,2026-01-10,Phone,Mobile App,Login Issue,Neutral,Low,Resolved,29.8,3.7
TKT501406,2026-01-10,Phone,Mobile App,Login Issue,Negative,Critical,Pending,37.2,1.9
TKT502250,2026-01-10,Chat,Payments,Payment Failed,Neutral,Low,Resolved,21.5,4.3
TKT510044,2026-01-10,Chat,Cards,Loan Query,Neutral,Medium,Resolved,14.4,3.7
TKT507667,2026-01-10,Chat,Loans,Refund Delay,Negative,Medium,Resolved,20.8,3.1
TKT500741,2026-01-10,Chat,Payments,App Bug,Positive,High,Pending,36.6,3.8
TKT507884,2026-01-10,Phone,Loans,Payment Failed,Neutral,High,Resolved,27.7,4.3
TKT510527,2026-01-10,Email,Mobile App,Card Issue,Neutral,High,Pending,52.4,3.7
TKT503027,2026-01-10,Chat,Loans,Refund Delay,Positive,High,Resolved,26.1,3.5
TKT509040,2026-01-10,Phone,Mobile App,Refund Delay,Positive,Medium,Pending,50.9,4.0
TKT507526,2026-01-10,Phone,Payments,Loan Query,Neutral,Medium,Resolved,20.8,3.8
TKT502062,2026-01-10,Email,Account,Refund Delay,Neutral,Low,Pending,33.3,3.7
TKT507525,2026-01-10,Email,Payments,Refund Delay,Negative,High,Escalated,56.1,2.3
TKT511661,2026-01-10,Chat,Account,Login Issue,Neutral,Low,Resolved,21.5,3.1
TKT501751,2026-01-10,Chat,Account,Card Issue,Negative,Low,Resolved,22.2,2.5
TKT504462,2026-01-11,Email,Payments,Refund Delay,Negative,Low,Escalated,66.5,2.4
TKT507902,2026-01-11,Chat,Cards,Login Issue,Positive,Medium,Resolved,16.0,4.1
TKT506169,2026-01-11,Email,Cards,Loan Query,Neutral,Medium,Pending,43.4,5.0
TKT501624,2026-01-11,Chat,Payments,Login Issue,Neutral,Medium,Pending,30.2,3.1
TKT500776,2026-01-11,Chat,Payments,Card Issue,Positive,High,Resolved,27.5,3.7
TKT501699,2026-01-11,Chat,Mobile App,Login Issue,Neutral,High,Resolved,23.5,4.2
TKT501870,2026-01-11,Phone,Account,Card Issue,Positive,Medium,Resolved,23.9,3.4
TKT509568,2026-01-11,Phone,Mobile App,Payment Failed,Positive,High,Pending,41.8,3.7
TKT503504,2026-01-11,Email,Mobile App,App Bug,Negative,High,Escalated,59.1,2.7
TKT504362,2026-01-11,Chat,Payments,Refund Delay,Positive,High,Resolved,28.6,3.7
TKT506274,2026-01-11,Phone,Payments,Card Issue,Neutral,Low,Pending,35.1,3.3
TKT510626,2026-01-11,Chat,Mobile App,Loan Query,Positive,Low,Resolved,16.8,4.7
TKT500704,2026-01-11,Phone,Mobile App,Card Issue,Neutral,Medium,Resolved,23.8,4.4
TKT501381,2026-01-11,Email,Payments,Loan Query,Positive,High,Pending,52.0,3.4
TKT504324,2026-01-11,Email,Payments,Login Issue,Neutral,Low,Pending,36.7,3.3
TKT508697,2026-01-11,Social,Loans,Login Issue,Neutral,High,Pending,34.1,4.0
TKT506998,2026-01-11,Phone,Mobile App,App Bug,Negative,Medium,Resolved,25.8,2.7
TKT500076,2026-01-11,Phone,Mobile App,App Bug,Negative,High,Pending,38.0,1.6
TKT502990,2026-01-11,Chat,Mobile App,App Bug,Neutral,Low,Resolved,26.4,4.1
TKT509860,2026-01-11,Chat,Payments,Payment Failed,Neutral,Low,Resolved,15.2,3.4
TKT504613,2026-01-11,Phone,Mobile App,Login Issue,Positive,High,Resolved,26.6,3.7
TKT507228,2026-01-11,Social,Cards,Account Access,Neutral,Low,Resolved,27.7,4.1
TKT503443,2026-01-11,Chat,Loans,Card Issue,Neutral,High,Pending,34.5,3.1
TKT503901,2026-01-11,Social,Account,Payment Failed,Negative,High,Pending,32.5,2.8
TKT502845,2026-01-11,Chat,Payments,App Bug,Positive,Medium,Resolved,22.6,3.0
TKT501577,2026-01-11,Phone,Account,Loan Query,Negative,High,Pending,33.5,1.8
TKT501852,2026-01-12,Phone,Payments,Loan Query,Negative,Low,Resolved,24.4,2.7
TKT509671,2026-01-12,Email,Cards,Login Issue,Neutral,Medium,Pending,43.2,3.9
TKT501471,2026-01-12,Social,Mobile App,Refund Delay,Positive,High,Pending,34.4,4.1
TKT507088,2026-01-12,Chat,Loans,Card Issue,Positive,Low,Resolved,15.5,4.5
TKT508170,2026-01-12,Email,Mobile App,Payment Failed,Negative,Critical,Pending,47.0,2.0
TKT509887,2026-01-12,Phone,Account,App Bug,Neutral,Low,Pending,30.9,3.5
TKT503429,2026-01-12,Chat,Cards,Card Issue,Neutral,Medium,Pending,36.6,4.1
TKT502375,2026-01-12,Email,Payments,Refund Delay,Positive,Low,Pending,36.5,4.6
TKT508815,2026-01-12,Chat,Payments,Payment Failed,Negative,High,Resolved,19.9,2.2
TKT509182,2026-01-12,Chat,Account,Loan Query,Negative,Medium,Pending,36.4,3.1
TKT501836,2026-01-12,Chat,Payments,Payment Failed,Positive,Medium,Resolved,19.1,3.3
TKT500252,2026-01-12,Chat,Payments,Card Issue,Positive,High,Pending,36.7,3.5
TKT506025,2026-01-12,Email,Cards,Card Issue,Negative,Low,Pending,41.9,2.4
TKT505150,2026-01-12,Phone,Account,Refund Delay,Negative,High,Pending,47.4,2.2
TKT500723,2026-01-12,Chat,Loans,Account Access,Positive,High,Pending,39.0,5.0
TKT505231,2026-01-12,Phone,Account,Refund Delay,Positive,Medium,Resolved,24.7,3.6
TKT508533,2026-01-12,Email,Mobile App,Refund Delay,Negative,High,Escalated,58.9,1.5
TKT508643,2026-01-13,Chat,Mobile App,Payment Failed,Negative,High,Pending,32.9,2.4
TKT503811,2026-01-13,Email,Cards,Account Access,Neutral,Medium,Pending,42.5,4.2
TKT511017,2026-01-13,Email,Loans,App Bug,Negative,High,Escalated,61.5,2.4
TKT508063,2026-01-13,Chat,Payments,Payment Failed,Positive,High,Resolved,23.5,4.3
TKT500577,2026-01-13,Chat,Cards,Card Issue,Negative,Low,Resolved,18.0,2.6
TKT509487,2026-01-13,Email,Cards,Payment Failed,Positive,Medium,Pending,39.9,5.0
TKT503854,2026-01-13,Chat,Loans,Loan Query,Negative,Medium,Resolved,21.1,2.7
TKT505154,2026-01-13,Social,Payments,Account Access,Negative,Low,Resolved,28.7,3.8
TKT510497,2026-01-13,Social,Account,Card Issue,Positive,Medium,Resolved,27.0,2.8
TKT500110,2026-01-13,Chat,Loans,Login Issue,Neutral,Low,Resolved,28.2,3.6
TKT510976,2026-01-13,Email,Payments,App Bug,Negative,High,Pending,38.6,2.4
TKT502863,2026-01-13,Chat,Cards,Payment Failed,Negative,High,Resolved,25.8,3.0
TKT510353,2026-01-13,Chat,Mobile App,Payment Failed,Negative,Medium,Resolved,23.2,2.0
TKT510561,2026-01-13,Chat,Mobile App,Loan Query,Neutral,Low,Resolved,21.4,3.5
TKT506072,2026-01-13,Phone,Payments,Payment Failed,Positive,High,Pending,36.7,3.1
TKT503163,2026-01-13,Email,Mobile App,Card Issue,Neutral,Medium,Pending,36.6,4.0
TKT505088,2026-01-13,Email,Loans,Refund Delay,Negative,Medium,Pending,31.1,2.1
TKT510180,2026-01-13,Chat,Payments,Payment Failed,Negative,Critical,Resolved,26.5,2.3
TKT505853,2026-01-14,Chat,Account,Card Issue,Neutral,High,Pending,30.8,4.5
TKT508660,2026-01-14,Phone,Payments,App Bug,Neutral,Medium,Pending,39.3,3.4
TKT504841,2026-01-14,Email,Mobile App,Account Access,Neutral,Medium,Pending,44.1,3.9
TKT501539,2026-01-14,Email,Payments,Refund Delay,Negative,High,Pending,46.2,2.4
TKT500374,2026-01-14,Phone,Mobile App,Account Access,Negative,High,Pending,36.6,2.3
TKT508560,2026-01-14,Phone,Payments,Refund Delay,Negative,Low,Resolved,26.8,1.9
TKT505486,2026-01-14,Phone,Payments,Login Issue,Neutral,Medium,Resolved,26.5,2.8
TKT510551,2026-01-14,Email,Mobile App,Account Access,Positive,High,Escalated,66.4,3.5
TKT509022,2026-01-14,Phone,Cards,Card Issue,Positive,Low,Resolved,25.2,3.1
TKT506167,2026-01-14,Email,Cards,Card Issue,Positive,Medium,Pending,36.6,3.5
TKT506249,2026-01-14,Phone,Cards,App Bug,Positive,High,Pending,30.4,4.4
TKT500547,2026-01-14,Chat,Account,Payment Failed,Positive,Medium,Resolved,26.5,4.0
TKT500620,2026-01-14,Chat,Loans,Login Issue,Negative,High,Pending,36.4,1.9
TKT508010,2026-01-14,Chat,Mobile App,App Bug,Negative,High,Pending,36.1,3.6
TKT501172,2026-01-14,Phone,Mobile App,Refund Delay,Positive,High,Pending,38.8,3.9
TKT501443,2026-01-14,Chat,Mobile App,Payment Failed,Negative,Medium,Resolved,21.3,2.1
TKT507754,2026-01-14,Email,Payments,Refund Delay,Positive,High,Pending,42.8,4.0
TKT503039,2026-01-14,Chat,Loans,App Bug,Neutral,Medium,Resolved,19.4,2.7
TKT503757,2026-01-14,Phone,Account,Account Access,Neutral,Medium,Pending,32.0,4.0
TKT506980,2026-01-14,Email,Cards,Loan Query,Positive,High,Pending,41.6,3.4
TKT503045,2026-01-14,Email,Payments,Account Access,Negative,Medium,Pending,37.5,2.1
TKT511712,2026-01-15,Email,Account,Card Issue,Neutral,Low,Pending,33.7,4.5
TKT507222,2026-01-15,Email,Payments,Login Issue,Negative,Medium,Pending,39.1,3.6
TKT507427,2026-01-15,Chat,Account,App Bug,Neutral,High,Pending,32.5,4.0
TKT510930,2026-01-15,Email,Mobile App,Login Issue,Negative,High,Pending,44.0,1.8
TKT508531,2026-01-15,Chat,Mobile App,Account Access,Neutral,Medium,Pending,36.8,3.1
TKT510074,2026-01-15,Phone,Cards,Loan Query,Neutral,Low,Pending,35.7,4.5
TKT510440,2026-01-15,Email,Account,Refund Delay,Negative,Medium,Pending,47.2,2.6
TKT506717,2026-01-15,Chat,Mobile App,App Bug,Positive,Low,Resolved,22.8,3.5
TKT511916,2026-01-15,Chat,Cards,Card Issue,Positive,High,Resolved,27.9,3.6
TKT509033,2026-01-15,Chat,Loans,Refund Delay,Neutral,Low,Resolved,15.3,2.9
TKT503373,2026-01-15,Email,Payments,Card Issue,Negative,Low,Escalated,60.7,1.8
TKT503049,2026-01-15,Social,Payments,Login Issue,Positive,Medium,Resolved,26.2,3.2
TKT500763,2026-01-15,Chat,Mobile App,Login Issue,Neutral,High,Pending,34.2,3.1
TKT511703,2026-01-15,Social,Payments,Login Issue,Neutral,Critical,Pending,51.8,3.7
TKT511736,2026-01-15,Phone,Payments,Login Issue,Negative,High,Pending,35.4,2.3
TKT506165,2026-01-15,Email,Mobile App,Account Access,Neutral,Medium,Pending,38.3,3.4
TKT511865,2026-01-15,Chat,Loans,Loan Query,Negative,Medium,Resolved,19.9,2.4
TKT506592,2026-01-15,Email,Mobile App,Refund Delay,Negative,Medium,Pending,35.5,2.5
TKT508785,2026-01-15,Phone,Mobile App,Account Access,Positive,Low,Pending,32.0,4.1
TKT505028,2026-01-15,Email,Loans,Account Access,Negative,High,Pending,41.2,2.3
TKT507112,2026-01-16,Chat,Mobile App,Refund Delay,Positive,High,Resolved,22.9,4.9
TKT511304,2026-01-16,Phone,Cards,Loan Query,Negative,Low,Pending,47.5,1.7
TKT503339,2026-01-16,Phone,Payments,Payment Failed,Positive,Critical,Pending,47.4,3.5
TKT505166,2026-01-16,Social,Loans,Account Access,Positive,Medium,Pending,30.7,3.7
TKT502020,2026-01-16,Phone,Cards,Refund Delay,Negative,Low,Resolved,20.9,1.6
TKT500493,2026-01-16,Chat,Cards,Loan Query,Neutral,High,Resolved,21.5,4.7
TKT511771,2026-01-16,Chat,Payments,App Bug,Negative,High,Resolved,23.8,3.3
TKT501998,2026-01-16,Email,Mobile App,Payment Failed,Negative,Medium,Pending,40.0,2.7
TKT501950,2026-01-16,Chat,Payments,Account Access,Negative,High,Pending,33.0,2.3
TKT511179,2026-01-16,Chat,Account,App Bug,Neutral,High,Pending,38.2,4.8
TKT511483,2026-01-16,Chat,Account,Login Issue,Negative,Medium,Resolved,29.9,3.0
TKT506886,2026-01-16,Chat,Mobile App,Loan Query,Neutral,Low,Pending,30.2,3.1
TKT506784,2026-01-16,Email,Loans,Card Issue,Neutral,Medium,Pending,43.0,3.3
TKT507864,2026-01-16,Phone,Cards,Refund Delay,Negative,High,Pending,37.1,2.0
TKT511739,2026-01-16,Chat,Mobile App,Login Issue,Negative,High,Resolved,26.7,2.7
TKT510107,2026-01-16,Email,Mobile App,App Bug,Neutral,Medium,Pending,40.5,4.2
TKT504274,2026-01-16,Phone,Payments,App Bug,Positive,Medium,Resolved,23.9,3.9
TKT500218,2026-01-16,Chat,Account,Account Access,Positive,High,Resolved,24.6,3.9
TKT511361,2026-01-16,Email,Mobile App,Card Issue,Positive,Critical,Pending,50.1,3.9
TKT504211,2026-01-17,Email,Loans,Payment Failed,Positive,Medium,Pending,36.7,3.9
TKT505559,2026-01-17,Email,Mobile App,Login Issue,Neutral,High,Pending,41.6,4.2
TKT510166,2026-01-17,Chat,Cards,Card Issue,Positive,Medium,Pending,42.3,3.3
TKT502394,2026-01-17,Chat,Mobile App,Account Access,Neutral,Low,Resolved,27.1,3.8
TKT504640,2026-01-17,Email,Account,App Bug,Negative,High,Pending,53.1,2.9
TKT506318,2026-01-17,Chat,Mobile App,Login Issue,Positive,Critical,Resolved,28.6,3.4
TKT502166,2026-01-17,Email,Account,Loan Query,Neutral,High,Pending,54.1,3.1
TKT509079,2026-01-17,Social,Mobile App,Loan Query,Positive,Low,Pending,43.8,3.4
TKT502191,2026-01-17,Chat,Payments,Payment Failed,Neutral,High,Resolved,28.7,1.9
TKT501666,2026-01-17,Chat,Payments,Account Access,Neutral,Medium,Resolved,23.3,3.9
TKT502497,2026-01-17,Email,Payments,Payment Failed,Negative,Critical,Pending,52.5,2.1
TKT502331,2026-01-17,Phone,Mobile App,Card Issue,Positive,Medium,Pending,38.0,3.4
TKT510687,2026-01-17,Email,Loans,Payment Failed,Negative,Critical,Escalated,68.9,1.6
TKT503690,2026-01-17,Chat,Cards,Payment Failed,Negative,Low,Resolved,24.2,3.6
TKT504388,2026-01-17,Chat,Mobile App,Loan Query,Negative,Medium,Resolved,23.3,2.8
TKT500410,2026-01-17,Social,Account,Loan Query,Neutral,Medium,Pending,36.2,5.0
TKT504261,2026-01-17,Chat,Mobile App,Payment Failed,Negative,Critical,Resolved,25.9,1.5
TKT509235,2026-01-17,Email,Mobile App,Payment Failed,Negative,High,Pending,48.3,1.7
TKT502241,2026-01-17,Phone,Payments,Card Issue,Negative,Low,Resolved,24.1,2.3
TKT501280,2026-01-17,Phone,Account,Card Issue,Neutral,Medium,Resolved,23.5,2.3
TKT508360,2026-01-17,Chat,Loans,Refund Delay,Positive,High,Resolved,25.0,4.3
TKT508968,2026-01-17,Phone,Payments,Login Issue,Positive,Medium,Pending,31.6,4.2
TKT509905,2026-01-18,Social,Payments,Payment Failed,Negative,High,Pending,41.1,3.0
TKT502163,2026-01-18,Phone,Account,Account Access,Positive,High,Pending,42.7,4.0
TKT504085,2026-01-18,Social,Account,App Bug,Neutral,Medium,Resolved,27.0,3.0
TKT505526,2026-01-18,Email,Mobile App,Card Issue,Neutral,High,Escalated,59.3,3.6
TKT503906,2026-01-18,Phone,Payments,Payment Failed,Positive,Low,Pending,30.3,2.6
TKT502150,2026-01-18,Chat,Cards,Login Issue,Negative,Medium,Resolved,24.6,3.0
TKT507730,2026-01-18,Chat,Mobile App,Payment Failed,Neutral,Low,Resolved,19.8,3.7
TKT500044,2026-01-18,Phone,Cards,Loan Query,Positive,Medium,Resolved,23.9,3.6
TKT507479,2026-01-18,Chat,Payments,Payment Failed,Neutral,Medium,Pending,45.3,3.7
TKT505315,2026-01-18,Chat,Payments,Loan Query,Positive,Low,Pending,31.3,4.5
TKT504209,2026-01-18,Chat,Payments,Card Issue,Positive,High,Resolved,23.9,4.2
TKT500714,2026-01-18,Social,Payments,Login Issue,Neutral,Medium,Resolved,24.2,3.8
TKT503647,2026-01-18,Chat,Cards,Login Issue,Positive,Medium,Resolved,17.3,3.4
TKT505338,2026-01-18,Chat,Mobile App,Card Issue,Positive,High,Pending,40.5,3.7
TKT508238,2026-01-18,Phone,Payments,Payment Failed,Negative,Medium,Pending,44.7,2.9
TKT501012,2026-01-18,Email,Mobile App,Card Issue,Negative,Low,Pending,43.9,3.1
TKT510494,2026-01-18,Social,Cards,Payment Failed,Neutral,Critical,Pending,50.6,3.6
TKT500408,2026-01-18,Email,Account,App Bug,Negative,Medium,Pending,36.5,3.8
TKT507646,2026-01-18,Phone,Account,App Bug,Positive,High,Pending,44.7,4.6
TKT506380,2026-01-18,Phone,Payments,Login Issue,Negative,Medium,Resolved,24.9,1.5
TKT506508,2026-01-18,Chat,Account,Account Access,Negative,High,Resolved,29.6,2.9
TKT503734,2026-01-18,Social,Payments,Refund Delay,Negative,High,Pending,40.5,3.0
TKT500158,2026-01-18,Chat,Cards,Card Issue,Negative,High,Resolved,21.0,3.4
TKT502299,2026-01-18,Chat,Payments,Refund Delay,Neutral,Medium,Resolved,13.7,3.6
TKT504279,2026-01-18,Email,Payments,Refund Delay,Neutral,Medium,Pending,36.2,3.8
TKT504867,2026-01-18,Chat,Account,Card Issue,Positive,Low,Resolved,13.4,3.6
TKT509580,2026-01-19,Social,Account,Payment Failed,Negative,Critical,Pending,44.4,2.0
TKT510912,2026-01-19,Email,Loans,Refund Delay,Neutral,Low,Pending,32.6,4.2
TKT508727,2026-01-19,Chat,Loans,Payment Failed,Negative,Critical,Pending,33.0,3.1
TKT505591,2026-01-19,Chat,Payments,Login Issue,Neutral,High,Resolved,27.8,3.4
TKT500355,2026-01-19,Chat,Payments,Account Access,Negative,Medium,Resolved,19.8,3.3
TKT500434,2026-01-19,Phone,Account,Refund Delay,Negative,High,Pending,30.0,2.1
TKT511906,2026-01-19,Social,Account,App Bug,Neutral,Low,Pending,34.4,3.2
TKT506258,2026-01-19,Social,Cards,Login Issue,Negative,Medium,Pending,52.2,3.5
TKT506185,2026-01-19,Social,Loans,Refund Delay,Negative,Critical,Pending,43.4,2.4
TKT501102,2026-01-19,Phone,Loans,Payment Failed,Negative,High,Resolved,27.6,2.2
TKT508371,2026-01-19,Chat,Mobile App,Payment Failed,Neutral,Critical,Resolved,26.4,4.1
TKT506243,2026-01-19,Email,Cards,Payment Failed,Negative,Low,Pending,32.2,2.5
TKT506122,2026-01-19,Phone,Account,Loan Query,Neutral,Medium,Pending,32.2,3.9
TKT500905,2026-01-19,Phone,Account,App Bug,Negative,High,Pending,39.7,1.2
TKT508551,2026-01-19,Phone,Account,Payment Failed,Negative,Low,Pending,32.7,2.7
TKT509475,2026-01-19,Email,Loans,Account Access,Negative,High,Pending,54.2,2.9
TKT511859,2026-01-19,Email,Cards,Loan Query,Negative,High,Pending,42.3,2.3
TKT510746,2026-01-19,Email,Account,Refund Delay,Neutral,Low,Pending,33.5,4.4
TKT508578,2026-01-19,Phone,Account,Payment Failed,Negative,Medium,Pending,38.2,2.9
TKT505986,2026-01-19,Email,Payments,Login Issue,Neutral,Low,Pending,48.3,3.5
TKT511760,2026-01-20,Chat,Mobile App,Account Access,Positive,High,Resolved,22.7,3.7
TKT509263,2026-01-20,Chat,Loans,Card Issue,Negative,High,Resolved,26.8,2.3
TKT507693,2026-01-20,Chat,Cards,Payment Failed,Positive,Critical,Pending,41.9,4.3
TKT506974,2026-01-20,Email,Payments,Account Access,Neutral,High,Pending,45.9,4.2
TKT511252,2026-01-20,Social,Payments,Loan Query,Negative,High,Pending,37.6,3.1
TKT504513,2026-01-20,Phone,Mobile App,Payment Failed,Neutral,Critical,Pending,54.1,3.8
TKT502007,2026-01-20,Chat,Mobile App,App Bug,Neutral,High,Pending,46.9,4.9
TKT505009,2026-01-20,Email,Payments,App Bug,Positive,Medium,Pending,44.7,4.4
TKT510580,2026-01-20,Email,Loans,Refund Delay,Neutral,Low,Pending,40.7,3.9
TKT503544,2026-01-20,Social,Account,Loan Query,Positive,High,Pending,39.7,3.3
TKT508144,2026-01-20,Chat,Loans,Login Issue,Neutral,High,Pending,42.4,3.4
TKT505141,2026-01-20,Phone,Mobile App,Account Access,Negative,High,Pending,51.7,2.6
TKT503656,2026-01-20,Chat,Payments,Refund Delay,Negative,High,Resolved,27.8,2.4
TKT510461,2026-01-20,Social,Payments,Refund Delay,Negative,Low,Pending,39.0,2.7
TKT509272,2026-01-20,Phone,Account,App Bug,Neutral,Medium,Pending,31.0,3.4
TKT502827,2026-01-20,Chat,Cards,Account Access,Neutral,Critical,Pending,33.7,4.2
TKT502908,2026-01-20,Email,Account,Login Issue,Negative,High,Pending,43.1,3.1
TKT509219,2026-01-20,Email,Mobile App,Loan Query,Neutral,Low,Pending,36.1,3.4
TKT500421,2026-01-20,Phone,Loans,Payment Failed,Neutral,Medium,Pending,32.9,5.0
TKT502347,2026-01-21,Chat,Payments,App Bug,Negative,Low,Resolved,15.0,2.5
TKT509774,2026-01-21,Chat,Cards,Loan Query,Neutral,High,Pending,31.6,4.2
TKT504122,2026-01-21,Social,Mobile App,Login Issue,Neutral,Medium,Resolved,24.1,3.2
TKT503433,2026-01-21,Phone,Account,App Bug,Positive,Low,Pending,36.4,4.1
TKT511842,2026-01-21,Chat,Payments,Account Access,Positive,Medium,Resolved,25.5,3.8
TKT511279,2026-01-21,Email,Account,Account Access,Positive,Medium,Escalated,56.8,2.8
TKT510632,2026-01-21,Chat,Account,Login Issue,Neutral,Low,Resolved,13.3,2.4
TKT500117,2026-01-21,Phone,Mobile App,Refund Delay,Negative,High,Resolved,28.5,2.8
TKT511603,2026-01-21,Social,Payments,Login Issue,Negative,High,Pending,47.1,2.6
TKT502671,2026-01-21,Email,Loans,Login Issue,Negative,High,Pending,39.0,1.9
TKT511188,2026-01-21,Email,Payments,Account Access,Positive,Medium,Pending,38.4,3.6
TKT509332,2026-01-21,Social,Account,Loan Query,Neutral,Low,Pending,36.2,3.1
TKT505365,2026-01-21,Social,Payments,App Bug,Neutral,Low,Resolved,25.0,3.3
TKT507015,2026-01-21,Email,Account,Login Issue,Neutral,High,Pending,47.9,4.6
TKT508762,2026-01-21,Social,Payments,Payment Failed,Positive,Medium,Resolved,27.2,3.7
TKT508273,2026-01-21,Chat,Payments,Payment Failed,Negative,Low,Resolved,18.2,2.2
TKT500435,2026-01-21,Social,Mobile App,Refund Delay,Negative,Low,Pending,37.1,1.1
TKT503844,2026-01-21,Phone,Mobile App,Loan Query,Positive,Medium,Pending,34.0,3.6
TKT504774,2026-01-21,Chat,Cards,Login Issue,Neutral,High,Resolved,26.3,3.6
TKT503258,2026-01-21,Chat,Payments,App Bug,Neutral,Medium,Resolved,28.2,3.0
TKT500527,2026-01-21,Social,Account,Card Issue,Positive,Medium,Resolved,23.2,3.8
TKT509467,2026-01-21,Email,Payments,Refund Delay,Positive,Medium,Pending,32.9,4.3
TKT504765,2026-01-21,Chat,Loans,Account Access,Positive,High,Pending,31.3,3.2
TKT510465,2026-01-21,Social,Payments,App Bug,Negative,High,Pending,36.0,1.4
TKT508736,2026-01-21,Phone,Loans,App Bug,Negative,High,Pending,30.2,2.3
TKT503018,2026-01-21,Chat,Cards,App Bug,Positive,Medium,Resolved,13.0,4.0
TKT508419,2026-01-22,Chat,Payments,Card Issue,Positive,Low,Resolved,14.1,4.3
TKT508517,2026-01-22,Chat,Cards,Login Issue,Negative,Low,Pending,31.5,2.5
TKT502209,2026-01-22,Social,Cards,Account Access,Neutral,High,Pending,35.0,5.0
TKT507568,2026-01-22,Email,Payments,Account Access,Positive,Medium,Pending,35.1,3.4
TKT504185,2026-01-22,Email,Account,Account Access,Positive,Low,Pending,35.3,3.5
TKT510443,2026-01-22,Chat,Mobile App,App Bug,Neutral,Medium,Resolved,27.8,4.4
TKT504634,2026-01-22,Email,Cards,Payment Failed,Negative,Medium,Pending,37.3,3.1
TKT511655,2026-01-22,Phone,Payments,Loan Query,Negative,High,Pending,52.3,2.6
TKT510227,2026-01-22,Social,Account,Payment Failed,Negative,High,Pending,36.9,3.8
TKT511960,2026-01-22,Email,Mobile App,Login Issue,Negative,High,Escalated,72.1,1.6
TKT508751,2026-01-22,Phone,Mobile App,Account Access,Positive,Medium,Resolved,20.8,4.0
TKT504963,2026-01-22,Chat,Payments,Card Issue,Positive,Medium,Resolved,23.2,3.5
TKT503358,2026-01-22,Social,Mobile App,Account Access,Neutral,Medium,Resolved,27.1,4.0
TKT501708,2026-01-22,Social,Mobile App,Card Issue,Positive,Medium,Resolved,25.9,3.7
TKT503379,2026-01-22,Chat,Mobile App,Loan Query,Negative,High,Pending,38.3,2.9
TKT506887,2026-01-22,Chat,Loans,Card Issue,Negative,High,Resolved,27.5,1.3
TKT503977,2026-01-22,Social,Cards,Card Issue,Positive,Low,Pending,33.8,4.6
TKT506455,2026-01-22,Chat,Mobile App,Loan Query,Positive,Medium,Resolved,18.1,3.6
TKT500124,2026-01-22,Email,Payments,Login Issue,Neutral,Medium,Pending,35.3,4.2
TKT508262,2026-01-22,Phone,Account,Card Issue,Negative,High,Pending,53.9,3.0
TKT500911,2026-01-22,Social,Account,Refund Delay,Neutral,High,Resolved,27.2,5.0
TKT508618,2026-01-22,Chat,Mobile App,Account Access,Positive,Low,Resolved,16.2,3.2
TKT507072,2026-01-22,Chat,Account,App Bug,Negative,Low,Resolved,22.1,2.6
TKT503741,2026-01-22,Chat,Cards,Loan Query,Positive,Medium,Resolved,18.3,5.0
TKT508713,2026-01-22,Phone,Mobile App,Payment Failed,Negative,Critical,Pending,46.2,2.9
TKT507263,2026-01-23,Social,Account,Card Issue,Positive,Medium,Pending,43.1,3.9
TKT506056,2026-01-23,Social,Cards,Account Access,Negative,High,Resolved,29.0,3.2
TKT508204,2026-01-23,Chat,Cards,Account Access,Neutral,Low,Pending,30.2,2.9
TKT509597,2026-01-23,Email,Loans,App Bug,Neutral,High,Escalated,64.7,3.3
TKT502156,2026-01-23,Email,Account,Payment Failed,Negative,High,Pending,39.0,2.8
TKT503098,2026-01-23,Email,Payments,Card Issue,Negative,High,Pending,49.9,1.7
TKT505728,2026-01-23,Phone,Account,App Bug,Negative,High,Pending,30.7,2.3
TKT511007,2026-01-23,Social,Payments,Loan Query,Negative,Low,Pending,31.4,2.4
TKT504583,2026-01-23,Phone,Account,Card Issue,Positive,High,Resolved,28.8,3.9
TKT505022,2026-01-23,Chat,Mobile App,Login Issue,Negative,Medium,Pending,33.0,2.5
TKT503556,2026-01-23,Email,Mobile App,Account Access,Positive,High,Pending,49.2,4.4
TKT504819,2026-01-23,Chat,Mobile App,Payment Failed,Negative,Medium,Resolved,13.4,2.2
TKT510810,2026-01-23,Chat,Payments,Payment Failed,Negative,Medium,Resolved,16.2,3.9
TKT508156,2026-01-23,Phone,Account,Payment Failed,Negative,Medium,Resolved,18.3,2.3
TKT507009,2026-01-23,Social,Cards,Account Access,Negative,High,Escalated,55.0,1.2
TKT510175,2026-01-23,Chat,Cards,Login Issue,Negative,Medium,Resolved,17.0,3.4
TKT506660,2026-01-23,Phone,Payments,Login Issue,Positive,Low,Pending,31.9,4.2
TKT500959,2026-01-23,Email,Loans,Refund Delay,Neutral,Medium,Pending,34.9,3.5
TKT501194,2026-01-23,Chat,Payments,Payment Failed,Neutral,High,Resolved,26.7,3.0
TKT502195,2026-01-23,Phone,Payments,Card Issue,Negative,Medium,Pending,30.0,3.2
TKT502905,2026-01-23,Email,Mobile App,Payment Failed,Negative,Low,Pending,45.6,2.2
TKT507551,2026-01-23,Chat,Mobile App,Account Access,Negative,Medium,Resolved,23.7,3.2
TKT505852,2026-01-23,Phone,Loans,Login Issue,Neutral,Low,Resolved,25.6,4.9
TKT500217,2026-01-23,Email,Mobile App,Payment Failed,Negative,Medium,Pending,47.4,2.8
TKT509977,2026-01-23,Email,Mobile App,Login Issue,Positive,High,Escalated,71.6,3.1
TKT507544,2026-01-23,Chat,Mobile App,Account Access,Positive,High,Resolved,26.6,4.7
TKT509153,2026-01-23,Chat,Mobile App,Loan Query,Neutral,Low,Resolved,18.9,3.2
TKT502851,2026-01-23,Chat,Loans,Card Issue,Positive,Low,Resolved,26.6,3.5
TKT509251,2026-01-24,Email,Mobile App,Payment Failed,Neutral,Medium,Pending,41.2,4.0
TKT500744,2026-01-24,Chat,Payments,Payment Failed,Neutral,Critical,Resolved,28.0,3.9
TKT508585,2026-01-24,Email,Account,Account Access,Positive,Critical,Escalated,62.8,2.7
TKT506762,2026-01-24,Social,Account,Card Issue,Neutral,High,Pending,40.3,4.3
TKT505099,2026-01-24,Chat,Cards,Login Issue,Neutral,Medium,Resolved,27.0,4.2
TKT509876,2026-01-24,Email,Cards,Account Access,Neutral,Medium,Pending,41.5,3.8
TKT506135,2026-01-24,Phone,Account,Account Access,Neutral,High,Pending,49.1,3.7
TKT502790,2026-01-24,Social,Mobile App,App Bug,Neutral,Low,Pending,31.0,3.5
TKT502307,2026-01-24,Social,Account,Login Issue,Negative,Medium,Pending,35.7,2.2
TKT511923,2026-01-24,Email,Loans,Refund Delay,Neutral,Medium,Pending,36.2,3.4
TKT507821,2026-01-24,Chat,Account,App Bug,Negative,Low,Resolved,24.4,2.5
TKT504560,2026-01-24,Social,Account,Refund Delay,Neutral,High,Pending,35.6,4.3
TKT508233,2026-01-24,Chat,Payments,Account Access,Positive,Critical,Pending,36.5,3.6
TKT501010,2026-01-24,Email,Account,Payment Failed,Neutral,Critical,Escalated,64.8,2.9
TKT503010,2026-01-24,Email,Mobile App,Account Access,Negative,Medium,Pending,34.8,2.6
TKT500119,2026-01-24,Email,Mobile App,Payment Failed,Positive,Medium,Pending,38.5,3.3
TKT506314,2026-01-24,Chat,Mobile App,Login Issue,Negative,Medium,Resolved,28.0,2.3
TKT500870,2026-01-24,Chat,Loans,Refund Delay,Negative,Medium,Resolved,23.6,3.2
TKT501911,2026-01-24,Social,Payments,Card Issue,Negative,High,Pending,34.9,2.8
TKT504056,2026-01-24,Email,Account,Refund Delay,Negative,High,Escalated,61.0,1.7
TKT500568,2026-01-25,Chat,Account,Login Issue,Neutral,Medium,Resolved,21.9,4.3
TKT506585,2026-01-25,Social,Cards,Card Issue,Negative,Medium,Resolved,27.0,2.1
TKT501474,2026-01-25,Phone,Account,Card Issue,Negative,High,Pending,39.3,2.2
TKT511715,2026-01-25,Chat,Account,Account Access,Negative,High,Pending,40.9,1.8
TKT502970,2026-01-25,Social,Payments,Card Issue,Positive,Medium,Resolved,25.4,4.0
TKT508672,2026-01-25,Social,Account,App Bug,Neutral,High,Pending,33.7,3.0
TKT500031,2026-01-25,Email,Account,Payment Failed,Neutral,Low,Pending,34.2,3.6
TKT510540,2026-01-25,Email,Cards,Login Issue,Negative,Medium,Pending,45.3,2.7
TKT504492,2026-01-25,Phone,Loans,Refund Delay,Positive,Critical,Pending,37.1,4.1
TKT509508,2026-01-25,Email,Cards,Login Issue,Neutral,Medium,Pending,34.7,3.9
TKT508328,2026-01-25,Chat,Mobile App,Account Access,Positive,Low,Pending,43.8,3.9
TKT502377,2026-01-25,Chat,Payments,Login Issue,Negative,High,Resolved,22.6,3.2
TKT510611,2026-01-25,Chat,Mobile App,Card Issue,Negative,High,Pending,36.5,1.7
TKT507709,2026-01-25,Chat,Account,Payment Failed,Negative,Critical,Pending,36.3,2.1
TKT502125,2026-01-25,Chat,Mobile App,Account Access,Neutral,Low,Resolved,19.0,4.1
TKT509025,2026-01-25,Phone,Mobile App,Account Access,Positive,Medium,Resolved,23.5,4.3
TKT506796,2026-01-25,Chat,Account,Login Issue,Neutral,Medium,Resolved,13.8,3.6
TKT501414,2026-01-25,Chat,Payments,App Bug,Positive,Critical,Pending,34.8,4.0
TKT505391,2026-01-25,Chat,Account,Login Issue,Neutral,Medium,Resolved,17.9,3.8
TKT502562,2026-01-25,Social,Account,Account Access,Neutral,Medium,Pending,31.6,3.8
TKT508472,2026-01-25,Email,Loans,Card Issue,Negative,Low,Pending,39.8,2.5
TKT507464,2026-01-25,Chat,Cards,Refund Delay,Positive,Low,Resolved,17.7,3.1
TKT500618,2026-01-25,Social,Cards,Payment Failed,Negative,Low,Resolved,26.1,2.9
TKT502987,2026-01-25,Chat,Loans,Refund Delay,Neutral,Low,Pending,34.3,4.2
TKT506697,2026-01-25,Phone,Account,Login Issue,Negative,Critical,Pending,43.3,3.9
TKT510206,2026-01-26,Chat,Account,Login Issue,Negative,High,Resolved,27.1,2.9
TKT504769,2026-01-26,Social,Mobile App,Refund Delay,Positive,Low,Resolved,25.7,3.0
TKT509747,2026-01-26,Social,Mobile App,Payment Failed,Negative,High,Pending,30.7,3.6
TKT508857,2026-01-26,Email,Loans,App Bug,Positive,High,Escalated,60.6,3.5
TKT509623,2026-01-26,Email,Payments,App Bug,Neutral,Medium,Pending,52.3,2.8
TKT507366,2026-01-26,Social,Payments,Payment Failed,Negative,High,Pending,33.1,2.7
TKT504535,2026-01-26,Chat,Payments,Loan Query,Neutral,Medium,Pending,39.1,3.2
TKT507146,2026-01-26,Phone,Account,Loan Query,Positive,High,Resolved,26.3,3.3
TKT509291,2026-01-26,Email,Mobile App,Card Issue,Negative,Medium,Pending,42.3,3.1
TKT511282,2026-01-26,Social,Payments,Login Issue,Positive,Medium,Resolved,23.6,4.4
TKT503768,2026-01-26,Phone,Mobile App,Payment Failed,Neutral,Medium,Pending,37.1,3.8
TKT509208,2026-01-26,Chat,Payments,Card Issue,Neutral,Low,Resolved,18.1,3.6
TKT504072,2026-01-26,Email,Loans,Loan Query,Neutral,High,Pending,44.1,3.7
TKT502653,2026-01-26,Chat,Payments,Payment Failed,Neutral,Low,Resolved,15.6,3.5
TKT506568,2026-01-26,Chat,Account,Account Access,Negative,High,Pending,37.4,3.5
TKT511520,2026-01-26,Phone,Payments,Card Issue,Positive,High,Pending,32.3,3.3
TKT506113,2026-01-26,Social,Account,App Bug,Negative,High,Pending,30.5,3.0
TKT511814,2026-01-26,Chat,Payments,App Bug,Negative,Medium,Resolved,24.9,1.6
TKT503719,2026-01-26,Phone,Mobile App,Card Issue,Negative,High,Pending,41.4,3.0
TKT510750,2026-01-26,Social,Loans,Card Issue,Positive,Medium,Resolved,24.0,3.3
TKT504610,2026-01-26,Chat,Loans,Payment Failed,Negative,Low,Resolved,17.7,2.9
TKT501087,2026-01-26,Phone,Payments,Refund Delay,Negative,High,Pending,40.6,2.6
TKT500556,2026-01-26,Phone,Mobile App,Refund Delay,Positive,Low,Resolved,28.9,4.9
TKT508684,2026-01-26,Chat,Loans,Account Access,Positive,Low,Resolved,25.2,3.2
TKT502948,2026-01-26,Phone,Cards,Login Issue,Negative,High,Resolved,28.7,2.2
TKT507081,2026-01-27,Phone,Account,App Bug,Negative,High,Pending,31.3,2.5
TKT509951,2026-01-27,Chat,Loans,Card Issue,Negative,Medium,Pending,34.7,1.7
TKT502433,2026-01-27,Email,Cards,Loan Query,Neutral,Low,Pending,48.9,5.0
TKT505424,2026-01-27,Email,Account,Payment Failed,Neutral,High,Pending,51.8,3.8
TKT500182,2026-01-27,Phone,Payments,Card Issue,Neutral,High,Pending,44.8,3.8
TKT502332,2026-01-27,Chat,Mobile App,App Bug,Negative,High,Resolved,21.4,2.9
TKT511967,2026-01-27,Phone,Mobile App,Login Issue,Neutral,Low,Resolved,26.8,3.7
TKT502979,2026-01-27,Chat,Payments,Account Access,Negative,Medium,Resolved,14.8,2.0
TKT503907,2026-01-27,Phone,Mobile App,Account Access,Negative,Medium,Resolved,29.7,2.1
TKT501657,2026-01-27,Chat,Loans,Payment Failed,Positive,High,Resolved,26.0,4.1
TKT504949,2026-01-27,Chat,Mobile App,Loan Query,Neutral,Low,Resolved,20.7,4.1
TKT511602,2026-01-27,Chat,Account,Card Issue,Positive,High,Resolved,27.9,3.8
TKT506546,2026-01-27,Email,Mobile App,Payment Failed,Neutral,Low,Pending,38.2,3.9
TKT502448,2026-01-27,Email,Mobile App,Login Issue,Negative,Medium,Pending,45.6,3.0
TKT506734,2026-01-27,Social,Account,Refund Delay,Neutral,High,Pending,34.4,3.6
TKT501907,2026-01-27,Email,Loans,Login Issue,Negative,High,Pending,39.5,2.9
TKT511667,2026-01-27,Phone,Mobile App,Payment Failed,Neutral,Medium,Pending,36.8,4.2
TKT503057,2026-01-27,Chat,Payments,Card Issue,Neutral,Medium,Resolved,27.7,3.7
TKT501047,2026-01-27,Social,Loans,App Bug,Neutral,High,Pending,35.3,4.3
TKT510655,2026-01-27,Email,Payments,Login Issue,Positive,High,Escalated,59.5,2.0
TKT506143,2026-01-28,Chat,Payments,Account Access,Neutral,Low,Resolved,21.6,4.0
TKT505757,2026-01-28,Phone,Loans,App Bug,Positive,Medium,Pending,42.8,4.2
TKT511376,2026-01-28,Phone,Mobile App,Refund Delay,Neutral,Low,Resolved,23.1,3.4
TKT506328,2026-01-28,Email,Payments,Loan Query,Neutral,Critical,Escalated,57.1,3.0
TKT510701,2026-01-28,Chat,Payments,Refund Delay,Positive,Medium,Resolved,23.5,4.4
TKT509164,2026-01-28,Social,Payments,Refund Delay,Negative,Medium,Pending,47.7,2.9
TKT504684,2026-01-28,Phone,Cards,App Bug,Positive,High,Pending,34.2,4.2
TKT503197,2026-01-28,Chat,Cards,Loan Query,Positive,Medium,Resolved,16.2,4.4
TKT507280,2026-01-28,Email,Loans,Login Issue,Negative,Medium,Pending,40.7,1.7
TKT509741,2026-01-28,Email,Payments,Refund Delay,Negative,High,Pending,44.2,2.0
TKT509816,2026-01-28,Email,Mobile App,Payment Failed,Negative,High,Pending,42.8,2.6
TKT510438,2026-01-28,Chat,Loans,Card Issue,Neutral,Medium,Resolved,18.8,3.6
TKT503692,2026-01-28,Social,Payments,Payment Failed,Neutral,High,Pending,30.6,4.2
TKT500069,2026-01-28,Email,Loans,Login Issue,Neutral,High,Pending,52.8,5.0
TKT502269,2026-01-28,Phone,Cards,Refund Delay,Neutral,Medium,Pending,32.5,4.3
TKT510201,2026-01-28,Phone,Loans,App Bug,Negative,Medium,Resolved,24.0,1.6
TKT502709,2026-01-28,Phone,Mobile App,Refund Delay,Neutral,Medium,Pending,37.6,3.5
TKT500466,2026-01-28,Phone,Payments,App Bug,Negative,High,Pending,32.7,2.1
TKT508887,2026-01-29,Email,Cards,Refund Delay,Negative,High,Pending,50.5,3.5
TKT509606,2026-01-29,Phone,Payments,Card Issue,Positive,Medium,Pending,34.9,3.7
TKT502279,2026-01-29,Chat,Mobile App,Payment Failed,Neutral,Low,Resolved,18.2,4.7
TKT501793,2026-01-29,Phone,Loans,Account Access,Negative,High,Pending,43.0,2.3
TKT509125,2026-01-29,Social,Cards,Account Access,Negative,High,Pending,37.7,3.2
TKT502088,2026-01-29,Chat,Payments,App Bug,Positive,Low,Resolved,29.6,4.1
TKT500676,2026-01-29,Chat,Account,Card Issue,Neutral,Low,Resolved,21.1,3.7
TKT503533,2026-01-29,Chat,Mobile App,Login Issue,Negative,Low,Resolved,18.8,2.3
TKT503845,2026-01-29,Phone,Account,Login Issue,Neutral,Low,Pending,36.0,3.9
TKT500666,2026-01-29,Chat,Account,Card Issue,Positive,Low,Resolved,24.1,3.5
TKT506779,2026-01-29,Phone,Account,App Bug,Negative,High,Pending,54.3,2.2
TKT511380,2026-01-29,Email,Mobile App,Loan Query,Neutral,High,Pending,45.8,4.0
TKT506927,2026-01-29,Phone,Payments,App Bug,Neutral,Low,Resolved,27.3,3.6
TKT503642,2026-01-29,Social,Account,Card Issue,Negative,High,Pending,36.8,1.9
TKT505822,2026-01-29,Chat,Loans,Account Access,Neutral,Low,Pending,31.0,3.6
TKT507530,2026-01-29,Email,Cards,Refund Delay,Negative,Low,Escalated,55.1,2.8
TKT511601,2026-01-29,Chat,Account,Login Issue,Negative,Medium,Pending,33.5,2.4
TKT503287,2026-01-29,Social,Cards,Account Access,Negative,Low,Resolved,25.9,2.7
TKT511301,2026-01-30,Chat,Account,Refund Delay,Neutral,High,Resolved,21.2,3.6
TKT509275,2026-01-30,Email,Mobile App,Loan Query,Neutral,Medium,Pending,44.8,3.6
TKT505517,2026-01-30,Email,Loans,Loan Query,Neutral,Medium,Pending,36.2,4.6
TKT511410,2026-01-30,Chat,Cards,Refund Delay,Positive,Medium,Resolved,19.3,3.3
TKT500004,2026-01-30,Chat,Account,Account Access,Positive,Medium,Resolved,25.8,3.9
TKT500403,2026-01-30,Email,Loans,Card Issue,Neutral,High,Pending,40.2,4.0
TKT511182,2026-01-30,Email,Payments,Payment Failed,Negative,High,Pending,41.8,1.7
TKT508162,2026-01-30,Phone,Mobile App,Loan Query,Positive,Low,Resolved,23.3,3.2
TKT501023,2026-01-30,Phone,Mobile App,Refund Delay,Neutral,High,Pending,32.9,4.3
TKT505564,2026-01-30,Email,Mobile App,Account Access,Neutral,High,Escalated,58.7,3.5
TKT511631,2026-01-30,Social,Mobile App,App Bug,Neutral,Critical,Pending,33.9,3.3
TKT508516,2026-01-30,Email,Payments,Card Issue,Negative,Medium,Pending,36.7,2.0
TKT505185,2026-01-30,Email,Mobile App,App Bug,Negative,High,Pending,52.5,2.7
TKT508704,2026-01-30,Email,Mobile App,Loan Query,Positive,Medium,Pending,51.8,4.3
TKT500321,2026-01-30,Chat,Payments,Card Issue,Neutral,Low,Resolved,13.5,3.5
TKT501985,2026-01-30,Chat,Mobile App,Card Issue,Negative,High,Resolved,24.7,3.4
TKT505789,2026-01-30,Chat,Mobile App,Login Issue,Positive,Medium,Resolved,29.3,3.5
TKT500849,2026-01-30,Email,Mobile App,Login Issue,Negative,Medium,Pending,32.6,2.6
TKT502481,2026-01-30,Chat,Payments,Login Issue,Positive,Low,Pending,30.3,4.0
TKT502835,2026-01-30,Chat,Account,Payment Failed,Neutral,Critical,Pending,31.1,4.0
TKT501530,2026-01-30,Social,Cards,Loan Query,Neutral,Medium,Resolved,29.8,3.9
TKT500509,2026-01-30,Chat,Account,App Bug,Neutral,Medium,Resolved,17.6,2.8
TKT507586,2026-01-30,Chat,Account,Refund Delay,Positive,Low,Resolved,16.2,3.9
TKT509728,2026-01-30,Phone,Payments,Login Issue,Neutral,Medium,Resolved,29.7,4.6
TKT500697,2026-01-31,Chat,Payments,Login Issue,Negative,Critical,Resolved,29.8,2.7
TKT509875,2026-01-31,Chat,Payments,Login Issue,Negative,High,Resolved,27.8,3.1
TKT508904,2026-01-31,Phone,Cards,App Bug,Negative,Critical,Pending,41.6,1.6
TKT501331,2026-01-31,Phone,Account,Payment Failed,Negative,Critical,Pending,32.1,2.6
TKT507975,2026-01-31,Social,Mobile App,App Bug,Neutral,Low,Pending,34.3,4.3
TKT500592,2026-01-31,Email,Loans,Account Access,Positive,High,Pending,47.1,3.4
TKT502455,2026-01-31,Social,Payments,Login Issue,Negative,High,Pending,35.7,2.2
TKT510158,2026-01-31,Email,Mobile App,Card Issue,Negative,Medium,Escalated,67.8,2.2
TKT501352,2026-01-31,Chat,Mobile App,Loan Query,Negative,High,Resolved,26.7,2.7
TKT503346,2026-01-31,Email,Loans,Refund Delay,Positive,Medium,Pending,40.4,3.9
TKT501396,2026-01-31,Social,Loans,Account Access,Negative,High,Escalated,55.6,1.7
TKT500800,2026-01-31,Email,Mobile App,Card Issue,Neutral,Medium,Pending,34.5,4.2
TKT507721,2026-01-31,Chat,Mobile App,Refund Delay,Positive,Medium,Resolved,29.3,4.5
TKT507701,2026-01-31,Social,Account,Loan Query,Positive,High,Pending,41.5,4.0
TKT501464,2026-01-31,Chat,Payments,Payment Failed,Negative,High,Resolved,23.2,2.9
TKT511825,2026-01-31,Chat,Mobile App,Payment Failed,Negative,Medium,Resolved,25.0,3.3
TKT502376,2026-01-31,Phone,Cards,Login Issue,Neutral,Low,Resolved,19.1,4.7
TKT502400,2026-01-31,Email,Cards,Card Issue,Neutral,Low,Pending,38.6,4.1
TKT500477,2026-01-31,Chat,Payments,Payment Failed,Negative,Low,Pending,32.2,2.3
TKT509613,2026-01-31,Chat,Cards,Refund Delay,Negative,High,Pending,36.1,2.1
TKT501442,2026-01-31,Phone,Loans,Account Access,Negative,Low,Resolved,21.0,2.3
TKT507988,2026-01-31,Phone,Account,Refund Delay,Positive,Medium,Resolved,25.7,3.2
TKT500877,2026-01-31,Chat,Mobile App,Payment Failed,Neutral,Medium,Resolved,16.4,3.7
TKT510749,2026-01-31,Phone,Account,Payment Failed,Positive,Critical,Pending,37.8,3.6
TKT507386,2026-01-31,Email,Cards,Loan Query,Neutral,High,Pending,52.1,3.2
TKT504428,2026-01-31,Social,Account,Login Issue,Positive,High,Pending,38.0,4.4
TKT509888,2026-02-01,Chat,Account,App Bug,Positive,High,Pending,35.3,3.8
TKT505739,2026-02-01,Phone,Cards,Card Issue,Negative,High,Pending,31.0,2.2
TKT510096,2026-02-01,Chat,Cards,App Bug,Negative,Critical,Resolved,29.2,2.9
TKT504276,2026-02-01,Social,Payments,Refund Delay,Positive,Low,Resolved,28.2,3.4
TKT510764,2026-02-01,Chat,Account,App Bug,Neutral,Low,Resolved,15.1,4.9
TKT505163,2026-02-01,Phone,Payments,Card Issue,Negative,High,Resolved,29.8,2.0
TKT500438,2026-02-01,Social,Account,Login Issue,Neutral,Medium,Resolved,23.5,4.5
TKT507592,2026-02-01,Chat,Payments,App Bug,Negative,Medium,Resolved,29.3,2.5
TKT510669,2026-02-01,Chat,Account,Account Access,Positive,Low,Resolved,22.6,2.9
TKT508774,2026-02-01,Phone,Cards,Payment Failed,Negative,High,Pending,45.8,2.6
TKT507571,2026-02-01,Social,Account,Card Issue,Negative,Medium,Resolved,22.5,3.0
TKT504267,2026-02-01,Email,Loans,Login Issue,Negative,Medium,Pending,40.2,2.1
TKT502272,2026-02-01,Chat,Cards,Loan Query,Negative,Low,Resolved,19.6,2.9
TKT510576,2026-02-01,Phone,Loans,Card Issue,Positive,Low,Resolved,22.4,4.7
TKT503092,2026-02-01,Chat,Account,Payment Failed,Negative,Low,Resolved,19.2,2.5
TKT501485,2026-02-01,Phone,Account,Login Issue,Negative,Medium,Pending,50.4,2.9
TKT501808,2026-02-01,Chat,Cards,App Bug,Neutral,High,Resolved,28.8,3.9
TKT511528,2026-02-01,Email,Cards,Login Issue,Positive,High,Pending,45.9,4.2
TKT500782,2026-02-01,Email,Loans,Login Issue,Negative,High,Pending,39.8,3.0
TKT506350,2026-02-01,Phone,Loans,Login Issue,Positive,High,Pending,32.2,2.9
TKT504922,2026-02-01,Email,Mobile App,Card Issue,Negative,Low,Pending,41.2,2.2
TKT509649,2026-02-01,Social,Mobile App,Refund Delay,Negative,High,Pending,54.4,2.8
TKT506123,2026-02-01,Phone,Mobile App,App Bug,Neutral,Medium,Pending,32.8,3.3
TKT506543,2026-02-01,Phone,Payments,Refund Delay,Positive,Critical,Pending,32.5,3.9
TKT501794,2026-02-02,Social,Payments,Login Issue,Negative,High,Pending,35.1,3.1
TKT507449,2026-02-02,Social,Payments,App Bug,Negative,Medium,Resolved,22.3,3.5
TKT504787,2026-02-02,Email,Loans,Payment Failed,Negative,High,Pending,44.5,3.1
TKT500259,2026-02-02,Phone,Mobile App,App Bug,Neutral,Medium,Pending,40.5,3.3
TKT509730,2026-02-02,Phone,Mobile App,Refund Delay,Positive,High,Resolved,28.1,4.2
TKT501620,2026-02-02,Email,Mobile App,Loan Query,Negative,High,Pending,42.7,2.8
TKT507605,2026-02-02,Social,Account,Payment Failed,Negative,Low,Resolved,27.7,2.2
TKT508719,2026-02-02,Phone,Account,App Bug,Negative,High,Pending,32.8,2.9
TKT506498,2026-02-02,Email,Payments,App Bug,Neutral,Low,Pending,48.5,4.2
TKT505255,2026-02-02,Chat,Payments,Payment Failed,Neutral,High,Resolved,24.6,3.2
TKT508978,2026-02-02,Email,Mobile App,Loan Query,Negative,High,Pending,53.2,2.2
TKT500673,2026-02-02,Chat,Account,App Bug,Neutral,Low,Resolved,20.7,3.1
TKT506598,2026-02-02,Email,Loans,Payment Failed,Negative,High,Pending,44.1,2.9
TKT511274,2026-02-02,Phone,Account,App Bug,Negative,Low,Resolved,24.2,3.1
TKT503281,2026-02-02,Email,Payments,Login Issue,Positive,Low,Pending,33.5,3.8
TKT511261,2026-02-02,Email,Account,Loan Query,Neutral,Medium,Pending,36.9,2.7
TKT510860,2026-02-03,Phone,Mobile App,Loan Query,Negative,Medium,Pending,30.2,1.9
TKT507157,2026-02-03,Email,Mobile App,Loan Query,Positive,Medium,Pending,46.8,4.7
TKT500369,2026-02-03,Chat,Mobile App,Payment Failed,Negative,Critical,Pending,40.6,2.7
TKT503400,2026-02-03,Email,Payments,Login Issue,Negative,Medium,Pending,45.9,2.3
TKT510874,2026-02-03,Chat,Cards,Card Issue,Neutral,Medium,Resolved,20.2,3.6
TKT505541,2026-02-03,Email,Payments,Login Issue,Negative,Medium,Escalated,57.6,1.8
TKT504540,2026-02-03,Chat,Payments,Payment Failed,Negative,High,Resolved,25.0,3.4
TKT505664,2026-02-03,Chat,Mobile App,Login Issue,Negative,Low,Resolved,20.1,2.5
TKT505821,2026-02-03,Phone,Account,Payment Failed,Positive,Low,Resolved,27.0,3.6
TKT507440,2026-02-03,Phone,Account,Card Issue,Negative,High,Pending,31.8,2.8
TKT508393,2026-02-03,Chat,Mobile App,Refund Delay,Positive,High,Resolved,24.0,4.6
TKT505784,2026-02-03,Chat,Payments,Loan Query,Neutral,Medium,Resolved,25.7,4.3
TKT503531,2026-02-03,Phone,Payments,App Bug,Neutral,Medium,Pending,35.4,3.9
TKT504079,2026-02-03,Email,Cards,Loan Query,Positive,Medium,Pending,40.3,4.1
TKT510542,2026-02-03,Phone,Mobile App,Card Issue,Negative,Low,Pending,35.4,3.2
TKT507618,2026-02-03,Email,Cards,Payment Failed,Neutral,Low,Pending,38.7,3.3
TKT507441,2026-02-03,Phone,Mobile App,Account Access,Positive,Critical,Pending,39.3,3.5
TKT510680,2026-02-03,Chat,Mobile App,App Bug,Neutral,Medium,Resolved,15.7,3.5
TKT505354,2026-02-03,Chat,Cards,Refund Delay,Negative,High,Resolved,25.8,2.3
TKT506235,2026-02-03,Email,Cards,Login Issue,Positive,Low,Pending,40.3,3.7
TKT509781,2026-02-03,Phone,Loans,Refund Delay,Neutral,High,Resolved,28.6,5.0
TKT510403,2026-02-04,Chat,Account,Loan Query,Positive,Medium,Resolved,23.5,3.8
TKT500764,2026-02-04,Email,Payments,Refund Delay,Negative,Low,Pending,43.7,2.1
TKT502897,2026-02-04,Chat,Account,Payment Failed,Neutral,High,Resolved,22.7,4.7
TKT507055,2026-02-04,Chat,Mobile App,Account Access,Negative,Low,Pending,30.3,2.8
TKT502756,2026-02-04,Chat,Cards,Loan Query,Neutral,High,Pending,34.2,5.0
TKT503627,2026-02-04,Phone,Account,Account Access,Positive,Medium,Pending,31.2,4.2
TKT507078,2026-02-04,Social,Payments,Payment Failed,Negative,Low,Pending,30.6,2.3
TKT506349,2026-02-04,Email,Payments,Refund Delay,Positive,Critical,Pending,51.5,3.5
TKT509279,2026-02-04,Chat,Loans,Payment Failed,Neutral,Medium,Resolved,27.9,3.4
TKT506137,2026-02-04,Chat,Cards,Account Access,Negative,Low,Pending,48.7,2.0
TKT501728,2026-02-04,Social,Payments,Login Issue,Negative,High,Pending,36.6,1.7
TKT511174,2026-02-04,Chat,Account,Card Issue,Negative,High,Resolved,29.4,2.8
TKT511530,2026-02-04,Chat,Mobile App,Card Issue,Negative,High,Pending,32.6,1.8
TKT509935,2026-02-04,Phone,Mobile App,App Bug,Neutral,Low,Pending,34.1,3.6
TKT507241,2026-02-04,Phone,Loans,Login Issue,Negative,Medium,Resolved,29.0,2.6
TKT503864,2026-02-04,Email,Cards,App Bug,Negative,High,Pending,38.3,3.0
TKT505763,2026-02-04,Social,Account,Card Issue,Neutral,High,Resolved,29.8,4.1
TKT501768,2026-02-04,Email,Payments,Account Access,Negative,Medium,Pending,47.2,2.7
TKT506891,2026-02-04,Phone,Payments,Payment Failed,Neutral,Critical,Pending,49.0,3.4
TKT505681,2026-02-04,Social,Account,Login Issue,Negative,High,Pending,42.2,1.4
TKT501264,2026-02-04,Phone,Mobile App,Login Issue,Positive,Medium,Pending,33.6,4.0
TKT511469,2026-02-04,Chat,Loans,Card Issue,Neutral,Medium,Resolved,17.1,3.5
TKT509468,2026-02-04,Chat,Cards,Payment Failed,Negative,High,Resolved,28.1,3.0
TKT509507,2026-02-04,Email,Mobile App,App Bug,Negative,High,Pending,40.1,3.1
TKT504521,2026-02-04,Phone,Mobile App,App Bug,Negative,High,Pending,32.3,3.2
TKT506515,2026-02-04,Phone,Account,Loan Query,Positive,High,Pending,35.4,4.0
TKT511384,2026-02-05,Chat,Loans,Payment Failed,Negative,Critical,Resolved,26.4,1.8
TKT509915,2026-02-05,Chat,Mobile App,Loan Query,Positive,High,Resolved,25.3,4.1
TKT502397,2026-02-05,Phone,Cards,Payment Failed,Negative,High,Pending,30.5,2.1
TKT505865,2026-02-05,Email,Loans,Payment Failed,Negative,Low,Pending,33.8,2.2
TKT510531,2026-02-05,Chat,Cards,App Bug,Neutral,Low,Resolved,19.1,3.9
TKT508386,2026-02-05,Phone,Cards,Login Issue,Positive,Medium,Resolved,28.3,4.3
TKT507916,2026-02-05,Chat,Payments,Loan Query,Negative,Medium,Resolved,26.4,2.0
TKT508173,2026-02-05,Email,Loans,Account Access,Negative,Low,Escalated,70.2,2.7
TKT508504,2026-02-05,Social,Account,Login Issue,Positive,Medium,Resolved,24.4,4.0
TKT509557,2026-02-05,Email,Loans,Login Issue,Negative,High,Pending,52.7,2.5
TKT500412,2026-02-05,Chat,Mobile App,Account Access,Positive,Low,Pending,40.6,5.0
TKT505831,2026-02-05,Social,Mobile App,Card Issue,Negative,High,Pending,36.9,1.3
TKT507859,2026-02-05,Email,Mobile App,Payment Failed,Neutral,Medium,Pending,33.0,3.9
TKT501613,2026-02-05,Phone,Loans,Refund Delay,Positive,High,Resolved,28.5,4.2
TKT507637,2026-02-05,Chat,Mobile App,Login Issue,Negative,Medium,Resolved,15.1,3.0
TKT507969,2026-02-05,Chat,Cards,Card Issue,Negative,Medium,Resolved,23.6,2.6
TKT504794,2026-02-05,Chat,Cards,App Bug,Negative,Low,Resolved,16.3,2.6
TKT511721,2026-02-05,Chat,Payments,Payment Failed,Positive,Low,Resolved,18.3,3.8
TKT510099,2026-02-05,Social,Payments,Payment Failed,Negative,High,Escalated,56.1,2.9
TKT506967,2026-02-05,Email,Account,Card Issue,Neutral,Critical,Pending,48.5,3.6
TKT501659,2026-02-05,Chat,Loans,Payment Failed,Neutral,Medium,Resolved,23.8,3.7
TKT501314,2026-02-05,Email,Payments,Login Issue,Negative,High,Pending,39.3,3.0
TKT500320,2026-02-05,Chat,Account,Card Issue,Positive,Low,Resolved,21.8,3.4
TKT508433,2026-02-05,Chat,Payments,Refund Delay,Negative,Critical,Resolved,26.5,2.0
TKT503008,2026-02-05,Chat,Account,App Bug,Neutral,Critical,Resolved,26.9,4.4
TKT503421,2026-02-05,Email,Cards,Card Issue,Negative,High,Pending,46.2,3.0
TKT509457,2026-02-06,Chat,Cards,App Bug,Negative,Medium,Resolved,22.0,2.2
TKT500437,2026-02-06,Social,Cards,Login Issue,Negative,High,Pending,35.4,2.7
TKT509416,2026-02-06,Chat,Mobile App,Payment Failed,Negative,Medium,Resolved,27.5,2.4
TKT506099,2026-02-06,Phone,Payments,Card Issue,Neutral,High,Resolved,26.9,4.1
TKT503960,2026-02-06,Email,Cards,Payment Failed,Negative,Critical,Pending,44.7,2.2
TKT511675,2026-02-06,Chat,Mobile App,Login Issue,Neutral,Medium,Resolved,15.6,4.1
TKT511210,2026-02-06,Phone,Cards,Payment Failed,Negative,Medium,Resolved,23.7,2.2
TKT507739,2026-02-06,Chat,Payments,Login Issue,Negative,Medium,Resolved,16.4,3.3
TKT501025,2026-02-06,Email,Loans,Loan Query,Positive,High,Escalated,55.9,3.5
TKT506875,2026-02-06,Email,Loans,Payment Failed,Negative,Low,Pending,46.8,3.3
TKT507562,2026-02-06,Social,Mobile App,Refund Delay,Negative,Medium,Pending,33.1,3.2
TKT509267,2026-02-06,Social,Mobile App,Login Issue,Negative,Medium,Resolved,27.9,3.0
TKT501697,2026-02-06,Chat,Mobile App,Refund Delay,Negative,Medium,Resolved,19.0,2.7
TKT500290,2026-02-06,Chat,Mobile App,App Bug,Negative,High,Escalated,60.6,1.6
TKT501036,2026-02-06,Email,Payments,Card Issue,Positive,Medium,Pending,41.1,3.8
TKT503247,2026-02-06,Phone,Cards,Card Issue,Negative,High,Resolved,27.9,2.7
TKT507025,2026-02-06,Phone,Mobile App,Refund Delay,Neutral,Critical,Pending,35.7,3.8
TKT510273,2026-02-07,Chat,Mobile App,Payment Failed,Negative,High,Resolved,25.1,3.2
TKT508157,2026-02-07,Social,Payments,App Bug,Negative,Medium,Pending,32.3,2.4
TKT500560,2026-02-07,Phone,Loans,Login Issue,Negative,High,Pending,30.3,2.4
TKT505713,2026-02-07,Email,Cards,Login Issue,Neutral,Medium,Pending,33.1,3.6
TKT500255,2026-02-07,Phone,Cards,Payment Failed,Positive,Critical,Pending,35.3,3.0
TKT506942,2026-02-07,Chat,Cards,Refund Delay,Negative,High,Pending,39.9,2.1
TKT508248,2026-02-07,Email,Mobile App,Payment Failed,Positive,Critical,Pending,52.3,3.0
TKT506406,2026-02-07,Social,Cards,Card Issue,Negative,High,Pending,54.6,2.2
TKT502478,2026-02-07,Phone,Payments,Card Issue,Neutral,Low,Pending,43.1,3.1
TKT502483,2026-02-07,Chat,Account,Login Issue,Neutral,Low,Resolved,28.8,3.3
TKT500820,2026-02-07,Phone,Cards,Login Issue,Negative,Medium,Resolved,23.5,2.7
TKT511646,2026-02-07,Email,Payments,Card Issue,Negative,High,Pending,50.9,2.5
TKT503535,2026-02-07,Email,Mobile App,Payment Failed,Positive,Medium,Pending,35.6,4.0
TKT506978,2026-02-07,Chat,Mobile App,Card Issue,Negative,Medium,Resolved,25.0,2.7
TKT508456,2026-02-07,Social,Cards,Login Issue,Negative,High,Resolved,28.2,2.7
TKT511818,2026-02-07,Phone,Account,Card Issue,Neutral,Low,Resolved,27.5,2.9
TKT501088,2026-02-07,Chat,Mobile App,Login Issue,Negative,Low,Resolved,28.0,2.4
TKT500822,2026-02-07,Phone,Payments,Login Issue,Positive,Medium,Pending,31.2,3.8
TKT505404,2026-02-07,Phone,Cards,Loan Query,Positive,Medium,Pending,39.7,4.4
TKT506070,2026-02-07,Social,Payments,Account Access,Negative,High,Pending,32.8,2.4
TKT511605,2026-02-07,Chat,Loans,Login Issue,Positive,High,Resolved,23.2,4.5
TKT503156,2026-02-07,Email,Account,Payment Failed,Negative,Low,Escalated,57.4,1.9
TKT502132,2026-02-08,Chat,Loans,Login Issue,Positive,Medium,Resolved,19.1,3.6
TKT511660,2026-02-08,Phone,Cards,Refund Delay,Neutral,High,Pending,38.5,4.7
TKT511372,2026-02-08,Chat,Account,Card Issue,Neutral,Medium,Resolved,15.7,4.3
TKT507985,2026-02-08,Email,Mobile App,Loan Query,Negative,Medium,Pending,32.6,2.6
TKT502447,2026-02-08,Phone,Cards,Account Access,Negative,Medium,Resolved,25.4,3.1
TKT511027,2026-02-08,Chat,Account,Loan Query,Negative,High,Resolved,27.2,3.2
TKT508035,2026-02-08,Social,Cards,Loan Query,Positive,Low,Pending,46.0,3.4
TKT507576,2026-02-08,Phone,Mobile App,Account Access,Negative,Medium,Pending,36.5,3.4
TKT511272,2026-02-08,Email,Account,Loan Query,Positive,Medium,Pending,39.5,3.7
TKT511827,2026-02-08,Social,Mobile App,Account Access,Positive,Low,Pending,50.5,2.8
TKT504614,2026-02-08,Phone,Mobile App,App Bug,Negative,Low,Pending,35.7,1.7
TKT508047,2026-02-08,Email,Account,App Bug,Positive,Low,Pending,39.6,3.6
TKT509824,2026-02-08,Chat,Cards,Account Access,Neutral,Medium,Pending,33.9,3.6
TKT502490,2026-02-08,Email,Cards,Payment Failed,Negative,High,Pending,48.4,2.2
TKT500748,2026-02-08,Phone,Loans,Login Issue,Positive,High,Pending,41.8,3.3
TKT504545,2026-02-08,Email,Cards,App Bug,Negative,Low,Pending,35.0,2.6
TKT508989,2026-02-08,Chat,Payments,Login Issue,Positive,High,Resolved,23.7,4.4
TKT509402,2026-02-08,Chat,Payments,Payment Failed,Neutral,High,Pending,39.3,3.9
TKT503033,2026-02-08,Chat,Loans,App Bug,Positive,Medium,Resolved,28.3,3.0
TKT500344,2026-02-08,Email,Cards,Loan Query,Negative,Low,Pending,34.6,2.5
TKT507929,2026-02-09,Chat,Payments,Account Access,Negative,Medium,Pending,38.6,2.1
TKT510628,2026-02-09,Chat,Payments,Payment Failed,Positive,Medium,Resolved,23.3,4.7
TKT508976,2026-02-09,Chat,Account,Card Issue,Negative,Medium,Pending,30.4,3.7
TKT504817,2026-02-09,Email,Mobile App,Loan Query,Neutral,High,Pending,45.1,3.5
TKT503552,2026-02-09,Social,Payments,App Bug,Neutral,Medium,Resolved,24.1,3.5
TKT507260,2026-02-09,Email,Mobile App,Card Issue,Negative,High,Pending,48.3,1.9
TKT510731,2026-02-09,Phone,Payments,Loan Query,Positive,High,Pending,36.5,4.3
TKT511026,2026-02-09,Email,Mobile App,Payment Failed,Positive,Critical,Escalated,87.1,3.3
TKT502233,2026-02-09,Email,Account,Payment Failed,Negative,High,Pending,47.9,2.2
TKT503448,2026-02-09,Email,Account,Refund Delay,Negative,Medium,Pending,46.0,3.3
TKT511240,2026-02-09,Chat,Loans,Loan Query,Positive,Medium,Pending,36.8,4.3
TKT502485,2026-02-09,Chat,Payments,Payment Failed,Positive,Medium,Resolved,23.5,3.2
TKT504958,2026-02-09,Email,Payments,Card Issue,Negative,High,Pending,43.9,3.2
TKT510887,2026-02-09,Email,Mobile App,Payment Failed,Negative,High,Pending,38.6,2.5
TKT510129,2026-02-10,Chat,Cards,Payment Failed,Negative,High,Resolved,23.0,2.8
TKT511783,2026-02-10,Email,Loans,Loan Query,Negative,High,Pending,41.2,2.3
TKT501623,2026-02-10,Phone,Mobile App,Payment Failed,Negative,High,Pending,43.6,1.8
TKT507911,2026-02-10,Phone,Mobile App,Card Issue,Negative,Critical,Pending,31.8,2.2
TKT506489,2026-02-10,Phone,Payments,Refund Delay,Negative,Medium,Resolved,28.4,4.1
TKT503624,2026-02-10,Email,Account,Refund Delay,Positive,High,Pending,44.4,4.0
TKT509570,2026-02-10,Chat,Mobile App,Payment Failed,Negative,Medium,Resolved,18.1,2.4
TKT508244,2026-02-10,Phone,Cards,Payment Failed,Negative,Medium,Resolved,26.9,2.8
TKT508219,2026-02-10,Phone,Payments,Card Issue,Neutral,Low,Pending,37.3,3.8
TKT502348,2026-02-10,Social,Account,Account Access,Positive,Low,Resolved,23.0,2.5
TKT510563,2026-02-10,Chat,Cards,Account Access,Neutral,Low,Resolved,18.3,2.5
TKT503832,2026-02-10,Chat,Account,Payment Failed,Negative,High,Resolved,24.1,4.1
TKT500831,2026-02-10,Phone,Account,Payment Failed,Neutral,Low,Resolved,21.3,3.4
TKT506125,2026-02-10,Chat,Payments,Login Issue,Positive,High,Pending,38.0,4.0
TKT506721,2026-02-10,Chat,Mobile App,App Bug,Neutral,Low,Resolved,29.6,3.9
TKT507715,2026-02-10,Chat,Mobile App,Refund Delay,Positive,Low,Pending,38.7,4.1
TKT510416,2026-02-10,Social,Mobile App,Card Issue,Positive,Critical,Pending,45.7,5.0
TKT505705,2026-02-10,Chat,Cards,Card Issue,Neutral,Critical,Resolved,27.2,4.2
TKT502473,2026-02-10,Email,Mobile App,Card Issue,Neutral,Medium,Pending,33.3,3.3
TKT508844,2026-02-10,Email,Mobile App,Login Issue,Neutral,Medium,Pending,36.4,4.3
TKT507527,2026-02-10,Phone,Loans,App Bug,Neutral,Medium,Pending,43.2,4.7
TKT511042,2026-02-10,Chat,Cards,Login Issue,Neutral,High,Pending,31.8,2.8
TKT501480,2026-02-10,Chat,Cards,Payment Failed,Neutral,Critical,Resolved,29.8,3.6
TKT507393,2026-02-10,Chat,Account,Loan Query,Neutral,High,Pending,31.6,3.6
TKT503696,2026-02-10,Email,Loans,Account Access,Negative,High,Pending,40.8,2.7
TKT502889,2026-02-11,Social,Payments,Login Issue,Neutral,Low,Resolved,28.4,4.1
TKT506500,2026-02-11,Email,Cards,Login Issue,Negative,High,Pending,42.3,2.6
TKT511455,2026-02-11,Phone,Account,Loan Query,Negative,Low,Pending,35.3,3.0
TKT501394,2026-02-11,Phone,Payments,App Bug,Negative,Low,Resolved,19.7,2.3
TKT511408,2026-02-11,Phone,Payments,Account Access,Negative,High,Pending,52.1,1.4
TKT500742,2026-02-11,Chat,Payments,Login Issue,Negative,High,Resolved,23.3,1.5
TKT507333,2026-02-11,Chat,Cards,Account Access,Positive,Low,Resolved,16.1,4.0
TKT509087,2026-02-11,Phone,Mobile App,Account Access,Positive,High,Pending,43.7,3.1
TKT502819,2026-02-11,Phone,Payments,Refund Delay,Negative,Medium,Pending,43.3,2.6
TKT507130,2026-02-11,Email,Cards,Login Issue,Positive,Medium,Pending,41.0,4.5
TKT501645,2026-02-11,Chat,Account,Login Issue,Neutral,Low,Resolved,20.1,4.3
TKT508691,2026-02-11,Social,Account,Payment Failed,Negative,High,Pending,38.6,3.0
TKT508059,2026-02-11,Phone,Account,Payment Failed,Positive,Critical,Pending,43.4,3.8
TKT500236,2026-02-11,Chat,Mobile App,Card Issue,Negative,High,Resolved,28.1,2.8
TKT508237,2026-02-11,Phone,Mobile App,Login Issue,Negative,High,Pending,36.7,2.3
TKT502441,2026-02-11,Phone,Mobile App,Card Issue,Neutral,Low,Resolved,23.0,3.3
TKT510643,2026-02-12,Chat,Mobile App,App Bug,Neutral,High,Resolved,27.6,3.7
TKT504639,2026-02-12,Email,Payments,Refund Delay,Negative,Critical,Escalated,63.7,1.0
TKT502232,2026-02-12,Chat,Mobile App,Refund Delay,Neutral,Medium,Resolved,13.0,4.3
TKT505934,2026-02-12,Email,Loans,Account Access,Negative,Medium,Pending,47.7,2.7
TKT506558,2026-02-12,Chat,Account,App Bug,Negative,Low,Pending,37.3,2.1
TKT507652,2026-02-12,Social,Mobile App,Card Issue,Neutral,Low,Pending,32.2,3.7
TKT504784,2026-02-12,Email,Payments,Payment Failed,Neutral,Critical,Pending,47.5,3.6
TKT505810,2026-02-12,Chat,Payments,App Bug,Neutral,Medium,Resolved,14.8,3.7
TKT510162,2026-02-12,Chat,Account,Loan Query,Positive,High,Resolved,25.5,3.9
TKT505887,2026-02-12,Chat,Payments,Card Issue,Negative,High,Pending,30.9,3.0
TKT509060,2026-02-12,Phone,Mobile App,Payment Failed,Positive,Medium,Resolved,26.3,3.7
TKT505143,2026-02-12,Email,Payments,Card Issue,Neutral,Medium,Escalated,63.4,3.3
TKT504317,2026-02-12,Phone,Payments,Login Issue,Negative,High,Resolved,29.3,2.7
TKT504424,2026-02-12,Social,Cards,Loan Query,Negative,High,Pending,43.1,1.9
TKT511740,2026-02-12,Email,Cards,Account Access,Negative,High,Pending,42.0,2.3
TKT504083,2026-02-12,Phone,Cards,Account Access,Neutral,High,Resolved,26.8,4.9
TKT511307,2026-02-12,Phone,Mobile App,Login Issue,Negative,High,Pending,44.8,2.9
TKT508000,2026-02-12,Phone,Account,Payment Failed,Negative,High,Pending,46.4,2.8
TKT503249,2026-02-12,Phone,Mobile App,Refund Delay,Neutral,Medium,Resolved,27.2,3.3
TKT501123,2026-02-12,Email,Cards,Card Issue,Positive,Medium,Pending,36.6,4.1
TKT507706,2026-02-12,Phone,Mobile App,Login Issue,Negative,Critical,Pending,34.7,2.8
TKT500901,2026-02-12,Email,Payments,Payment Failed,Negative,High,Pending,38.7,2.9
TKT511770,2026-02-12,Chat,Payments,Payment Failed,Neutral,Medium,Resolved,21.5,3.6
TKT502833,2026-02-12,Social,Cards,Card Issue,Negative,High,Pending,36.4,2.3
TKT503507,2026-02-12,Email,Account,Payment Failed,Positive,Medium,Pending,39.5,3.6
TKT502529,2026-02-13,Social,Mobile App,Loan Query,Negative,High,Pending,36.7,3.3
TKT507521,2026-02-13,Chat,Payments,Login Issue,Positive,Medium,Resolved,25.2,4.4
TKT507960,2026-02-13,Chat,Loans,Refund Delay,Neutral,High,Resolved,25.3,3.6
TKT507363,2026-02-13,Social,Payments,Loan Query,Negative,Critical,Pending,48.6,2.1
TKT510726,2026-02-13,Chat,Account,Card Issue,Neutral,Low,Resolved,15.4,4.1
TKT503799,2026-02-13,Chat,Account,Refund Delay,Negative,Critical,Pending,48.5,3.2
TKT510144,2026-02-13,Phone,Loans,Payment Failed,Negative,High,Pending,35.0,3.3
TKT507558,2026-02-13,Social,Mobile App,Login Issue,Negative,Critical,Pending,38.8,3.0
TKT503804,2026-02-13,Email,Cards,Loan Query,Neutral,Medium,Pending,34.2,4.4
TKT501072,2026-02-13,Phone,Payments,Payment Failed,Negative,High,Pending,45.8,2.4
TKT501291,2026-02-13,Chat,Mobile App,Payment Failed,Negative,Critical,Pending,45.5,2.4
TKT502844,2026-02-13,Chat,Cards,Payment Failed,Neutral,Critical,Resolved,27.7,4.1
TKT504146,2026-02-13,Phone,Cards,Login Issue,Negative,Medium,Resolved,28.6,2.8
TKT500535,2026-02-13,Email,Account,Login Issue,Negative,Medium,Pending,37.6,2.5
TKT506811,2026-02-13,Email,Mobile App,Card Issue,Neutral,Medium,Pending,36.2,4.2
TKT510287,2026-02-13,Phone,Account,Card Issue,Neutral,Low,Pending,34.1,4.1
TKT511719,2026-02-13,Email,Mobile App,Account Access,Neutral,Medium,Pending,40.6,4.0
TKT508582,2026-02-13,Social,Payments,Login Issue,Negative,High,Pending,32.4,2.2
TKT503887,2026-02-14,Chat,Mobile App,App Bug,Neutral,Medium,Resolved,24.5,3.2
TKT507751,2026-02-14,Chat,Mobile App,Login Issue,Negative,Medium,Resolved,18.8,3.1
TKT511743,2026-02-14,Email,Mobile App,Login Issue,Positive,Medium,Pending,32.1,4.0
TKT505553,2026-02-14,Chat,Payments,Login Issue,Negative,High,Resolved,20.5,2.5
TKT510980,2026-02-14,Chat,Mobile App,Payment Failed,Negative,Critical,Pending,36.8,3.1
TKT509312,2026-02-14,Email,Account,Card Issue,Negative,High,Pending,40.8,1.9
TKT500030,2026-02-14,Email,Mobile App,Account Access,Neutral,Low,Pending,40.5,4.5
TKT506778,2026-02-14,Email,Cards,Login Issue,Neutral,Medium,Pending,49.8,3.6
TKT509790,2026-02-14,Email,Payments,App Bug,Positive,High,Pending,43.5,1.9
TKT509434,2026-02-14,Social,Cards,Refund Delay,Negative,High,Pending,33.2,2.6
TKT509802,2026-02-14,Email,Cards,Refund Delay,Negative,High,Pending,46.8,2.8
TKT501448,2026-02-14,Phone,Mobile App,Loan Query,Neutral,Medium,Resolved,20.7,3.6
TKT507235,2026-02-14,Email,Mobile App,App Bug,Neutral,Low,Pending,33.4,3.2
TKT505357,2026-02-14,Chat,Loans,Payment Failed,Positive,Medium,Pending,38.0,4.3
TKT503029,2026-02-14,Chat,Cards,Payment Failed,Neutral,Medium,Resolved,15.9,3.0
TKT502320,2026-02-14,Social,Payments,Login Issue,Neutral,Medium,Resolved,29.4,4.0
TKT504918,2026-02-14,Social,Payments,Payment Failed,Negative,High,Pending,33.3,2.8
TKT504912,2026-02-14,Email,Mobile App,Refund Delay,Neutral,Critical,Pending,44.3,2.8
TKT508021,2026-02-14,Email,Account,Login Issue,Negative,High,Pending,38.6,2.1
TKT505604,2026-02-14,Chat,Payments,Payment Failed,Negative,High,Resolved,27.2,2.5
TKT506754,2026-02-15,Social,Payments,App Bug,Positive,Medium,Resolved,24.5,3.8
TKT507608,2026-02-15,Phone,Account,Card Issue,Positive,Low,Pending,31.9,4.5
TKT503453,2026-02-15,Phone,Cards,Card Issue,Positive,Medium,Resolved,28.1,3.6
TKT501856,2026-02-15,Chat,Loans,Refund Delay,Negative,High,Resolved,24.3,2.5
TKT501062,2026-02-15,Social,Payments,App Bug,Positive,Low,Resolved,26.3,4.0
TKT503268,2026-02-15,Chat,Payments,Login Issue,Negative,Medium,Resolved,28.7,2.8
TKT511482,2026-02-15,Chat,Payments,Loan Query,Neutral,Medium,Resolved,18.7,2.8
TKT509375,2026-02-15,Email,Loans,Payment Failed,Negative,Critical,Pending,46.5,3.6
TKT501740,2026-02-15,Phone,Mobile App,Account Access,Neutral,Medium,Resolved,27.5,4.4
TKT502934,2026-02-15,Chat,Mobile App,Refund Delay,Negative,High,Resolved,29.8,2.8
TKT500019,2026-02-15,Email,Mobile App,Refund Delay,Neutral,Medium,Pending,40.3,3.1
TKT508009,2026-02-15,Email,Cards,Account Access,Negative,Low,Pending,47.7,2.0
TKT510999,2026-02-15,Phone,Account,Payment Failed,Neutral,Critical,Pending,33.3,3.3
TKT502912,2026-02-15,Chat,Account,Refund Delay,Positive,High,Resolved,20.4,4.0
TKT511413,2026-02-15,Phone,Account,App Bug,Negative,Low,Resolved,25.2,2.2
TKT500450,2026-02-15,Phone,Cards,App Bug,Negative,High,Pending,36.3,2.9
TKT509099,2026-02-15,Chat,Payments,Login Issue,Negative,High,Resolved,22.8,2.8
TKT503202,2026-02-15,Phone,Mobile App,Payment Failed,Negative,Low,Resolved,25.3,2.7
TKT505063,2026-02-15,Chat,Payments,Payment Failed,Negative,Low,Resolved,15.1,1.7
TKT508996,2026-02-15,Chat,Mobile App,Refund Delay,Neutral,High,Resolved,22.1,3.5
TKT501746,2026-02-15,Phone,Loans,Refund Delay,Neutral,High,Pending,41.6,3.8
TKT506530,2026-02-15,Social,Account,Loan Query,Neutral,Medium,Pending,37.6,3.4
TKT501095,2026-02-15,Email,Payments,Account Access,Negative,Low,Pending,46.4,2.5
TKT502540,2026-02-15,Chat,Cards,Refund Delay,Negative,High,Resolved,25.6,2.1
TKT510458,2026-02-15,Chat,Payments,Login Issue,Neutral,High,Pending,32.1,2.2
TKT511887,2026-02-15,Chat,Payments,Login Issue,Positive,Low,Resolved,25.5,3.7
TKT505288,2026-02-16,Email,Mobile App,Refund Delay,Negative,Low,Pending,36.9,2.4
TKT508496,2026-02-16,Chat,Loans,Payment Failed,Negative,Medium,Resolved,22.0,2.8
TKT511308,2026-02-16,Phone,Mobile App,App Bug,Negative,Medium,Resolved,26.3,1.9
TKT504399,2026-02-16,Phone,Mobile App,Login Issue,Neutral,Medium,Resolved,23.1,4.1
TKT506087,2026-02-16,Email,Cards,Login Issue,Negative,High,Escalated,62.1,2.7
TKT511898,2026-02-16,Email,Cards,Refund Delay,Positive,High,Pending,49.8,3.5
TKT508345,2026-02-16,Social,Payments,App Bug,Negative,Medium,Resolved,24.5,2.5
TKT510971,2026-02-16,Social,Account,Payment Failed,Negative,High,Pending,48.8,2.4
TKT507446,2026-02-16,Chat,Payments,Payment Failed,Negative,Medium,Resolved,14.1,1.1
TKT508108,2026-02-16,Social,Payments,Card Issue,Positive,High,Pending,42.3,4.1
TKT509829,2026-02-16,Chat,Mobile App,Card Issue,Negative,High,Resolved,24.7,2.0
TKT509901,2026-02-16,Email,Payments,Card Issue,Positive,High,Pending,41.5,4.8
TKT504779,2026-02-16,Chat,Mobile App,App Bug,Negative,Low,Resolved,15.6,2.6
TKT507898,2026-02-16,Chat,Mobile App,Refund Delay,Negative,Low,Resolved,16.2,3.5
TKT511866,2026-02-16,Phone,Account,App Bug,Negative,High,Pending,31.1,3.0
TKT507599,2026-02-16,Phone,Cards,Payment Failed,Positive,Critical,Pending,42.1,4.1
TKT501964,2026-02-16,Email,Account,Payment Failed,Neutral,Low,Pending,35.2,4.0
TKT505140,2026-02-16,Email,Loans,Card Issue,Neutral,High,Pending,46.8,4.4
TKT506552,2026-02-16,Chat,Payments,Card Issue,Neutral,Medium,Resolved,25.4,4.3
TKT511326,2026-02-16,Social,Mobile App,Refund Delay,Negative,Low,Pending,36.7,1.8
TKT509498,2026-02-16,Email,Loans,Login Issue,Negative,High,Pending,50.3,3.0
TKT504148,2026-02-17,Email,Loans,Card Issue,Neutral,Medium,Pending,38.3,5.0
TKT506785,2026-02-17,Chat,Payments,Refund Delay,Neutral,Medium,Resolved,24.1,3.9
TKT500470,2026-02-17,Social,Account,Card Issue,Negative,Medium,Resolved,29.8,1.7
TKT509391,2026-02-17,Phone,Cards,Login Issue,Positive,Low,Resolved,25.9,4.0
TKT508112,2026-02-17,Email,Mobile App,Login Issue,Negative,High,Escalated,55.3,2.4
TKT508773,2026-02-17,Chat,Account,Card Issue,Positive,Low,Resolved,14.9,2.6
TKT511420,2026-02-17,Phone,Loans,Card Issue,Negative,High,Pending,49.6,2.2
TKT504262,2026-02-17,Social,Payments,Payment Failed,Negative,Critical,Pending,51.7,1.9
TKT500693,2026-02-17,Email,Account,Login Issue,Negative,High,Pending,44.1,3.3
TKT507330,2026-02-17,Social,Payments,App Bug,Negative,Low,Pending,31.6,2.7
TKT505179,2026-02-17,Chat,Account,Loan Query,Positive,Medium,Resolved,22.5,4.6
TKT508029,2026-02-17,Chat,Payments,Refund Delay,Positive,Medium,Resolved,23.1,4.9
TKT508034,2026-02-17,Phone,Payments,Loan Query,Positive,Medium,Resolved,29.3,4.0
TKT511830,2026-02-17,Phone,Cards,Loan Query,Positive,Medium,Pending,30.0,4.4
TKT509313,2026-02-17,Phone,Loans,Card Issue,Negative,Low,Pending,35.3,2.4
TKT500428,2026-02-17,Phone,Payments,Login Issue,Positive,High,Resolved,26.2,3.6
TKT503399,2026-02-17,Email,Mobile App,Loan Query,Positive,Medium,Pending,39.3,4.1
TKT507549,2026-02-17,Chat,Payments,Refund Delay,Negative,High,Pending,37.2,2.7
TKT500165,2026-02-17,Chat,Cards,Loan Query,Negative,Low,Resolved,22.9,3.3
TKT507158,2026-02-17,Social,Account,Loan Query,Neutral,High,Pending,40.5,3.4
TKT504969,2026-02-17,Email,Payments,Refund Delay,Negative,High,Escalated,57.2,1.0
TKT500948,2026-02-17,Phone,Mobile App,Payment Failed,Negative,High,Pending,30.3,2.8
TKT502779,2026-02-17,Phone,Mobile App,Account Access,Neutral,High,Pending,40.0,4.1
TKT503738,2026-02-18,Email,Loans,Login Issue,Negative,High,Pending,44.2,2.3
TKT507484,2026-02-18,Email,Account,Payment Failed,Positive,Critical,Escalated,57.6,3.6
TKT507310,2026-02-18,Chat,Loans,Account Access,Neutral,Low,Resolved,13.6,3.5
TKT504598,2026-02-18,Email,Account,Login Issue,Positive,Medium,Pending,41.5,4.1
TKT501763,2026-02-18,Email,Payments,Card Issue,Negative,Low,Pending,35.9,2.4
TKT507118,2026-02-18,Chat,Payments,Login Issue,Negative,High,Pending,42.9,2.7
TKT509896,2026-02-18,Social,Payments,Card Issue,Positive,Low,Resolved,27.8,4.1
TKT502558,2026-02-18,Email,Payments,App Bug,Neutral,Medium,Pending,51.6,2.9
TKT507541,2026-02-18,Phone,Account,Payment Failed,Negative,High,Pending,36.2,2.8
TKT504289,2026-02-18,Email,Loans,Card Issue,Negative,Low,Pending,39.5,2.7
TKT506731,2026-02-18,Phone,Payments,Payment Failed,Positive,Medium,Resolved,26.4,3.8
TKT506307,2026-02-18,Chat,Payments,Refund Delay,Neutral,Medium,Resolved,23.3,3.0
TKT511187,2026-02-18,Phone,Payments,Refund Delay,Negative,Low,Resolved,22.6,2.4
TKT506225,2026-02-18,Social,Payments,Loan Query,Negative,Medium,Pending,35.4,3.5
TKT503578,2026-02-18,Social,Mobile App,Card Issue,Positive,Low,Resolved,25.8,4.6
TKT511193,2026-02-18,Email,Cards,Payment Failed,Positive,Critical,Pending,43.7,3.7
TKT510292,2026-02-18,Social,Payments,Refund Delay,Positive,Medium,Resolved,28.7,3.3
TKT503469,2026-02-18,Chat,Payments,Login Issue,Positive,High,Pending,33.3,3.3
TKT510613,2026-02-18,Chat,Cards,App Bug,Neutral,Medium,Resolved,21.6,4.2
TKT511043,2026-02-18,Chat,Loans,App Bug,Negative,High,Pending,34.4,3.0
TKT509073,2026-02-18,Chat,Account,Refund Delay,Neutral,Low,Resolved,23.8,4.0
TKT508710,2026-02-18,Chat,Mobile App,Card Issue,Neutral,Medium,Resolved,15.8,3.6
TKT500850,2026-02-18,Chat,Payments,Payment Failed,Positive,Medium,Resolved,20.6,3.1
TKT506452,2026-02-18,Chat,Mobile App,Loan Query,Neutral,Low,Resolved,27.7,3.7
TKT503184,2026-02-18,Phone,Account,App Bug,Negative,High,Resolved,28.6,2.6
TKT503547,2026-02-18,Social,Mobile App,Account Access,Negative,High,Pending,50.2,1.8
TKT507219,2026-02-19,Email,Account,Login Issue,Positive,Low,Pending,48.7,4.0
TKT511340,2026-02-19,Email,Payments,Account Access,Neutral,Low,Pending,37.0,4.4
TKT505812,2026-02-19,Social,Loans,Login Issue,Negative,High,Pending,42.4,2.2
TKT500873,2026-02-19,Chat,Account,Card Issue,Neutral,High,Pending,44.7,3.8
TKT503006,2026-02-19,Phone,Loans,Loan Query,Negative,High,Pending,30.0,2.7
TKT501238,2026-02-19,Chat,Loans,Payment Failed,Positive,Critical,Pending,50.9,4.4
TKT505069,2026-02-19,Email,Mobile App,Card Issue,Negative,Medium,Pending,43.7,2.5
TKT503603,2026-02-19,Email,Loans,Payment Failed,Negative,High,Escalated,65.9,1.2
TKT503970,2026-02-19,Email,Cards,Payment Failed,Neutral,Medium,Pending,36.2,4.1
TKT508045,2026-02-19,Email,Loans,Refund Delay,Negative,High,Pending,42.2,2.4
TKT504329,2026-02-19,Social,Mobile App,Account Access,Negative,Critical,Pending,39.3,2.3
TKT509158,2026-02-19,Email,Account,Payment Failed,Negative,High,Escalated,59.3,1.9
TKT501533,2026-02-19,Phone,Payments,Payment Failed,Negative,Low,Resolved,27.5,3.0
TKT501726,2026-02-19,Chat,Cards,Payment Failed,Negative,Medium,Resolved,13.3,1.7
TKT500471,2026-02-19,Email,Account,Refund Delay,Neutral,Medium,Pending,36.3,3.8
TKT502649,2026-02-19,Phone,Loans,Loan Query,Neutral,Low,Resolved,21.4,4.2
TKT502275,2026-02-19,Email,Cards,Loan Query,Positive,High,Pending,41.7,4.2
TKT504525,2026-02-19,Social,Payments,Payment Failed,Negative,High,Pending,39.7,2.9
TKT509136,2026-02-19,Chat,Mobile App,Account Access,Positive,High,Resolved,27.0,4.0
TKT500116,2026-02-19,Email,Loans,Loan Query,Neutral,Low,Pending,44.4,3.3
TKT500071,2026-02-19,Phone,Cards,Account Access,Negative,High,Pending,38.4,2.4
TKT504979,2026-02-19,Chat,Mobile App,App Bug,Neutral,Medium,Resolved,17.7,3.4
TKT507770,2026-02-19,Email,Payments,App Bug,Positive,Low,Pending,37.7,4.1
TKT503477,2026-02-19,Chat,Payments,Refund Delay,Positive,Medium,Resolved,24.3,4.3
TKT502358,2026-02-20,Phone,Mobile App,Payment Failed,Negative,High,Pending,30.0,2.5
TKT500127,2026-02-20,Chat,Loans,Login Issue,Negative,High,Resolved,23.8,2.8
TKT510778,2026-02-20,Email,Account,App Bug,Negative,Medium,Pending,52.1,3.1
TKT502638,2026-02-20,Chat,Account,Login Issue,Negative,High,Pending,44.9,2.2
TKT508031,2026-02-20,Chat,Payments,App Bug,Negative,Low,Resolved,18.1,3.1
TKT511275,2026-02-20,Chat,Payments,Login Issue,Positive,Medium,Resolved,22.9,3.9
TKT501764,2026-02-20,Email,Account,Payment Failed,Negative,High,Escalated,60.7,2.1
TKT504557,2026-02-20,Social,Cards,Payment Failed,Negative,Critical,Pending,35.2,3.4
TKT507181,2026-02-20,Phone,Mobile App,App Bug,Negative,High,Pending,41.6,2.7
TKT508772,2026-02-20,Phone,Loans,Payment Failed,Negative,High,Pending,43.1,3.3
TKT509853,2026-02-20,Email,Payments,Payment Failed,Negative,Low,Pending,46.8,3.1
TKT501543,2026-02-20,Email,Mobile App,Refund Delay,Neutral,Critical,Escalated,55.9,3.6
TKT508397,2026-02-20,Phone,Mobile App,Refund Delay,Neutral,Low,Pending,34.2,3.4
TKT506648,2026-02-20,Phone,Loans,Payment Failed,Neutral,Low,Pending,41.6,2.9
TKT504577,2026-02-20,Phone,Account,Card Issue,Negative,Medium,Resolved,23.5,2.6
TKT505304,2026-02-20,Phone,Payments,App Bug,Negative,High,Resolved,28.7,2.4
TKT508550,2026-02-20,Email,Payments,Refund Delay,Neutral,Medium,Pending,52.7,4.3
TKT500600,2026-02-20,Social,Account,Refund Delay,Positive,Medium,Resolved,28.6,3.8
TKT510351,2026-02-20,Chat,Loans,Refund Delay,Negative,Low,Resolved,19.3,2.0
TKT509484,2026-02-20,Chat,Payments,Account Access,Negative,Medium,Resolved,25.5,3.0
TKT501492,2026-02-20,Chat,Cards,App Bug,Negative,Critical,Pending,32.7,2.0
TKT505801,2026-02-20,Social,Cards,App Bug,Negative,High,Pending,32.9,2.2
TKT505773,2026-02-20,Email,Payments,Refund Delay,Positive,High,Pending,46.1,3.0
TKT502434,2026-02-20,Social,Mobile App,Login Issue,Negative,Low,Resolved,25.5,2.6
TKT500521,2026-02-20,Social,Payments,App Bug,Negative,High,Pending,45.0,3.0
TKT511846,2026-02-20,Phone,Payments,Login Issue,Negative,High,Resolved,28.5,2.2
TKT501781,2026-02-20,Phone,Mobile App,Login Issue,Negative,Low,Pending,35.1,2.8
TKT506276,2026-02-21,Social,Payments,Loan Query,Positive,High,Pending,39.0,4.4
TKT500604,2026-02-21,Email,Mobile App,Loan Query,Positive,Medium,Pending,34.5,3.1
TKT501148,2026-02-21,Email,Payments,Payment Failed,Positive,Low,Pending,35.0,4.2
TKT500448,2026-02-21,Social,Loans,App Bug,Neutral,Medium,Resolved,22.2,4.2
TKT510318,2026-02-21,Email,Account,Payment Failed,Negative,Critical,Escalated,58.1,2.0
TKT501213,2026-02-21,Email,Account,Login Issue,Negative,Medium,Pending,43.8,2.7
TKT506377,2026-02-21,Social,Payments,Refund Delay,Negative,Low,Pending,32.1,1.4
TKT506078,2026-02-21,Social,Mobile App,Card Issue,Positive,Medium,Pending,34.3,4.7
TKT501664,2026-02-21,Chat,Mobile App,Payment Failed,Positive,Medium,Resolved,25.7,4.1
TKT510390,2026-02-21,Chat,Payments,Loan Query,Positive,High,Resolved,25.1,3.7
TKT502926,2026-02-21,Chat,Cards,Payment Failed,Neutral,High,Resolved,24.5,3.6
TKT507896,2026-02-21,Social,Loans,Refund Delay,Positive,High,Pending,39.9,3.5
TKT508870,2026-02-21,Email,Loans,Card Issue,Neutral,Low,Pending,42.9,3.1
TKT510567,2026-02-21,Email,Cards,App Bug,Positive,High,Pending,51.2,3.7
TKT504219,2026-02-21,Email,Mobile App,App Bug,Positive,Medium,Pending,38.8,3.2
TKT507826,2026-02-21,Phone,Loans,App Bug,Negative,High,Pending,34.9,1.8
TKT502647,2026-02-21,Phone,Mobile App,Card Issue,Neutral,Critical,Pending,37.5,3.2
TKT510610,2026-02-21,Social,Payments,Payment Failed,Neutral,High,Pending,40.7,3.1
TKT511885,2026-02-22,Email,Mobile App,Login Issue,Neutral,High,Escalated,58.1,3.5
TKT501155,2026-02-22,Phone,Loans,Loan Query,Neutral,High,Pending,34.9,2.9
TKT505823,2026-02-22,Email,Cards,Refund Delay,Positive,Medium,Pending,32.4,3.5
TKT505020,2026-02-22,Social,Mobile App,Login Issue,Negative,Low,Resolved,26.4,3.0
TKT510171,2026-02-22,Email,Account,Account Access,Positive,Medium,Pending,39.9,4.8
TKT505993,2026-02-22,Phone,Loans,Payment Failed,Positive,Critical,Pending,41.5,3.6
TKT509200,2026-02-22,Email,Mobile App,Loan Query,Negative,High,Pending,46.8,2.8
TKT500345,2026-02-22,Social,Cards,Loan Query,Positive,Medium,Pending,31.8,5.0
TKT506118,2026-02-22,Phone,Payments,Account Access,Neutral,Medium,Pending,33.8,4.2
TKT501244,2026-02-22,Email,Account,Refund Delay,Positive,Medium,Pending,34.3,3.7
TKT507173,2026-02-22,Chat,Mobile App,App Bug,Positive,High,Resolved,21.7,3.1
TKT500178,2026-02-22,Email,Payments,Loan Query,Negative,High,Pending,45.3,2.7
TKT507273,2026-02-22,Email,Mobile App,Refund Delay,Neutral,Low,Pending,31.4,4.0
TKT506031,2026-02-22,Phone,Payments,Card Issue,Neutral,Low,Pending,30.2,2.8
TKT508171,2026-02-22,Phone,Account,Card Issue,Negative,Critical,Pending,35.0,2.1
TKT504266,2026-02-22,Chat,Mobile App,Refund Delay,Positive,Medium,Resolved,17.7,3.5
TKT506587,2026-02-22,Phone,Account,Payment Failed,Positive,Low,Resolved,24.1,3.0
TKT503091,2026-02-22,Chat,Loans,Refund Delay,Negative,Medium,Resolved,16.7,2.8
TKT501594,2026-02-23,Email,Payments,Payment Failed,Neutral,Critical,Pending,45.9,3.9
TKT501444,2026-02-23,Phone,Mobile App,Card Issue,Positive,High,Resolved,28.6,4.4
TKT511068,2026-02-23,Chat,Account,Payment Failed,Negative,Medium,Pending,31.5,3.0
TKT502716,2026-02-23,Chat,Mobile App,Account Access,Positive,Critical,Pending,36.8,3.9
TKT507585,2026-02-23,Email,Payments,Login Issue,Positive,Medium,Pending,38.1,4.1
TKT511639,2026-02-23,Chat,Payments,Login Issue,Neutral,Medium,Resolved,20.0,3.5
TKT500490,2026-02-23,Email,Loans,Account Access,Neutral,Medium,Pending,34.0,3.1
TKT508729,2026-02-23,Phone,Account,Refund Delay,Negative,High,Resolved,26.0,2.3
TKT503147,2026-02-23,Chat,Payments,Account Access,Negative,High,Resolved,23.9,2.5
TKT501667,2026-02-23,Chat,Account,Refund Delay,Neutral,Medium,Pending,37.5,3.1
TKT505024,2026-02-23,Phone,Cards,Account Access,Neutral,Low,Pending,37.1,4.1
TKT509764,2026-02-23,Social,Account,Refund Delay,Positive,Medium,Pending,38.2,3.7
TKT500340,2026-02-23,Chat,Loans,Payment Failed,Positive,Medium,Resolved,21.4,3.6
TKT507337,2026-02-23,Phone,Payments,Loan Query,Neutral,Low,Escalated,70.0,3.2
TKT508342,2026-02-23,Chat,Payments,Loan Query,Positive,Medium,Resolved,20.7,3.9
TKT508164,2026-02-23,Phone,Account,App Bug,Positive,High,Pending,33.7,3.5
TKT506260,2026-02-23,Email,Cards,Refund Delay,Neutral,Medium,Pending,38.9,4.7
TKT507196,2026-02-23,Email,Payments,Loan Query,Positive,Medium,Pending,45.0,4.8
TKT507713,2026-02-23,Social,Account,Card Issue,Negative,High,Pending,32.1,2.9
TKT501451,2026-02-23,Phone,Mobile App,App Bug,Neutral,Medium,Resolved,28.8,4.0
TKT508540,2026-02-23,Email,Mobile App,Login Issue,Neutral,Medium,Pending,39.9,3.8
TKT507391,2026-02-23,Chat,Cards,Payment Failed,Negative,Low,Pending,33.4,2.9
TKT507640,2026-02-23,Chat,Account,Refund Delay,Neutral,Medium,Resolved,18.3,4.4
TKT504488,2026-02-24,Chat,Account,Loan Query,Positive,Medium,Resolved,13.2,2.7
TKT508537,2026-02-24,Email,Payments,App Bug,Positive,Medium,Pending,34.8,3.6
TKT506581,2026-02-24,Chat,Account,Refund Delay,Positive,Low,Resolved,27.6,4.0
TKT511186,2026-02-24,Email,Payments,Loan Query,Positive,High,Escalated,68.3,3.1
TKT502374,2026-02-24,Email,Mobile App,Refund Delay,Positive,Low,Pending,45.4,4.9
TKT502147,2026-02-24,Social,Mobile App,Refund Delay,Negative,Medium,Resolved,24.6,2.9
TKT507815,2026-02-24,Phone,Mobile App,Login Issue,Negative,High,Pending,35.3,3.1
TKT511913,2026-02-24,Chat,Cards,App Bug,Positive,Medium,Resolved,14.7,4.3
TKT501120,2026-02-24,Phone,Account,Loan Query,Neutral,Low,Pending,33.3,4.7
TKT500137,2026-02-24,Phone,Mobile App,App Bug,Negative,High,Pending,33.9,2.3
TKT506691,2026-02-24,Phone,Account,Login Issue,Negative,High,Pending,47.0,2.3
TKT500072,2026-02-24,Email,Payments,Payment Failed,Negative,Critical,Escalated,55.1,1.7
TKT509240,2026-02-24,Email,Cards,Card Issue,Positive,Low,Pending,34.2,5.0
TKT508335,2026-02-24,Email,Payments,App Bug,Negative,Medium,Pending,35.0,2.6
TKT509129,2026-02-24,Phone,Mobile App,Payment Failed,Negative,High,Pending,39.5,1.5
TKT508630,2026-02-24,Email,Payments,Payment Failed,Positive,High,Escalated,58.3,3.7
TKT510718,2026-02-24,Social,Cards,Refund Delay,Negative,Medium,Escalated,68.9,1.0
TKT506277,2026-02-24,Phone,Cards,Payment Failed,Neutral,Critical,Pending,36.4,2.8
TKT505142,2026-02-24,Email,Payments,Login Issue,Neutral,Medium,Pending,52.7,4.3
TKT507773,2026-02-24,Phone,Payments,Login Issue,Neutral,Low,Resolved,20.0,3.8
TKT503681,2026-02-24,Chat,Cards,Card Issue,Negative,Medium,Resolved,15.1,2.2
TKT510483,2026-02-24,Chat,Loans,Loan Query,Positive,High,Pending,37.0,4.2
TKT509362,2026-02-25,Chat,Payments,Payment Failed,Negative,High,Pending,32.1,2.6
TKT501775,2026-02-25,Social,Payments,Login Issue,Negative,High,Pending,38.9,2.6
TKT507781,2026-02-25,Chat,Mobile App,Payment Failed,Negative,High,Resolved,27.3,2.4
TKT511953,2026-02-25,Chat,Account,Loan Query,Positive,Medium,Resolved,27.8,3.7
TKT511066,2026-02-25,Email,Mobile App,Account Access,Negative,Medium,Pending,39.1,2.7
TKT508405,2026-02-25,Chat,Mobile App,App Bug,Neutral,Medium,Resolved,15.2,4.9
TKT500233,2026-02-25,Phone,Loans,Refund Delay,Negative,Medium,Resolved,24.2,2.6
TKT500598,2026-02-25,Chat,Mobile App,App Bug,Neutral,Medium,Resolved,26.8,2.9
TKT508260,2026-02-25,Chat,Loans,Loan Query,Positive,Medium,Resolved,24.5,3.6
TKT510366,2026-02-25,Phone,Account,Payment Failed,Negative,High,Pending,39.8,3.2
TKT509686,2026-02-25,Phone,Payments,Login Issue,Positive,High,Pending,43.6,3.8
TKT500391,2026-02-26,Phone,Mobile App,Payment Failed,Positive,High,Pending,42.4,3.9
TKT503613,2026-02-26,Chat,Mobile App,App Bug,Positive,High,Pending,31.4,3.5
TKT508590,2026-02-26,Social,Cards,Login Issue,Negative,High,Pending,39.5,1.6
TKT500057,2026-02-26,Email,Payments,Account Access,Negative,High,Pending,40.3,1.8
TKT511784,2026-02-26,Chat,Mobile App,Account Access,Positive,Medium,Resolved,26.1,3.0
TKT505145,2026-02-26,Chat,Account,Login Issue,Neutral,Low,Resolved,22.0,3.3
TKT506892,2026-02-26,Phone,Account,Refund Delay,Neutral,Low,Resolved,27.1,3.8
TKT506951,2026-02-26,Email,Payments,Refund Delay,Neutral,Medium,Pending,32.6,3.7
TKT501755,2026-02-26,Email,Payments,Loan Query,Positive,Medium,Pending,40.8,3.8
TKT501972,2026-02-26,Chat,Account,Payment Failed,Negative,Medium,Resolved,24.1,2.7
TKT508272,2026-02-26,Chat,Payments,Refund Delay,Positive,Medium,Resolved,28.9,4.2
TKT503431,2026-02-26,Phone,Mobile App,Card Issue,Negative,Medium,Resolved,28.1,3.4
TKT502180,2026-02-26,Chat,Mobile App,Payment Failed,Negative,Critical,Pending,34.9,1.9
TKT510179,2026-02-26,Chat,Payments,Loan Query,Positive,High,Resolved,28.5,3.1
TKT511157,2026-02-26,Phone,Cards,Payment Failed,Positive,Critical,Pending,36.5,3.5
TKT500894,2026-02-26,Chat,Mobile App,Payment Failed,Neutral,High,Resolved,28.8,3.3
TKT507274,2026-02-26,Chat,Loans,App Bug,Positive,Medium,Resolved,16.4,3.4
TKT510435,2026-02-26,Social,Payments,Login Issue,Negative,Low,Resolved,25.2,3.1
TKT505199,2026-02-26,Email,Payments,Login Issue,Negative,Medium,Pending,40.1,2.4
TKT508017,2026-02-26,Email,Payments,Loan Query,Neutral,High,Escalated,59.3,3.4
TKT510581,2026-02-26,Social,Mobile App,Card Issue,Negative,Medium,Resolved,24.0,2.6
TKT503667,2026-02-26,Social,Payments,Card Issue,Negative,Medium,Pending,31.7,3.2
TKT507862,2026-02-27,Email,Loans,Login Issue,Negative,High,Pending,41.2,2.4
TKT506197,2026-02-27,Phone,Mobile App,Card Issue,Negative,High,Resolved,29.7,2.5
TKT511840,2026-02-27,Chat,Payments,Payment Failed,Positive,Critical,Resolved,26.6,3.0
TKT511714,2026-02-27,Chat,Account,Refund Delay,Neutral,Medium,Resolved,29.3,3.3
TKT504161,2026-02-27,Chat,Mobile App,Login Issue,Positive,Medium,Resolved,24.5,4.4
TKT503594,2026-02-27,Email,Loans,Login Issue,Neutral,Low,Pending,34.5,2.8
TKT510121,2026-02-27,Chat,Payments,App Bug,Negative,Medium,Resolved,14.7,3.7
TKT510095,2026-02-27,Email,Account,Login Issue,Positive,Medium,Pending,43.8,3.3
TKT501595,2026-02-27,Chat,Payments,Card Issue,Positive,Medium,Pending,34.3,4.1
TKT503211,2026-02-27,Chat,Cards,Refund Delay,Positive,Medium,Resolved,24.5,4.4
TKT501863,2026-02-27,Chat,Cards,Card Issue,Neutral,High,Pending,32.4,2.8
TKT503626,2026-02-27,Phone,Cards,Card Issue,Positive,High,Pending,36.2,3.0
TKT503105,2026-02-27,Chat,Cards,Login Issue,Negative,Low,Resolved,25.0,3.0
TKT502363,2026-02-27,Email,Cards,Refund Delay,Negative,High,Escalated,59.8,1.9
TKT504014,2026-02-27,Social,Account,Loan Query,Neutral,High,Pending,30.9,3.8
TKT511823,2026-02-27,Email,Mobile App,Login Issue,Negative,High,Escalated,59.2,1.9
TKT511926,2026-02-27,Social,Cards,Account Access,Neutral,High,Pending,43.1,3.3
TKT502797,2026-02-27,Social,Mobile App,Card Issue,Negative,Medium,Escalated,56.2,1.1
TKT505177,2026-02-27,Chat,Mobile App,Account Access,Neutral,Low,Resolved,21.1,3.5
TKT510380,2026-02-27,Chat,Cards,Account Access,Positive,Low,Pending,39.6,4.0
TKT505041,2026-02-28,Chat,Account,Loan Query,Negative,High,Resolved,25.1,2.7
TKT509285,2026-02-28,Social,Mobile App,Login Issue,Negative,High,Pending,34.7,2.2
TKT501723,2026-02-28,Phone,Cards,Refund Delay,Negative,High,Pending,36.8,1.6
TKT502140,2026-02-28,Phone,Payments,Payment Failed,Positive,Critical,Pending,37.8,4.4
TKT503501,2026-02-28,Chat,Mobile App,Card Issue,Negative,Medium,Resolved,14.0,3.0
TKT501135,2026-02-28,Phone,Payments,Login Issue,Negative,Medium,Pending,41.2,2.8
TKT501446,2026-02-28,Phone,Payments,Refund Delay,Negative,High,Pending,31.1,2.5
TKT503292,2026-02-28,Email,Account,Refund Delay,Positive,High,Pending,44.0,3.3
TKT503956,2026-02-28,Chat,Payments,Refund Delay,Negative,High,Pending,31.1,2.1
TKT502721,2026-02-28,Chat,Cards,Account Access,Neutral,High,Resolved,29.7,4.3
TKT500670,2026-02-28,Chat,Payments,Refund Delay,Positive,Medium,Resolved,24.9,4.6
TKT503175,2026-02-28,Chat,Loans,Card Issue,Positive,Medium,Resolved,16.1,4.7
TKT503746,2026-02-28,Phone,Payments,Login Issue,Neutral,Medium,Pending,39.7,3.4
TKT505770,2026-02-28,Phone,Mobile App,Login Issue,Negative,High,Pending,30.4,2.9
TKT511101,2026-02-28,Phone,Payments,Loan Query,Neutral,High,Pending,38.7,3.5
TKT502798,2026-02-28,Chat,Loans,Login Issue,Positive,Critical,Resolved,28.5,4.2
TKT502453,2026-02-28,Chat,Cards,Account Access,Neutral,Medium,Pending,32.6,3.8
TKT509616,2026-02-28,Chat,Account,Card Issue,Neutral,Low,Resolved,20.9,3.6
TKT500239,2026-03-01,Chat,Payments,Card Issue,Neutral,Medium,Resolved,17.9,3.7
TKT504699,2026-03-01,Phone,Mobile App,Account Access,Positive,Low,Pending,30.1,4.5
TKT510098,2026-03-01,Social,Loans,Login Issue,Positive,High,Pending,35.2,4.2
TKT510101,2026-03-01,Email,Cards,Refund Delay,Negative,High,Pending,37.4,4.1
TKT500053,2026-03-01,Email,Loans,Refund Delay,Negative,High,Pending,54.0,3.0
TKT504197,2026-03-01,Chat,Cards,Login Issue,Positive,High,Resolved,27.8,3.5
TKT511124,2026-03-01,Chat,Loans,Account Access,Neutral,High,Pending,40.4,4.0
TKT505128,2026-03-01,Phone,Mobile App,Loan Query,Neutral,High,Escalated,55.0,3.0
TKT510970,2026-03-01,Chat,Payments,Payment Failed,Negative,Low,Pending,32.5,3.3
TKT504728,2026-03-01,Phone,Loans,App Bug,Negative,Low,Pending,34.2,3.1
TKT506564,2026-03-01,Email,Mobile App,Loan Query,Negative,Critical,Escalated,63.2,2.5
TKT501924,2026-03-01,Phone,Account,Refund Delay,Negative,Medium,Pending,34.4,2.8
TKT511241,2026-03-01,Social,Account,Card Issue,Neutral,Medium,Pending,32.3,3.5
TKT500605,2026-03-01,Chat,Payments,Payment Failed,Neutral,Medium,Resolved,19.2,3.2
TKT511363,2026-03-01,Chat,Payments,Login Issue,Positive,Medium,Pending,32.5,4.1
TKT511700,2026-03-01,Phone,Payments,Login Issue,Negative,Medium,Pending,32.1,2.0
TKT508359,2026-03-01,Social,Account,Loan Query,Negative,Medium,Pending,36.5,2.5
TKT508189,2026-03-02,Phone,Cards,App Bug,Neutral,Medium,Pending,39.5,3.5
TKT503303,2026-03-02,Phone,Account,App Bug,Neutral,High,Resolved,29.8,4.0
TKT506855,2026-03-02,Chat,Cards,App Bug,Positive,Low,Resolved,16.6,3.9
TKT506667,2026-03-02,Chat,Mobile App,Account Access,Negative,High,Pending,41.3,3.1
TKT505902,2026-03-02,Chat,Account,Loan Query,Neutral,Medium,Resolved,22.8,4.1
TKT502885,2026-03-02,Email,Payments,App Bug,Negative,High,Pending,43.2,2.8
TKT510009,2026-03-02,Email,Payments,Payment Failed,Positive,Low,Pending,37.0,4.4
TKT504387,2026-03-02,Phone,Payments,Card Issue,Negative,Medium,Pending,32.4,2.8
TKT510529,2026-03-02,Email,Mobile App,Card Issue,Positive,Critical,Pending,46.8,3.6
TKT503482,2026-03-02,Social,Account,Refund Delay,Negative,High,Pending,33.2,2.2
TKT506930,2026-03-02,Social,Payments,Payment Failed,Neutral,Medium,Resolved,23.8,4.0
TKT503021,2026-03-02,Phone,Loans,Payment Failed,Negative,Medium,Resolved,24.8,1.7
TKT508842,2026-03-02,Phone,Mobile App,Login Issue,Positive,Medium,Pending,36.6,4.8
TKT506899,2026-03-02,Email,Mobile App,Login Issue,Positive,Medium,Pending,33.6,4.2
TKT508798,2026-03-02,Chat,Mobile App,App Bug,Positive,Low,Pending,36.8,3.0
TKT501976,2026-03-02,Social,Account,App Bug,Positive,Low,Pending,30.8,3.5
TKT504722,2026-03-02,Chat,Mobile App,Payment Failed,Negative,Critical,Pending,33.1,2.5
TKT505609,2026-03-02,Email,Mobile App,Refund Delay,Negative,Medium,Pending,37.4,2.6
TKT511385,2026-03-02,Phone,Account,Loan Query,Neutral,Low,Resolved,24.6,3.2
TKT500214,2026-03-03,Phone,Loans,App Bug,Negative,Medium,Resolved,20.1,1.4
TKT506069,2026-03-03,Social,Payments,Payment Failed,Neutral,Low,Resolved,21.7,3.9
TKT500552,2026-03-03,Phone,Loans,Payment Failed,Negative,Low,Resolved,27.4,2.4
TKT509776,2026-03-03,Chat,Payments,Payment Failed,Negative,Medium,Pending,33.1,2.9
TKT505678,2026-03-03,Email,Account,Payment Failed,Negative,High,Pending,46.3,3.4
TKT511758,2026-03-03,Social,Payments,Card Issue,Negative,High,Pending,32.0,2.6
TKT510004,2026-03-03,Phone,Payments,Payment Failed,Negative,High,Pending,41.0,2.1
TKT500774,2026-03-03,Phone,Cards,Login Issue,Neutral,Medium,Resolved,20.8,4.2
TKT503909,2026-03-03,Phone,Cards,Payment Failed,Positive,Low,Resolved,20.0,4.0
TKT508720,2026-03-03,Social,Cards,Card Issue,Negative,Medium,Pending,30.8,2.4
TKT508427,2026-03-03,Chat,Account,Account Access,Positive,Low,Pending,31.0,3.4
TKT501774,2026-03-03,Chat,Loans,Card Issue,Neutral,Medium,Resolved,17.5,3.2
TKT507980,2026-03-03,Chat,Payments,Account Access,Neutral,High,Resolved,21.5,3.4
TKT508301,2026-03-03,Chat,Payments,Payment Failed,Negative,High,Resolved,22.5,2.2
TKT502543,2026-03-03,Social,Cards,Refund Delay,Positive,Low,Pending,32.3,3.6
TKT500962,2026-03-03,Social,Mobile App,Card Issue,Positive,Low,Pending,36.7,3.9
TKT501315,2026-03-03,Chat,Cards,Refund Delay,Negative,High,Pending,31.6,2.7
TKT504630,2026-03-03,Email,Account,Payment Failed,Negative,High,Escalated,56.4,2.7
TKT508309,2026-03-03,Phone,Mobile App,Login Issue,Negative,High,Pending,36.9,3.3
TKT508682,2026-03-03,Chat,Mobile App,Payment Failed,Negative,Critical,Resolved,27.1,1.5
TKT508826,2026-03-03,Chat,Mobile App,Login Issue,Neutral,Low,Resolved,19.6,3.3
TKT507539,2026-03-03,Chat,Loans,Payment Failed,Neutral,Low,Pending,38.6,3.1
TKT508754,2026-03-04,Social,Loans,Loan Query,Neutral,Medium,Resolved,26.8,3.9
TKT506794,2026-03-04,Email,Loans,Login Issue,Neutral,Low,Pending,38.6,4.3
TKT506726,2026-03-04,Social,Payments,App Bug,Neutral,High,Pending,38.1,4.2
TKT504059,2026-03-04,Phone,Account,Card Issue,Neutral,Medium,Escalated,60.9,3.5
TKT506672,2026-03-04,Phone,Payments,Refund Delay,Neutral,Medium,Resolved,27.0,4.6
TKT500249,2026-03-04,Chat,Cards,Payment Failed,Neutral,High,Resolved,24.7,4.4
TKT504326,2026-03-04,Phone,Loans,Card Issue,Neutral,High,Pending,38.0,4.3
TKT503041,2026-03-04,Chat,Mobile App,Loan Query,Neutral,Low,Resolved,23.7,4.1
TKT505451,2026-03-04,Chat,Cards,Account Access,Negative,Medium,Resolved,20.0,3.5
TKT502420,2026-03-04,Phone,Account,Card Issue,Positive,High,Pending,34.5,4.8
TKT504595,2026-03-04,Chat,Cards,Payment Failed,Positive,Critical,Pending,47.2,3.3
TKT508945,2026-03-04,Phone,Payments,Loan Query,Negative,High,Resolved,28.1,2.2
TKT506375,2026-03-04,Email,Mobile App,Login Issue,Positive,Low,Pending,43.1,3.1
TKT507052,2026-03-04,Chat,Loans,Refund Delay,Negative,Low,Pending,34.7,3.1
TKT511121,2026-03-04,Social,Payments,Payment Failed,Neutral,Critical,Pending,39.0,3.5
TKT501702,2026-03-04,Chat,Payments,App Bug,Negative,High,Pending,34.1,3.1
TKT506064,2026-03-04,Email,Payments,Loan Query,Positive,High,Escalated,55.3,3.0
TKT510484,2026-03-04,Chat,Mobile App,Account Access,Positive,Medium,Resolved,25.7,4.3
TKT504657,2026-03-04,Phone,Account,Loan Query,Neutral,Low,Pending,32.2,4.4
TKT508048,2026-03-04,Phone,Cards,Payment Failed,Neutral,Critical,Pending,45.7,3.9
TKT508006,2026-03-04,Chat,Account,Card Issue,Negative,Low,Resolved,26.6,3.2
TKT501426,2026-03-04,Phone,Mobile App,Payment Failed,Neutral,Critical,Pending,40.7,4.3
TKT508323,2026-03-04,Phone,Loans,Account Access,Neutral,Critical,Pending,37.8,3.8
TKT508297,2026-03-04,Chat,Payments,Refund Delay,Negative,Medium,Resolved,22.1,2.3
TKT506446,2026-03-05,Social,Cards,App Bug,Negative,High,Pending,45.3,2.5
TKT501429,2026-03-05,Email,Cards,Payment Failed,Neutral,Medium,Pending,40.4,4.5
TKT508884,2026-03-05,Chat,Account,Refund Delay,Negative,Low,Resolved,27.7,2.1
TKT504829,2026-03-05,Phone,Payments,Payment Failed,Negative,Critical,Pending,32.1,2.2
TKT508620,2026-03-05,Email,Loans,Refund Delay,Negative,Low,Pending,44.8,2.4
TKT506749,2026-03-05,Social,Account,Login Issue,Positive,High,Pending,37.6,3.4
TKT510118,2026-03-05,Phone,Mobile App,Loan Query,Negative,Medium,Pending,42.1,2.3
TKT504337,2026-03-05,Chat,Account,Payment Failed,Negative,High,Resolved,25.6,2.9
TKT509965,2026-03-05,Chat,Cards,Payment Failed,Negative,Medium,Resolved,25.5,2.1
TKT501949,2026-03-05,Chat,Cards,Login Issue,Negative,Low,Resolved,17.5,3.0
TKT511670,2026-03-05,Chat,Payments,Card Issue,Positive,Low,Resolved,17.6,3.5
TKT502097,2026-03-05,Phone,Cards,Login Issue,Neutral,Medium,Resolved,28.9,4.7
TKT510988,2026-03-05,Social,Payments,Refund Delay,Neutral,Low,Resolved,29.2,3.9
TKT508741,2026-03-05,Chat,Loans,Login Issue,Negative,High,Pending,31.5,2.8
TKT506271,2026-03-05,Phone,Mobile App,Refund Delay,Positive,Low,Pending,33.8,4.7
TKT509642,2026-03-05,Chat,Loans,Login Issue,Positive,High,Resolved,19.9,3.6
TKT504898,2026-03-05,Chat,Account,Payment Failed,Negative,High,Resolved,23.1,2.2
TKT501484,2026-03-05,Social,Cards,Login Issue,Positive,Low,Resolved,28.3,3.0
TKT500352,2026-03-05,Email,Loans,App Bug,Positive,Low,Pending,40.9,3.9
TKT507030,2026-03-06,Social,Mobile App,Card Issue,Positive,Low,Resolved,26.5,4.8
TKT503563,2026-03-06,Chat,Payments,Loan Query,Positive,Medium,Resolved,15.8,3.7
TKT500377,2026-03-06,Chat,Cards,Payment Failed,Negative,High,Pending,40.6,2.7
TKT507789,2026-03-06,Email,Payments,Refund Delay,Negative,High,Pending,42.9,2.7
TKT508129,2026-03-06,Email,Mobile App,Account Access,Positive,High,Pending,42.8,2.6
TKT502668,2026-03-06,Chat,Payments,Payment Failed,Neutral,Critical,Pending,43.4,4.4
TKT511559,2026-03-06,Phone,Payments,Payment Failed,Negative,Medium,Resolved,21.0,3.1
TKT511300,2026-03-06,Chat,Account,Card Issue,Positive,Medium,Resolved,19.3,4.1
TKT504227,2026-03-06,Chat,Payments,Refund Delay,Positive,Low,Resolved,28.6,3.9
TKT507380,2026-03-06,Phone,Account,Payment Failed,Negative,High,Pending,39.2,3.1
TKT508717,2026-03-06,Chat,Account,Account Access,Negative,High,Resolved,28.8,3.1
TKT504214,2026-03-06,Email,Payments,Card Issue,Neutral,Medium,Pending,43.5,4.1
TKT509766,2026-03-06,Social,Cards,Card Issue,Positive,Low,Resolved,26.2,2.8
TKT507136,2026-03-06,Chat,Loans,Login Issue,Negative,Low,Resolved,17.4,2.7
TKT509666,2026-03-06,Email,Payments,Refund Delay,Negative,Low,Pending,31.1,2.4
TKT509985,2026-03-06,Chat,Account,Card Issue,Negative,Low,Pending,35.1,2.9
TKT500752,2026-03-06,Email,Loans,Payment Failed,Negative,Critical,Pending,53.0,2.7
TKT511060,2026-03-06,Social,Loans,Loan Query,Positive,High,Resolved,29.1,3.9
TKT500315,2026-03-06,Email,Cards,Payment Failed,Negative,High,Pending,40.1,2.3
TKT510263,2026-03-06,Phone,Cards,Card Issue,Positive,Low,Resolved,24.1,4.5
TKT502479,2026-03-06,Social,Account,Account Access,Negative,High,Escalated,55.8,2.9
TKT507758,2026-03-07,Email,Payments,Loan Query,Negative,Low,Pending,45.4,2.5
TKT503923,2026-03-07,Chat,Payments,Loan Query,Neutral,High,Pending,36.9,2.8
TKT507839,2026-03-07,Phone,Loans,Payment Failed,Neutral,Critical,Pending,51.7,3.6
TKT506319,2026-03-07,Email,Payments,Payment Failed,Negative,Medium,Pending,39.8,2.4
TKT511137,2026-03-07,Chat,Payments,Loan Query,Positive,Medium,Resolved,18.6,3.5
TKT505256,2026-03-07,Chat,Mobile App,App Bug,Negative,High,Resolved,27.5,2.2
TKT510276,2026-03-07,Email,Cards,Refund Delay,Positive,High,Pending,48.6,4.1
TKT504502,2026-03-07,Chat,Loans,Card Issue,Negative,High,Resolved,21.9,3.1
TKT500858,2026-03-07,Social,Payments,Login Issue,Negative,High,Pending,54.9,2.7
TKT502005,2026-03-07,Email,Loans,Login Issue,Negative,Low,Pending,33.9,3.0
TKT509261,2026-03-07,Chat,Mobile App,Payment Failed,Neutral,High,Pending,30.1,3.5
TKT505520,2026-03-07,Phone,Loans,Loan Query,Neutral,Critical,Pending,48.1,3.7
TKT507940,2026-03-07,Chat,Payments,Payment Failed,Neutral,Critical,Pending,33.1,3.0
TKT503003,2026-03-07,Chat,Payments,Card Issue,Positive,Low,Resolved,23.8,3.7
TKT507685,2026-03-07,Social,Mobile App,App Bug,Negative,High,Pending,37.9,1.8
TKT502500,2026-03-07,Phone,Mobile App,App Bug,Positive,Medium,Resolved,25.9,3.9
TKT501360,2026-03-07,Email,Mobile App,Loan Query,Positive,High,Pending,47.4,4.4
TKT502017,2026-03-07,Email,Mobile App,Payment Failed,Negative,High,Pending,47.5,3.2
TKT501459,2026-03-07,Chat,Cards,Payment Failed,Neutral,Medium,Resolved,25.7,4.1
TKT505333,2026-03-07,Email,Account,App Bug,Positive,Medium,Pending,38.3,4.1
TKT510758,2026-03-07,Chat,Loans,Account Access,Neutral,Medium,Resolved,26.3,4.2
TKT502829,2026-03-07,Chat,Payments,Account Access,Negative,Low,Resolved,26.7,2.8
TKT511292,2026-03-07,Chat,Payments,Account Access,Negative,Critical,Pending,33.9,3.2
TKT504793,2026-03-07,Chat,Mobile App,Login Issue,Neutral,Medium,Resolved,23.3,4.6
TKT505912,2026-03-07,Chat,Mobile App,Payment Failed,Positive,Critical,Pending,38.5,4.5
TKT502753,2026-03-08,Social,Mobile App,App Bug,Positive,Medium,Resolved,29.7,3.9
TKT509290,2026-03-08,Chat,Mobile App,Login Issue,Negative,High,Pending,31.0,3.3
TKT500583,2026-03-08,Social,Cards,Refund Delay,Negative,High,Resolved,28.1,2.0
TKT509756,2026-03-08,Phone,Cards,Login Issue,Neutral,Low,Resolved,22.1,3.9
TKT507175,2026-03-08,Chat,Payments,Payment Failed,Neutral,Medium,Resolved,13.2,4.2
TKT501570,2026-03-08,Phone,Cards,Loan Query,Neutral,Medium,Pending,30.9,3.8
TKT511543,2026-03-08,Social,Account,Refund Delay,Positive,Low,Pending,35.7,3.3
TKT511254,2026-03-08,Email,Mobile App,Payment Failed,Negative,Medium,Pending,35.0,2.8
TKT506512,2026-03-08,Chat,Account,Refund Delay,Negative,Low,Resolved,16.8,3.2
TKT500456,2026-03-08,Chat,Payments,Login Issue,Neutral,Medium,Resolved,22.4,3.5
TKT510202,2026-03-08,Phone,Loans,Account Access,Negative,High,Pending,30.5,2.9
TKT510392,2026-03-08,Phone,Mobile App,Login Issue,Negative,High,Pending,33.0,2.4
TKT502266,2026-03-08,Phone,Payments,Refund Delay,Negative,High,Pending,38.3,1.9
TKT506615,2026-03-08,Phone,Mobile App,Login Issue,Neutral,High,Resolved,27.5,4.0
TKT505522,2026-03-08,Email,Mobile App,Account Access,Positive,Low,Pending,38.3,4.3
TKT510130,2026-03-08,Chat,Mobile App,Account Access,Negative,High,Pending,34.3,2.0
TKT506783,2026-03-08,Chat,Account,Card Issue,Positive,Low,Resolved,21.3,3.3
TKT506842,2026-03-08,Phone,Cards,Login Issue,Positive,Medium,Resolved,22.4,3.8
TKT510460,2026-03-08,Chat,Cards,Loan Query,Neutral,Low,Resolved,23.1,4.1
TKT501275,2026-03-08,Email,Mobile App,Refund Delay,Positive,Medium,Pending,52.2,3.5
TKT503166,2026-03-08,Chat,Payments,Payment Failed,Negative,Medium,Resolved,21.1,1.9
TKT502989,2026-03-09,Email,Mobile App,Payment Failed,Neutral,Low,Pending,34.1,4.3
TKT508712,2026-03-09,Phone,Mobile App,Login Issue,Negative,Medium,Resolved,27.8,2.2
TKT502602,2026-03-09,Chat,Mobile App,Account Access,Negative,Medium,Resolved,17.9,2.0
TKT500308,2026-03-09,Email,Cards,App Bug,Neutral,Low,Pending,45.1,3.4
TKT506434,2026-03-09,Chat,Account,Account Access,Negative,Medium,Resolved,20.6,2.7
TKT503802,2026-03-09,Phone,Account,App Bug,Negative,Medium,Resolved,21.3,2.7
TKT508145,2026-03-09,Chat,Payments,Card Issue,Negative,Low,Resolved,15.4,3.3
TKT508458,2026-03-09,Social,Cards,Payment Failed,Negative,Critical,Pending,37.1,1.9
TKT510564,2026-03-09,Email,Payments,Refund Delay,Neutral,Medium,Pending,50.0,3.7
TKT505891,2026-03-09,Email,Payments,Card Issue,Negative,Medium,Pending,43.9,2.3
TKT510796,2026-03-09,Email,Payments,Payment Failed,Neutral,Low,Pending,44.1,3.1
TKT510762,2026-03-09,Phone,Payments,App Bug,Neutral,High,Pending,42.0,4.3
TKT503602,2026-03-09,Phone,Mobile App,Payment Failed,Negative,High,Pending,34.8,2.5
TKT509419,2026-03-09,Phone,Account,Payment Failed,Negative,Medium,Resolved,29.8,2.2
TKT500609,2026-03-09,Social,Account,Loan Query,Neutral,Medium,Resolved,25.7,4.0
TKT502493,2026-03-09,Chat,Mobile App,Payment Failed,Positive,Medium,Pending,36.7,3.1
TKT502100,2026-03-09,Phone,Loans,Account Access,Neutral,Medium,Resolved,24.2,3.8
TKT509561,2026-03-09,Email,Mobile App,App Bug,Neutral,Medium,Pending,34.1,4.1
TKT506968,2026-03-09,Chat,Payments,Login Issue,Neutral,Medium,Pending,30.4,3.9
TKT508987,2026-03-09,Phone,Payments,Login Issue,Neutral,Low,Pending,36.3,4.8
TKT500449,2026-03-09,Chat,Loans,Login Issue,Negative,Low,Resolved,22.6,2.5
TKT511850,2026-03-09,Chat,Payments,App Bug,Neutral,High,Resolved,29.1,2.6
TKT504775,2026-03-09,Email,Payments,App Bug,Negative,Medium,Pending,34.5,2.9
TKT511593,2026-03-10,Social,Account,Payment Failed,Negative,High,Pending,32.0,2.4
TKT505492,2026-03-10,Email,Account,Account Access,Positive,Critical,Pending,47.8,3.3
TKT506894,2026-03-10,Email,Mobile App,Loan Query,Negative,Low,Pending,40.1,2.3
TKT507299,2026-03-10,Email,Mobile App,Login Issue,Negative,High,Pending,40.6,1.3
TKT507411,2026-03-10,Chat,Account,App Bug,Positive,High,Resolved,27.6,3.6
TKT505714,2026-03-10,Chat,Cards,Loan Query,Neutral,Medium,Resolved,19.4,4.6
TKT508158,2026-03-10,Phone,Payments,Account Access,Positive,Medium,Resolved,27.6,3.0
TKT502089,2026-03-10,Email,Mobile App,Card Issue,Negative,High,Pending,53.4,2.5
TKT509054,2026-03-10,Email,Loans,Payment Failed,Negative,Medium,Escalated,57.4,1.7
TKT510311,2026-03-10,Phone,Loans,Card Issue,Positive,High,Pending,30.7,3.5
TKT507499,2026-03-10,Chat,Loans,App Bug,Negative,High,Resolved,22.4,1.5
TKT504709,2026-03-10,Email,Cards,Payment Failed,Negative,High,Pending,39.5,2.6
TKT502993,2026-03-10,Phone,Payments,Payment Failed,Neutral,Medium,Pending,35.9,4.1
TKT510747,2026-03-10,Email,Cards,Loan Query,Negative,High,Pending,39.7,2.8
TKT509273,2026-03-10,Chat,Loans,Card Issue,Positive,Medium,Resolved,17.6,4.5
TKT503042,2026-03-10,Email,Cards,Refund Delay,Negative,High,Escalated,66.4,1.5
TKT501795,2026-03-10,Email,Mobile App,Login Issue,Neutral,Medium,Pending,50.4,3.8
TKT509335,2026-03-10,Chat,Loans,Refund Delay,Negative,Low,Resolved,20.6,3.6
TKT505951,2026-03-10,Social,Cards,App Bug,Negative,High,Pending,41.9,3.0
TKT507963,2026-03-10,Email,Payments,Refund Delay,Negative,Medium,Pending,35.5,2.0
TKT505039,2026-03-10,Phone,Mobile App,Account Access,Positive,Critical,Pending,47.4,3.4
TKT501893,2026-03-10,Chat,Mobile App,App Bug,Negative,High,Pending,33.3,2.7
TKT504309,2026-03-10,Chat,Cards,Refund Delay,Neutral,High,Pending,43.7,3.7
TKT500591,2026-03-10,Email,Account,App Bug,Negative,Medium,Pending,31.9,2.3
TKT511450,2026-03-10,Phone,Loans,Payment Failed,Negative,High,Pending,30.8,1.9
TKT506219,2026-03-11,Social,Mobile App,App Bug,Negative,Medium,Pending,36.4,2.5
TKT504803,2026-03-11,Phone,Account,Payment Failed,Negative,High,Resolved,29.4,2.6
TKT506423,2026-03-11,Phone,Mobile App,App Bug,Negative,High,Pending,42.8,2.7
TKT502217,2026-03-11,Chat,Payments,Payment Failed,Neutral,High,Pending,35.4,3.1
TKT502465,2026-03-11,Social,Mobile App,Account Access,Neutral,Medium,Resolved,26.2,3.8
TKT504928,2026-03-11,Email,Loans,Account Access,Positive,High,Pending,50.1,3.9
TKT503382,2026-03-11,Chat,Cards,Card Issue,Neutral,High,Pending,37.2,3.9
TKT511324,2026-03-11,Phone,Payments,Refund Delay,Neutral,High,Pending,50.8,3.5
TKT509128,2026-03-11,Social,Cards,Payment Failed,Negative,Critical,Pending,36.0,3.7
TKT506309,2026-03-11,Phone,Payments,Loan Query,Positive,Low,Resolved,26.7,4.1
TKT502656,2026-03-11,Email,Payments,Loan Query,Positive,Medium,Pending,46.3,4.4
TKT502422,2026-03-11,Phone,Cards,App Bug,Negative,Medium,Pending,35.2,2.9
TKT503968,2026-03-11,Social,Cards,Payment Failed,Neutral,High,Resolved,28.8,3.8
TKT503708,2026-03-11,Social,Mobile App,Payment Failed,Positive,High,Pending,33.3,3.2
TKT506917,2026-03-11,Email,Cards,Card Issue,Positive,Medium,Pending,31.5,3.8
TKT509283,2026-03-11,Email,Mobile App,Card Issue,Neutral,Low,Pending,41.6,3.8
TKT505921,2026-03-11,Email,Loans,Account Access,Negative,Medium,Pending,35.1,2.4
TKT502154,2026-03-11,Email,Mobile App,Payment Failed,Negative,Medium,Pending,36.4,1.8
TKT504242,2026-03-11,Phone,Mobile App,Login Issue,Neutral,Low,Pending,33.9,3.3
TKT511722,2026-03-11,Phone,Loans,Loan Query,Positive,Medium,Resolved,19.6,3.7
TKT503984,2026-03-11,Email,Mobile App,Card Issue,Negative,High,Escalated,66.6,1.8
TKT502221,2026-03-11,Chat,Payments,App Bug,Negative,High,Resolved,21.5,2.7
TKT503325,2026-03-11,Email,Payments,Loan Query,Positive,Medium,Pending,37.4,4.1
TKT502003,2026-03-11,Phone,Account,Payment Failed,Positive,Medium,Resolved,18.5,3.6
TKT505696,2026-03-11,Chat,Loans,Payment Failed,Negative,Medium,Resolved,22.5,2.1
TKT504461,2026-03-12,Phone,Cards,Loan Query,Negative,High,Pending,43.6,3.3
TKT503743,2026-03-12,Phone,Loans,Loan Query,Neutral,High,Resolved,29.7,4.5
TKT503952,2026-03-12,Phone,Payments,Payment Failed,Negative,Medium,Resolved,22.5,2.4
TKT510113,2026-03-12,Email,Payments,Payment Failed,Negative,High,Pending,44.6,2.5
TKT500876,2026-03-12,Social,Cards,Login Issue,Negative,Medium,Resolved,28.1,2.3
TKT506202,2026-03-12,Chat,Account,Card Issue,Neutral,Medium,Pending,42.5,3.3
TKT504890,2026-03-12,Email,Account,Account Access,Neutral,High,Pending,41.5,3.2
TKT505054,2026-03-12,Email,Cards,Account Access,Neutral,Low,Pending,35.8,3.1
TKT509286,2026-03-12,Social,Mobile App,Account Access,Negative,High,Pending,45.5,3.6
TKT510944,2026-03-12,Phone,Loans,Login Issue,Neutral,Low,Resolved,26.1,5.0
TKT503284,2026-03-12,Chat,Account,Loan Query,Positive,Medium,Pending,30.0,4.4
TKT509601,2026-03-12,Email,Loans,Payment Failed,Neutral,Critical,Pending,45.8,3.4
TKT502533,2026-03-12,Chat,Mobile App,Refund Delay,Negative,High,Pending,39.7,2.3
TKT500427,2026-03-12,Chat,Payments,Payment Failed,Negative,Low,Resolved,17.7,2.9
TKT501691,2026-03-12,Email,Cards,Login Issue,Negative,High,Pending,45.8,2.1
TKT508304,2026-03-12,Phone,Loans,Payment Failed,Neutral,High,Pending,37.2,3.0
TKT501686,2026-03-12,Email,Account,Payment Failed,Negative,Critical,Pending,44.9,3.3
TKT502414,2026-03-12,Chat,Loans,Payment Failed,Neutral,Medium,Resolved,19.4,3.8
TKT503605,2026-03-13,Chat,Loans,Refund Delay,Neutral,High,Pending,31.3,3.0
TKT502712,2026-03-13,Email,Payments,Account Access,Positive,Medium,Pending,45.4,3.9
TKT503966,2026-03-13,Chat,Cards,Refund Delay,Neutral,High,Pending,32.5,3.8
TKT508542,2026-03-13,Email,Mobile App,Card Issue,Negative,Low,Pending,37.3,3.0
TKT506044,2026-03-13,Phone,Account,Loan Query,Positive,Medium,Resolved,25.8,4.2
TKT510992,2026-03-13,Email,Loans,Card Issue,Neutral,Medium,Pending,41.5,4.4
TKT508875,2026-03-13,Chat,Account,Card Issue,Positive,Medium,Resolved,24.2,4.5
TKT510312,2026-03-13,Phone,Mobile App,Login Issue,Negative,Medium,Resolved,24.2,2.4
TKT500177,2026-03-13,Phone,Payments,Login Issue,Negative,Medium,Pending,30.0,3.1
TKT505730,2026-03-13,Email,Payments,Login Issue,Negative,Critical,Escalated,65.1,1.2
TKT500132,2026-03-13,Phone,Account,Refund Delay,Neutral,Medium,Pending,34.0,4.7
TKT510446,2026-03-13,Email,Cards,Login Issue,Negative,High,Pending,47.0,2.5
TKT509343,2026-03-13,Email,Payments,Payment Failed,Negative,Medium,Pending,34.4,2.2
TKT510281,2026-03-13,Phone,Loans,Refund Delay,Neutral,Medium,Resolved,21.7,4.5
TKT507133,2026-03-13,Chat,Payments,Payment Failed,Negative,Medium,Resolved,26.7,3.2
TKT501007,2026-03-13,Email,Account,Account Access,Negative,Low,Pending,44.0,1.9
TKT507523,2026-03-13,Chat,Loans,Login Issue,Neutral,Low,Resolved,20.0,2.9
TKT510889,2026-03-13,Chat,Mobile App,Loan Query,Positive,Medium,Resolved,18.2,3.1
TKT501939,2026-03-13,Email,Mobile App,Login Issue,Negative,High,Pending,46.0,3.0
TKT504845,2026-03-13,Social,Account,Card Issue,Neutral,Low,Resolved,29.9,3.6
TKT504636,2026-03-13,Social,Mobile App,Account Access,Positive,High,Pending,32.6,4.6
TKT502919,2026-03-13,Chat,Payments,Payment Failed,Neutral,Critical,Pending,47.8,4.9
TKT509949,2026-03-13,Chat,Cards,Loan Query,Negative,High,Resolved,22.9,1.6
TKT501834,2026-03-13,Email,Account,Card Issue,Negative,Medium,Pending,54.5,2.5
TKT509821,2026-03-14,Chat,Mobile App,Login Issue,Negative,High,Resolved,27.2,1.6
TKT508068,2026-03-14,Email,Cards,Card Issue,Neutral,Medium,Pending,41.5,3.7
TKT507614,2026-03-14,Social,Account,Loan Query,Neutral,Medium,Resolved,28.0,3.7
TKT504074,2026-03-14,Email,Payments,Refund Delay,Neutral,High,Pending,44.7,4.4
TKT500621,2026-03-14,Phone,Payments,Refund Delay,Positive,Medium,Resolved,26.9,4.5
TKT509210,2026-03-14,Social,Account,Refund Delay,Positive,Medium,Pending,45.9,3.8
TKT507887,2026-03-14,Chat,Loans,Payment Failed,Negative,High,Pending,31.4,3.2
TKT505567,2026-03-14,Email,Mobile App,Login Issue,Negative,High,Pending,48.4,2.4
TKT503663,2026-03-14,Chat,Cards,Login Issue,Positive,Medium,Resolved,17.8,4.0
TKT506838,2026-03-14,Phone,Mobile App,Card Issue,Negative,Medium,Resolved,29.1,3.0
TKT511423,2026-03-14,Chat,Mobile App,Login Issue,Negative,Low,Resolved,28.6,3.3
TKT508793,2026-03-14,Chat,Loans,Payment Failed,Neutral,Critical,Pending,40.6,4.0
TKT509612,2026-03-14,Email,Loans,Payment Failed,Negative,Low,Pending,35.2,2.7
TKT500978,2026-03-14,Chat,Cards,Card Issue,Positive,Low,Pending,40.2,3.7
TKT510247,2026-03-14,Chat,Cards,App Bug,Negative,High,Pending,31.2,2.9
TKT501013,2026-03-14,Phone,Loans,Login Issue,Negative,Low,Pending,31.8,2.3
TKT508724,2026-03-14,Phone,Loans,Payment Failed,Negative,Medium,Resolved,22.7,3.1
TKT507321,2026-03-14,Email,Account,Refund Delay,Negative,High,Pending,43.4,2.3
TKT509236,2026-03-15,Phone,Account,App Bug,Negative,High,Resolved,28.3,3.0
TKT501502,2026-03-15,Chat,Account,Payment Failed,Negative,Medium,Resolved,14.9,3.2
TKT504816,2026-03-15,Phone,Account,App Bug,Positive,Medium,Resolved,22.6,3.5
TKT501993,2026-03-15,Email,Cards,Loan Query,Neutral,Medium,Pending,31.6,3.9
TKT504693,2026-03-15,Chat,Cards,Login Issue,Negative,Medium,Resolved,14.4,1.3
TKT507026,2026-03-15,Email,Payments,Payment Failed,Positive,Medium,Pending,37.1,3.2
TKT503093,2026-03-15,Email,Cards,Refund Delay,Negative,Low,Pending,35.3,3.3
TKT503868,2026-03-15,Email,Payments,Payment Failed,Negative,Low,Pending,39.7,2.7
TKT502379,2026-03-15,Email,Account,Payment Failed,Negative,Low,Pending,40.8,1.9
TKT507431,2026-03-15,Chat,Cards,Loan Query,Neutral,High,Resolved,21.3,4.5
TKT507707,2026-03-15,Email,Loans,App Bug,Negative,High,Pending,45.1,1.8
TKT510268,2026-03-15,Phone,Payments,Card Issue,Negative,Medium,Resolved,20.9,3.5
TKT500264,2026-03-15,Phone,Loans,Login Issue,Negative,High,Pending,48.6,2.9
TKT501606,2026-03-15,Email,Mobile App,Loan Query,Neutral,Low,Pending,31.4,3.7
TKT501262,2026-03-15,Phone,Mobile App,Login Issue,Negative,High,Pending,31.3,1.9
TKT509519,2026-03-15,Email,Cards,Card Issue,Negative,High,Pending,44.7,2.1
TKT508698,2026-03-15,Email,Payments,Login Issue,Negative,High,Escalated,55.0,1.9
TKT500649,2026-03-15,Social,Account,App Bug,Neutral,Low,Resolved,29.7,2.7
TKT506437,2026-03-16,Phone,Loans,Account Access,Neutral,High,Pending,34.3,3.9
TKT505182,2026-03-16,Chat,Mobile App,Account Access,Positive,Low,Resolved,21.0,3.7
TKT508150,2026-03-16,Phone,Cards,Refund Delay,Negative,Medium,Pending,45.9,2.6
TKT505883,2026-03-16,Chat,Mobile App,Account Access,Neutral,High,Resolved,29.0,3.2
TKT506101,2026-03-16,Chat,Mobile App,Payment Failed,Positive,Medium,Resolved,21.9,3.8
TKT504003,2026-03-16,Phone,Payments,Payment Failed,Negative,High,Pending,36.0,2.7
TKT509289,2026-03-16,Email,Payments,Account Access,Neutral,Medium,Pending,34.6,4.0
TKT500303,2026-03-16,Social,Payments,App Bug,Negative,Low,Resolved,22.3,2.8
TKT502076,2026-03-16,Chat,Mobile App,Account Access,Negative,High,Resolved,24.0,3.2
TKT506136,2026-03-16,Chat,Payments,Loan Query,Positive,High,Pending,46.9,3.3
TKT504252,2026-03-16,Email,Payments,Login Issue,Positive,Medium,Pending,37.2,3.7
TKT502571,2026-03-16,Social,Account,Login Issue,Negative,High,Pending,33.4,2.7
TKT501212,2026-03-16,Email,Mobile App,Login Issue,Neutral,Low,Pending,44.2,4.5
TKT507338,2026-03-16,Chat,Loans,Payment Failed,Negative,High,Resolved,21.7,2.7
TKT510716,2026-03-16,Email,Mobile App,Loan Query,Neutral,Low,Pending,38.4,3.3
TKT506160,2026-03-16,Email,Account,Refund Delay,Negative,High,Pending,47.6,1.9
TKT511291,2026-03-16,Phone,Mobile App,Login Issue,Neutral,Low,Resolved,24.3,3.5
TKT511337,2026-03-16,Email,Payments,Payment Failed,Neutral,Low,Pending,36.3,4.2
TKT500916,2026-03-16,Chat,Account,Refund Delay,Neutral,Medium,Resolved,17.2,3.3
TKT506443,2026-03-16,Phone,Loans,App Bug,Neutral,Low,Resolved,27.1,3.5
TKT503896,2026-03-16,Phone,Account,App Bug,Negative,High,Pending,31.1,2.0
TKT501501,2026-03-16,Chat,Payments,Card Issue,Neutral,Medium,Resolved,13.4,3.3
TKT506616,2026-03-16,Social,Account,Payment Failed,Positive,Low,Pending,48.1,4.8
TKT503135,2026-03-16,Phone,Payments,App Bug,Negative,Medium,Resolved,22.3,3.0
TKT505056,2026-03-17,Chat,Loans,Login Issue,Negative,Medium,Pending,37.8,3.2
TKT502356,2026-03-17,Chat,Mobile App,App Bug,Negative,High,Pending,33.5,3.0
TKT506713,2026-03-17,Phone,Payments,Payment Failed,Neutral,Critical,Pending,40.2,3.9
TKT500977,2026-03-17,Email,Payments,Account Access,Positive,Medium,Pending,36.7,4.0
TKT503064,2026-03-17,Email,Mobile App,Login Issue,Negative,High,Escalated,62.6,3.1
TKT511867,2026-03-17,Chat,Cards,Refund Delay,Negative,Medium,Resolved,16.7,3.0
TKT509297,2026-03-17,Social,Cards,Loan Query,Positive,Low,Resolved,28.6,3.9
TKT502787,2026-03-17,Chat,Payments,App Bug,Positive,Medium,Resolved,14.6,3.7
TKT501966,2026-03-17,Chat,Cards,App Bug,Positive,High,Pending,33.6,3.3
TKT509094,2026-03-17,Phone,Mobile App,Account Access,Positive,Medium,Pending,32.5,3.9
TKT510034,2026-03-17,Phone,Cards,Payment Failed,Neutral,Low,Resolved,26.8,3.2
TKT509796,2026-03-17,Chat,Loans,Login Issue,Negative,Medium,Resolved,20.6,2.7
TKT506880,2026-03-17,Phone,Account,Refund Delay,Neutral,Low,Pending,35.0,3.1
TKT500157,2026-03-17,Phone,Cards,Login Issue,Negative,High,Pending,32.8,2.8
TKT505021,2026-03-17,Chat,Cards,Loan Query,Negative,Medium,Resolved,25.2,1.5
TKT511568,2026-03-17,Chat,Mobile App,Payment Failed,Negative,High,Resolved,23.9,1.5
TKT500085,2026-03-17,Email,Cards,Payment Failed,Positive,Medium,Pending,40.6,3.2
TKT503114,2026-03-17,Chat,Cards,Loan Query,Negative,Medium,Resolved,17.4,3.0
TKT504935,2026-03-17,Chat,Cards,Payment Failed,Negative,High,Resolved,26.7,2.4
TKT507832,2026-03-18,Phone,Payments,Loan Query,Positive,Low,Resolved,26.6,4.9
TKT511553,2026-03-18,Social,Cards,Payment Failed,Negative,High,Pending,46.5,3.3
TKT510079,2026-03-18,Chat,Mobile App,Card Issue,Neutral,High,Pending,40.6,4.1
TKT505814,2026-03-18,Phone,Mobile App,Card Issue,Negative,High,Resolved,29.8,3.3
TKT500671,2026-03-18,Phone,Payments,Login Issue,Neutral,Low,Pending,35.7,3.6
TKT507271,2026-03-18,Chat,Cards,Refund Delay,Negative,Medium,Resolved,22.5,2.9
TKT505079,2026-03-18,Phone,Payments,Refund Delay,Neutral,Medium,Resolved,22.5,3.3
TKT500682,2026-03-18,Email,Cards,App Bug,Positive,Medium,Escalated,55.6,3.9
TKT507236,2026-03-18,Chat,Cards,Login Issue,Negative,High,Resolved,19.7,2.9
TKT506440,2026-03-18,Social,Cards,Refund Delay,Negative,Critical,Pending,37.7,2.2
TKT510372,2026-03-18,Social,Payments,Login Issue,Positive,Medium,Resolved,25.8,4.0
TKT504080,2026-03-18,Phone,Mobile App,Account Access,Negative,High,Resolved,26.1,2.2
TKT511215,2026-03-18,Email,Loans,Refund Delay,Negative,High,Pending,40.7,2.8
TKT508338,2026-03-18,Chat,Account,Login Issue,Negative,High,Pending,33.4,1.6
TKT509644,2026-03-18,Email,Payments,Payment Failed,Positive,High,Pending,41.1,3.4
TKT503085,2026-03-18,Chat,Mobile App,Payment Failed,Positive,Medium,Resolved,22.4,4.3
TKT505606,2026-03-18,Phone,Mobile App,Payment Failed,Neutral,High,Pending,32.6,3.7
TKT508032,2026-03-18,Chat,Mobile App,Card Issue,Negative,Medium,Resolved,28.5,2.2
TKT501162,2026-03-18,Email,Mobile App,Card Issue,Negative,High,Pending,51.1,2.7
TKT511020,2026-03-18,Chat,Payments,Account Access,Neutral,High,Resolved,27.4,4.6
TKT503897,2026-03-18,Email,Loans,Account Access,Neutral,Critical,Pending,53.9,3.4
TKT508508,2026-03-18,Chat,Loans,Refund Delay,Positive,Medium,Pending,38.8,3.2
TKT510827,2026-03-18,Phone,Account,App Bug,Neutral,High,Pending,35.7,3.5
TKT502174,2026-03-18,Email,Payments,Payment Failed,Neutral,Low,Pending,38.0,3.2
TKT504648,2026-03-19,Social,Payments,Payment Failed,Negative,Medium,Pending,32.2,2.2
TKT503169,2026-03-19,Phone,Account,Login Issue,Negative,Medium,Pending,39.5,2.2
TKT508927,2026-03-19,Chat,Mobile App,Card Issue,Negative,Medium,Resolved,27.7,2.8
TKT508183,2026-03-19,Email,Mobile App,Account Access,Positive,Low,Pending,38.9,3.8
TKT510410,2026-03-19,Chat,Payments,Account Access,Positive,Medium,Resolved,27.3,4.4
TKT510745,2026-03-19,Chat,Account,Loan Query,Positive,Medium,Resolved,21.5,3.6
TKT510653,2026-03-19,Email,Loans,Card Issue,Negative,Medium,Pending,40.1,2.9
TKT510456,2026-03-19,Chat,Loans,Refund Delay,Neutral,Medium,Resolved,24.2,3.4
TKT501529,2026-03-19,Email,Account,App Bug,Neutral,Medium,Pending,33.9,2.9
TKT510077,2026-03-19,Email,Payments,App Bug,Positive,Low,Pending,38.0,2.6
TKT510424,2026-03-19,Email,Mobile App,Account Access,Positive,Medium,Pending,47.1,3.7
TKT509936,2026-03-19,Social,Account,Payment Failed,Neutral,Critical,Pending,41.1,4.2
TKT505964,2026-03-19,Email,Loans,Payment Failed,Positive,Critical,Pending,48.4,4.1
TKT504569,2026-03-19,Phone,Payments,Refund Delay,Neutral,Low,Resolved,24.9,3.6
TKT507062,2026-03-19,Chat,Cards,Card Issue,Negative,Medium,Resolved,15.9,3.0
TKT504006,2026-03-19,Phone,Account,Payment Failed,Negative,Low,Resolved,19.8,2.2
TKT504350,2026-03-19,Phone,Loans,Refund Delay,Neutral,Low,Resolved,19.5,3.9
TKT504480,2026-03-19,Email,Mobile App,Card Issue,Neutral,Medium,Pending,41.3,2.6
TKT506569,2026-03-19,Phone,Mobile App,Login Issue,Negative,Critical,Pending,51.0,2.1
TKT504848,2026-03-19,Chat,Account,Account Access,Negative,High,Resolved,27.9,3.5
TKT505070,2026-03-19,Email,Mobile App,Account Access,Negative,Critical,Escalated,55.2,1.3
TKT511446,2026-03-20,Social,Account,Payment Failed,Negative,High,Pending,36.9,2.3
TKT510025,2026-03-20,Chat,Mobile App,Login Issue,Neutral,Critical,Pending,36.4,2.8
TKT510683,2026-03-20,Chat,Payments,Account Access,Negative,High,Pending,35.7,2.5
TKT510909,2026-03-20,Chat,Loans,Payment Failed,Neutral,High,Pending,34.6,2.9
TKT508191,2026-03-20,Chat,Mobile App,Payment Failed,Neutral,Low,Resolved,18.3,4.2
TKT509637,2026-03-20,Email,Loans,Loan Query,Negative,High,Pending,39.6,2.8
TKT508565,2026-03-20,Email,Loans,Refund Delay,Neutral,High,Pending,46.1,4.1
TKT508167,2026-03-20,Email,Loans,Refund Delay,Positive,Medium,Pending,48.0,3.8
TKT501889,2026-03-20,Email,Mobile App,Card Issue,Neutral,Critical,Escalated,64.4,3.4
TKT505798,2026-03-20,Chat,Loans,Card Issue,Positive,Low,Resolved,20.7,4.1
TKT508396,2026-03-20,Email,Cards,Refund Delay,Positive,Low,Pending,34.1,3.5
TKT505631,2026-03-20,Chat,Payments,Login Issue,Positive,High,Resolved,28.8,3.3
TKT508919,2026-03-20,Social,Mobile App,Account Access,Positive,Low,Pending,34.2,4.3
TKT509542,2026-03-20,Email,Mobile App,Payment Failed,Neutral,Medium,Pending,38.6,4.1
TKT506353,2026-03-20,Chat,Loans,Payment Failed,Positive,High,Resolved,20.4,4.0
TKT508530,2026-03-20,Phone,Payments,Card Issue,Neutral,High,Pending,33.6,3.2
TKT505503,2026-03-20,Social,Account,Refund Delay,Neutral,Medium,Resolved,26.1,2.7
TKT502974,2026-03-20,Chat,Payments,Refund Delay,Positive,Medium,Resolved,13.7,4.7
TKT502601,2026-03-20,Email,Account,Payment Failed,Neutral,Medium,Pending,44.3,3.8
TKT506032,2026-03-20,Email,Account,App Bug,Negative,Low,Pending,45.2,2.1
TKT509350,2026-03-20,Email,Account,Payment Failed,Negative,Low,Pending,37.0,1.7
TKT509092,2026-03-20,Social,Mobile App,App Bug,Positive,Low,Pending,34.7,3.0
TKT508653,2026-03-20,Chat,Payments,Account Access,Negative,High,Pending,34.7,2.8
TKT502980,2026-03-20,Email,Account,Payment Failed,Neutral,Low,Pending,31.9,3.6
TKT501891,2026-03-20,Phone,Payments,Account Access,Neutral,Medium,Resolved,25.8,3.3
TKT508810,2026-03-21,Social,Mobile App,App Bug,Negative,High,Pending,40.2,2.3
TKT500520,2026-03-21,Email,Mobile App,Payment Failed,Positive,Low,Pending,39.0,4.3
TKT509611,2026-03-21,Email,Cards,Payment Failed,Neutral,Low,Escalated,57.2,2.9
TKT505017,2026-03-21,Social,Cards,Refund Delay,Neutral,Low,Pending,33.1,3.4
TKT509761,2026-03-21,Email,Loans,Loan Query,Negative,Low,Pending,48.2,2.1
TKT508655,2026-03-21,Phone,Cards,Card Issue,Negative,Medium,Pending,33.8,4.0
TKT507165,2026-03-21,Chat,Mobile App,Card Issue,Negative,Medium,Resolved,15.2,2.5
TKT507048,2026-03-21,Chat,Loans,Refund Delay,Negative,High,Resolved,26.5,3.0
TKT501550,2026-03-21,Chat,Payments,Refund Delay,Negative,Low,Resolved,24.5,1.9
TKT505218,2026-03-21,Phone,Mobile App,Login Issue,Neutral,High,Pending,35.4,4.3
TKT508457,2026-03-21,Phone,Mobile App,Refund Delay,Negative,Low,Resolved,21.6,2.4
TKT504872,2026-03-21,Email,Payments,Card Issue,Negative,High,Escalated,59.3,1.4
TKT500612,2026-03-21,Phone,Cards,Payment Failed,Negative,High,Pending,30.8,3.9
TKT510572,2026-03-21,Phone,Loans,Login Issue,Neutral,Low,Pending,38.7,4.1
TKT506979,2026-03-21,Phone,Account,Login Issue,Negative,Low,Resolved,23.7,2.1
TKT502170,2026-03-21,Chat,Payments,App Bug,Neutral,Medium,Resolved,26.9,3.8
TKT508211,2026-03-21,Chat,Cards,Account Access,Neutral,Low,Resolved,12.7,3.2
TKT507139,2026-03-21,Chat,Payments,App Bug,Negative,High,Resolved,27.9,3.3
TKT506574,2026-03-21,Social,Mobile App,App Bug,Negative,Low,Resolved,24.9,2.5
TKT503957,2026-03-22,Chat,Account,Account Access,Neutral,Medium,Pending,35.7,3.9
TKT504690,2026-03-22,Email,Payments,Refund Delay,Positive,Low,Pending,41.0,3.7
TKT502739,2026-03-22,Email,Mobile App,App Bug,Positive,Medium,Pending,37.1,4.6
TKT509881,2026-03-22,Chat,Account,Loan Query,Neutral,Medium,Resolved,27.8,3.7
TKT502943,2026-03-22,Phone,Cards,Refund Delay,Neutral,Medium,Resolved,29.6,3.2
TKT508597,2026-03-22,Phone,Mobile App,Loan Query,Neutral,Low,Resolved,21.9,4.2
TKT501181,2026-03-22,Email,Account,Login Issue,Positive,Medium,Pending,38.1,3.9
TKT511198,2026-03-22,Phone,Account,App Bug,Negative,High,Resolved,27.6,2.5
TKT511063,2026-03-22,Phone,Mobile App,Account Access,Negative,Low,Resolved,25.8,2.7
TKT508991,2026-03-22,Phone,Cards,Payment Failed,Neutral,Medium,Resolved,24.2,2.7
TKT502941,2026-03-22,Chat,Account,Login Issue,Neutral,High,Resolved,26.4,3.6
TKT510278,2026-03-22,Phone,Cards,Payment Failed,Neutral,High,Resolved,29.9,4.0
TKT510212,2026-03-22,Phone,Account,Loan Query,Neutral,Low,Pending,43.8,4.5
TKT506405,2026-03-22,Phone,Mobile App,App Bug,Neutral,Low,Resolved,22.9,3.6
TKT508850,2026-03-22,Social,Payments,Login Issue,Negative,Medium,Pending,32.4,2.4
TKT508874,2026-03-22,Phone,Cards,Payment Failed,Negative,Critical,Pending,31.8,1.9
TKT509857,2026-03-22,Chat,Loans,App Bug,Positive,Low,Resolved,26.5,4.6
TKT507797,2026-03-22,Email,Mobile App,Login Issue,Neutral,Medium,Pending,35.4,4.3
TKT500271,2026-03-22,Email,Cards,Account Access,Neutral,Medium,Pending,50.1,3.9
TKT506907,2026-03-22,Chat,Account,Card Issue,Positive,Medium,Resolved,29.3,3.4
TKT507879,2026-03-22,Email,Loans,Card Issue,Neutral,Low,Pending,35.7,3.7
TKT500270,2026-03-22,Phone,Loans,Refund Delay,Negative,High,Pending,49.3,2.2
TKT501035,2026-03-22,Social,Mobile App,Loan Query,Neutral,Medium,Pending,40.3,3.8
TKT506547,2026-03-23,Chat,Cards,Loan Query,Neutral,Medium,Resolved,19.7,4.5
TKT507790,2026-03-23,Phone,Mobile App,Account Access,Negative,Medium,Resolved,29.3,2.3
TKT511498,2026-03-23,Social,Mobile App,Login Issue,Negative,Low,Resolved,24.7,2.2
TKT505188,2026-03-23,Chat,Cards,Account Access,Negative,Medium,Resolved,19.1,3.3
TKT503631,2026-03-23,Chat,Payments,Refund Delay,Neutral,Medium,Resolved,25.2,3.9
TKT505931,2026-03-23,Phone,Loans,Account Access,Negative,Low,Resolved,23.9,2.5
TKT500756,2026-03-23,Email,Payments,Refund Delay,Negative,High,Pending,47.1,1.8
TKT506946,2026-03-23,Email,Mobile App,Login Issue,Positive,Medium,Pending,36.9,3.4
TKT502508,2026-03-23,Phone,Payments,Payment Failed,Negative,Critical,Pending,41.7,2.0
TKT511293,2026-03-23,Phone,Payments,Payment Failed,Negative,Medium,Resolved,28.1,3.1
TKT503712,2026-03-23,Email,Payments,Login Issue,Positive,Low,Pending,37.9,4.3
TKT500761,2026-03-23,Social,Payments,Payment Failed,Negative,High,Pending,30.1,3.0
TKT511774,2026-03-23,Chat,Payments,Loan Query,Positive,Low,Resolved,19.9,3.1
TKT501886,2026-03-23,Phone,Account,Login Issue,Negative,High,Pending,33.1,1.0
TKT501589,2026-03-23,Chat,Payments,Login Issue,Negative,Critical,Resolved,27.0,1.5
TKT504955,2026-03-23,Phone,Payments,App Bug,Neutral,Medium,Resolved,29.8,4.0
TKT509101,2026-03-23,Social,Payments,Login Issue,Negative,High,Resolved,29.6,3.3
TKT505449,2026-03-23,Phone,Loans,App Bug,Negative,High,Pending,34.6,2.9
TKT509753,2026-03-23,Phone,Loans,Refund Delay,Neutral,Medium,Resolved,23.6,3.4
TKT506334,2026-03-23,Chat,Cards,Login Issue,Neutral,Low,Resolved,26.8,3.3
TKT505920,2026-03-23,Chat,Loans,App Bug,Neutral,Low,Resolved,13.5,3.6
TKT505105,2026-03-23,Phone,Mobile App,Loan Query,Positive,High,Pending,44.8,3.6
TKT503474,2026-03-23,Email,Payments,Card Issue,Positive,Medium,Pending,37.1,3.8
TKT506957,2026-03-23,Phone,Payments,App Bug,Negative,Medium,Resolved,22.0,2.8
TKT501158,2026-03-24,Email,Loans,Refund Delay,Neutral,Medium,Pending,43.5,3.3
TKT507063,2026-03-24,Email,Mobile App,Card Issue,Neutral,Low,Pending,36.4,3.6
TKT502107,2026-03-24,Chat,Payments,Payment Failed,Neutral,High,Resolved,23.2,3.6
TKT500382,2026-03-24,Phone,Payments,Payment Failed,Neutral,Medium,Resolved,19.1,3.6
TKT502364,2026-03-24,Social,Mobile App,Refund Delay,Negative,Medium,Pending,35.6,2.4
TKT510996,2026-03-24,Phone,Loans,Payment Failed,Neutral,High,Pending,33.4,3.6
TKT506163,2026-03-24,Social,Mobile App,App Bug,Negative,Medium,Pending,30.3,1.8
TKT511837,2026-03-24,Chat,Mobile App,Card Issue,Negative,High,Resolved,22.7,2.8
TKT501687,2026-03-24,Phone,Mobile App,Login Issue,Positive,Low,Pending,35.7,3.4
TKT503995,2026-03-24,Social,Mobile App,Refund Delay,Positive,Medium,Pending,42.1,4.0
TKT504727,2026-03-24,Chat,Cards,Account Access,Negative,Medium,Pending,39.3,2.3
TKT504721,2026-03-24,Phone,Payments,Payment Failed,Negative,Medium,Resolved,20.5,2.3
TKT501150,2026-03-24,Social,Mobile App,Refund Delay,Negative,Medium,Resolved,20.6,3.3
TKT503152,2026-03-24,Email,Payments,Login Issue,Negative,High,Pending,50.7,2.8
TKT511165,2026-03-24,Email,Account,Loan Query,Negative,High,Pending,45.9,2.8
TKT500225,2026-03-24,Chat,Mobile App,Account Access,Negative,High,Resolved,23.1,2.9
TKT510589,2026-03-24,Phone,Mobile App,Loan Query,Neutral,Medium,Resolved,28.6,3.4
TKT506442,2026-03-24,Email,Account,Card Issue,Negative,High,Pending,53.0,2.2
TKT502775,2026-03-24,Email,Mobile App,Account Access,Negative,Low,Pending,33.8,3.7
TKT508346,2026-03-24,Email,Mobile App,Refund Delay,Negative,High,Pending,46.4,1.3
TKT500821,2026-03-24,Social,Payments,Account Access,Neutral,Low,Pending,30.4,3.5
TKT505299,2026-03-24,Chat,Account,Refund Delay,Positive,High,Pending,48.2,3.5
TKT506610,2026-03-25,Email,Account,Login Issue,Neutral,Medium,Pending,37.2,2.8
TKT500029,2026-03-25,Email,Payments,App Bug,Neutral,Medium,Pending,31.8,4.2
TKT509555,2026-03-25,Chat,Payments,Payment Failed,Negative,Critical,Pending,47.9,3.7
TKT502920,2026-03-25,Chat,Mobile App,Card Issue,Negative,Medium,Resolved,20.1,3.0
TKT509345,2026-03-25,Phone,Account,Login Issue,Positive,Low,Resolved,22.4,3.8
TKT508705,2026-03-25,Phone,Cards,App Bug,Negative,Medium,Pending,31.9,1.8
TKT500250,2026-03-25,Chat,Payments,Payment Failed,Negative,Critical,Pending,31.6,2.8
TKT505936,2026-03-25,Email,Cards,Card Issue,Negative,High,Pending,42.9,2.7
TKT507200,2026-03-25,Phone,Payments,Loan Query,Negative,High,Pending,32.1,3.0
TKT507691,2026-03-25,Email,Mobile App,Payment Failed,Positive,Medium,Pending,32.9,4.5
TKT506845,2026-03-25,Email,Mobile App,Payment Failed,Negative,Medium,Escalated,56.8,1.4
TKT507138,2026-03-25,Email,Loans,Refund Delay,Negative,Low,Pending,43.3,2.8
TKT506943,2026-03-25,Phone,Mobile App,App Bug,Negative,Low,Resolved,28.1,2.9
TKT509027,2026-03-25,Phone,Cards,Refund Delay,Positive,Medium,Pending,30.1,4.9
TKT501332,2026-03-25,Email,Payments,Account Access,Positive,High,Pending,42.9,4.0
TKT506033,2026-03-25,Phone,Account,Account Access,Positive,Low,Pending,30.6,4.1
TKT509997,2026-03-25,Phone,Account,Payment Failed,Positive,Low,Pending,37.8,3.7
TKT509999,2026-03-25,Email,Mobile App,Login Issue,Neutral,Low,Pending,44.5,3.9
TKT505308,2026-03-25,Email,Mobile App,Payment Failed,Negative,Medium,Pending,32.1,1.9
TKT507468,2026-03-25,Email,Account,Payment Failed,Negative,Medium,Pending,50.5,3.0
TKT501421,2026-03-25,Chat,Payments,Account Access,Neutral,Low,Resolved,16.8,3.7
TKT511018,2026-03-25,Social,Account,Account Access,Neutral,High,Pending,32.3,4.9
TKT505229,2026-03-25,Phone,Payments,Card Issue,Neutral,Medium,Resolved,28.4,3.8
TKT502403,2026-03-25,Email,Payments,Refund Delay,Positive,Medium,Pending,43.2,3.8
TKT510650,2026-03-26,Email,Cards,Login Issue,Negative,High,Escalated,66.8,2.6
TKT505689,2026-03-26,Chat,Loans,Login Issue,Negative,High,Resolved,27.7,2.7
TKT502295,2026-03-26,Social,Account,Account Access,Positive,High,Resolved,29.3,3.9
TKT501560,2026-03-26,Social,Account,Refund Delay,Positive,Medium,Pending,42.4,3.8
TKT507234,2026-03-26,Email,Account,Card Issue,Neutral,High,Pending,49.0,3.8
TKT506526,2026-03-26,Chat,Loans,Login Issue,Negative,High,Pending,40.8,2.2
TKT511517,2026-03-26,Email,Loans,Payment Failed,Positive,Medium,Pending,48.1,3.9
TKT506883,2026-03-26,Chat,Loans,App Bug,Negative,Medium,Pending,30.9,2.8
TKT507320,2026-03-26,Email,Account,Loan Query,Negative,High,Pending,38.2,2.9
TKT509652,2026-03-26,Email,Account,Refund Delay,Positive,Medium,Pending,36.4,3.7
TKT502086,2026-03-26,Chat,Cards,App Bug,Positive,High,Pending,33.7,3.7
TKT505584,2026-03-26,Email,Account,Login Issue,Positive,Low,Pending,38.6,3.6
TKT502099,2026-03-26,Chat,Payments,Account Access,Neutral,Medium,Pending,34.9,3.0
TKT506036,2026-03-26,Chat,Account,Login Issue,Negative,High,Pending,37.5,2.7
TKT504826,2026-03-26,Social,Account,Refund Delay,Neutral,Medium,Resolved,27.9,3.8
TKT511801,2026-03-26,Chat,Payments,Refund Delay,Negative,High,Resolved,24.7,2.8
TKT511253,2026-03-26,Phone,Cards,Loan Query,Positive,Low,Resolved,25.2,3.6
TKT504127,2026-03-26,Email,Payments,Payment Failed,Negative,High,Pending,48.2,2.7
TKT510924,2026-03-27,Email,Account,Refund Delay,Neutral,High,Escalated,72.8,3.1
TKT510545,2026-03-27,Phone,Cards,Payment Failed,Negative,High,Pending,41.8,2.6
TKT506387,2026-03-27,Chat,Payments,Card Issue,Positive,High,Resolved,28.0,3.2
TKT509483,2026-03-27,Email,Payments,Payment Failed,Negative,Low,Pending,37.2,2.9
TKT505036,2026-03-27,Chat,Cards,Payment Failed,Negative,High,Resolved,29.0,3.5
TKT503581,2026-03-27,Chat,Payments,Login Issue,Neutral,High,Pending,31.6,3.1
TKT501052,2026-03-27,Phone,Payments,App Bug,Negative,High,Pending,33.7,2.8
TKT506807,2026-03-27,Phone,Account,Payment Failed,Negative,Critical,Pending,45.4,2.2
TKT501745,2026-03-27,Phone,Cards,Loan Query,Positive,Low,Resolved,26.8,4.1
TKT500801,2026-03-27,Phone,Mobile App,Refund Delay,Negative,High,Pending,33.4,2.0
TKT506091,2026-03-27,Email,Cards,Card Issue,Negative,High,Escalated,77.0,2.5
TKT504801,2026-03-27,Chat,Mobile App,Account Access,Negative,Medium,Resolved,24.4,2.4
TKT511987,2026-03-27,Phone,Account,Card Issue,Negative,Medium,Resolved,19.8,1.9
TKT503891,2026-03-27,Email,Cards,Card Issue,Neutral,Medium,Pending,41.1,4.0
TKT510552,2026-03-27,Email,Cards,Loan Query,Neutral,Low,Pending,34.8,4.1
TKT505139,2026-03-27,Email,Mobile App,App Bug,Neutral,Medium,Pending,44.5,4.2
TKT501179,2026-03-27,Social,Loans,Payment Failed,Negative,Medium,Resolved,27.2,2.2
TKT511152,2026-03-27,Chat,Cards,Refund Delay,Neutral,High,Pending,33.8,3.2
TKT508163,2026-03-27,Email,Loans,Payment Failed,Negative,Critical,Escalated,58.0,1.3
TKT506533,2026-03-27,Chat,Payments,Account Access,Positive,Medium,Resolved,16.5,3.4
TKT501866,2026-03-28,Social,Cards,Payment Failed,Negative,High,Pending,42.3,1.6
TKT509582,2026-03-28,Chat,Cards,Refund Delay,Positive,Low,Resolved,20.8,3.7
TKT508065,2026-03-28,Phone,Payments,Card Issue,Negative,High,Pending,35.8,2.8
TKT507953,2026-03-28,Email,Mobile App,Loan Query,Negative,High,Pending,53.7,2.6
TKT502466,2026-03-28,Social,Account,Refund Delay,Positive,Low,Resolved,29.2,3.3
TKT502810,2026-03-28,Phone,Cards,Loan Query,Positive,Low,Resolved,28.3,4.0
TKT504389,2026-03-28,Phone,Cards,Loan Query,Positive,Low,Resolved,27.7,3.8
TKT500844,2026-03-28,Chat,Mobile App,Payment Failed,Neutral,High,Resolved,27.3,4.0
TKT508210,2026-03-28,Chat,Account,App Bug,Negative,High,Pending,30.6,2.0
TKT502579,2026-03-28,Email,Cards,Loan Query,Positive,Low,Pending,31.4,2.7
TKT506365,2026-03-28,Social,Payments,Refund Delay,Neutral,Medium,Resolved,29.4,4.0
TKT501303,2026-03-28,Chat,Account,App Bug,Neutral,Medium,Resolved,26.6,3.3
TKT511541,2026-03-28,Email,Mobile App,Payment Failed,Positive,Low,Pending,32.1,3.0
TKT509720,2026-03-28,Phone,Payments,Loan Query,Positive,Low,Resolved,28.2,3.2
TKT501494,2026-03-28,Social,Mobile App,App Bug,Negative,Medium,Resolved,24.0,2.8
TKT508515,2026-03-28,Chat,Loans,Payment Failed,Negative,Medium,Resolved,14.9,2.4
TKT503666,2026-03-28,Social,Mobile App,App Bug,Negative,Low,Pending,33.1,3.0
TKT507045,2026-03-28,Chat,Mobile App,Payment Failed,Negative,Medium,Resolved,23.0,2.7
TKT508268,2026-03-28,Chat,Payments,Payment Failed,Neutral,Critical,Pending,33.8,4.4
TKT505269,2026-03-28,Email,Payments,Login Issue,Negative,High,Pending,38.0,2.3
TKT506175,2026-03-29,Chat,Account,Refund Delay,Positive,Medium,Resolved,29.0,4.7
TKT510848,2026-03-29,Chat,Cards,Account Access,Negative,High,Pending,30.9,2.6
TKT511919,2026-03-29,Social,Cards,App Bug,Negative,Medium,Resolved,26.3,3.2
TKT501200,2026-03-29,Email,Mobile App,Card Issue,Neutral,Low,Pending,38.8,3.6
TKT502451,2026-03-29,Chat,Payments,Refund Delay,Neutral,Low,Resolved,16.6,2.9
TKT506466,2026-03-29,Chat,Cards,Account Access,Negative,High,Pending,31.5,2.2
TKT510307,2026-03-29,Phone,Account,Payment Failed,Negative,High,Pending,31.6,2.8
TKT510052,2026-03-29,Chat,Account,Login Issue,Neutral,Medium,Resolved,27.2,3.9
TKT504180,2026-03-29,Chat,Account,Account Access,Neutral,Medium,Resolved,20.7,3.0
TKT504885,2026-03-29,Email,Account,Payment Failed,Negative,Critical,Pending,45.0,2.6
TKT511416,2026-03-29,Phone,Payments,Account Access,Negative,High,Pending,39.7,3.0
TKT502477,2026-03-29,Chat,Cards,App Bug,Positive,Low,Resolved,25.3,3.6
TKT507880,2026-03-29,Email,Mobile App,Loan Query,Positive,Medium,Pending,37.1,3.9
TKT509296,2026-03-29,Phone,Loans,Payment Failed,Neutral,Medium,Pending,39.2,4.2
TKT508648,2026-03-29,Phone,Mobile App,Payment Failed,Negative,Critical,Pending,39.8,2.1
TKT508365,2026-03-29,Phone,Mobile App,App Bug,Neutral,High,Pending,34.8,3.6
TKT500504,2026-03-29,Phone,Cards,Loan Query,Negative,Medium,Resolved,23.9,2.1
TKT507793,2026-03-30,Phone,Cards,Account Access,Positive,High,Resolved,26.6,3.3
TKT501593,2026-03-30,Social,Cards,App Bug,Negative,High,Pending,32.9,2.2
TKT501700,2026-03-30,Social,Loans,App Bug,Positive,Low,Pending,37.5,3.5
TKT505871,2026-03-30,Email,Cards,Card Issue,Neutral,High,Pending,51.4,2.8
TKT503059,2026-03-30,Phone,Mobile App,Login Issue,Positive,Medium,Pending,35.4,3.9
TKT500222,2026-03-30,Social,Mobile App,Payment Failed,Negative,High,Pending,37.6,3.3
TKT508098,2026-03-30,Email,Account,App Bug,Neutral,Medium,Pending,38.9,3.6
TKT502033,2026-03-30,Social,Loans,Payment Failed,Negative,High,Pending,36.3,2.8
TKT511708,2026-03-30,Email,Account,Payment Failed,Negative,High,Pending,49.9,3.7
TKT508253,2026-03-30,Email,Payments,Payment Failed,Negative,Critical,Escalated,80.4,1.8
TKT511247,2026-03-30,Chat,Loans,Login Issue,Negative,High,Resolved,28.8,3.5
TKT501189,2026-03-30,Chat,Payments,Login Issue,Neutral,Medium,Resolved,16.1,3.8
TKT501384,2026-03-30,Chat,Mobile App,Payment Failed,Neutral,Low,Resolved,18.2,3.7
TKT505155,2026-03-30,Social,Mobile App,Login Issue,Neutral,Medium,Resolved,26.8,3.1
TKT507930,2026-03-30,Social,Cards,Payment Failed,Positive,Low,Pending,30.1,2.6
TKT511243,2026-03-30,Email,Payments,Login Issue,Neutral,Medium,Pending,36.2,4.0
TKT510395,2026-03-30,Chat,Payments,Account Access,Negative,High,Pending,34.0,2.3
TKT503707,2026-03-30,Email,Mobile App,Refund Delay,Neutral,Medium,Pending,36.1,3.6
TKT511476,2026-03-30,Phone,Account,Login Issue,Negative,Low,Resolved,22.8,2.2
TKT511905,2026-03-31,Social,Mobile App,Refund Delay,Negative,High,Pending,30.4,1.9
TKT507871,2026-03-31,Email,Cards,Refund Delay,Negative,High,Pending,42.8,2.1
TKT511925,2026-03-31,Chat,Mobile App,Refund Delay,Positive,Medium,Resolved,12.9,3.7
TKT511932,2026-03-31,Chat,Cards,App Bug,Negative,High,Resolved,21.6,2.3
TKT508814,2026-03-31,Phone,Loans,Card Issue,Negative,High,Pending,33.3,2.3
TKT505897,2026-03-31,Chat,Account,Card Issue,Neutral,Low,Resolved,27.9,4.0
TKT505885,2026-03-31,Phone,Payments,Payment Failed,Negative,High,Pending,37.9,3.4
TKT501884,2026-03-31,Email,Mobile App,Payment Failed,Positive,High,Pending,40.2,4.3
TKT503106,2026-03-31,Phone,Mobile App,Login Issue,Negative,High,Pending,40.9,2.0
TKT502119,2026-03-31,Chat,Cards,Payment Failed,Positive,Critical,Pending,46.2,4.3
TKT502860,2026-03-31,Social,Cards,App Bug,Positive,Medium,Resolved,26.5,3.7
TKT505729,2026-03-31,Email,Payments,App Bug,Neutral,Low,Pending,36.4,2.8
TKT505870,2026-03-31,Email,Cards,Refund Delay,Positive,Critical,Escalated,67.6,3.3
TKT500952,2026-03-31,Email,Cards,Payment Failed,Negative,High,Pending,52.1,2.7
TKT500413,2026-03-31,Phone,Mobile App,App Bug,Neutral,Low,Pending,37.5,3.4
TKT511181,2026-03-31,Phone,Mobile App,Payment Failed,Positive,Medium,Pending,35.7,4.4
TKT503805,2026-03-31,Phone,Loans,App Bug,Negative,High,Pending,36.1,3.4
TKT508294,2026-03-31,Chat,Mobile App,Loan Query,Positive,Low,Resolved,20.2,3.3
TKT506402,2026-03-31,Email,Cards,Payment Failed,Negative,Critical,Pending,53.8,3.9
TKT505973,2026-03-31,Chat,Account,App Bug,Positive,Medium,Resolved,19.0,3.5
TKT505296,2026-03-31,Social,Account,Card Issue,Negative,High,Pending,48.5,2.2
TKT504188,2026-03-31,Phone,Loans,Login Issue,Positive,Medium,Resolved,19.5,3.9
TKT510831,2026-03-31,Phone,Cards,App Bug,Negative,Medium,Resolved,27.6,1.9
TKT508817,2026-04-01,Phone,Loans,Card Issue,Negative,Medium,Resolved,24.2,4.4
TKT511330,2026-04-01,Email,Account,Card Issue,Negative,Critical,Pending,43.2,2.9
TKT501527,2026-04-01,Email,Cards,Refund Delay,Neutral,Medium,Pending,47.6,3.3
TKT506816,2026-04-01,Chat,Payments,Payment Failed,Neutral,High,Resolved,27.0,2.5
TKT506301,2026-04-01,Phone,Cards,Payment Failed,Negative,High,Pending,32.7,2.3
TKT511891,2026-04-01,Phone,Cards,App Bug,Negative,Medium,Resolved,22.9,1.9
TKT505627,2026-04-01,Phone,Cards,Refund Delay,Negative,Low,Resolved,22.8,2.2
TKT509844,2026-04-01,Email,Mobile App,Refund Delay,Negative,Medium,Pending,54.8,2.3
TKT507712,2026-04-01,Email,Mobile App,Account Access,Negative,High,Escalated,58.7,2.2
TKT511896,2026-04-01,Chat,Payments,Refund Delay,Neutral,Medium,Resolved,13.7,4.1
TKT502537,2026-04-01,Chat,Payments,Login Issue,Negative,High,Resolved,22.7,3.0
TKT500718,2026-04-01,Phone,Cards,Login Issue,Positive,High,Pending,35.6,3.8
TKT506464,2026-04-01,Chat,Loans,Login Issue,Neutral,Medium,Resolved,28.1,4.2
TKT502047,2026-04-01,Social,Payments,Card Issue,Neutral,Medium,Resolved,25.8,4.2
TKT508080,2026-04-01,Email,Mobile App,Payment Failed,Negative,High,Pending,41.6,2.6
TKT500452,2026-04-01,Email,Loans,Refund Delay,Negative,Medium,Pending,39.2,2.9
TKT501368,2026-04-01,Chat,Mobile App,Refund Delay,Negative,Critical,Resolved,27.5,3.3
TKT511256,2026-04-01,Email,Mobile App,App Bug,Positive,Low,Pending,40.3,4.7
TKT502440,2026-04-01,Chat,Mobile App,Login Issue,Neutral,Low,Resolved,19.8,3.2
TKT504113,2026-04-01,Chat,Payments,Loan Query,Positive,Low,Resolved,20.8,3.7
TKT502740,2026-04-01,Email,Payments,App Bug,Negative,Critical,Pending,51.8,2.9
TKT501323,2026-04-01,Chat,Account,Payment Failed,Neutral,Low,Resolved,18.0,3.7
TKT500658,2026-04-02,Phone,Cards,Login Issue,Negative,Low,Resolved,26.1,1.8
TKT504857,2026-04-02,Email,Mobile App,Payment Failed,Negative,Medium,Pending,38.2,3.1
TKT501735,2026-04-02,Email,Payments,Card Issue,Neutral,High,Pending,51.3,4.2
TKT503967,2026-04-02,Chat,Cards,Refund Delay,Neutral,Medium,Resolved,16.6,3.4
TKT500326,2026-04-02,Email,Cards,App Bug,Negative,High,Escalated,62.7,2.6
TKT507008,2026-04-02,Social,Cards,Payment Failed,Negative,High,Pending,30.8,2.7
TKT508141,2026-04-02,Email,Loans,App Bug,Negative,High,Pending,52.1,2.2
TKT510751,2026-04-02,Social,Payments,Refund Delay,Negative,High,Pending,38.2,3.1
TKT508358,2026-04-02,Chat,Mobile App,Payment Failed,Neutral,High,Resolved,28.9,3.8
TKT508749,2026-04-02,Email,Mobile App,Login Issue,Positive,Low,Pending,43.9,4.2
TKT503701,2026-04-02,Chat,Payments,App Bug,Neutral,Medium,Resolved,28.1,3.4
TKT505675,2026-04-02,Chat,Payments,Loan Query,Positive,High,Pending,30.6,2.7
TKT503188,2026-04-02,Chat,Mobile App,Card Issue,Negative,High,Resolved,22.9,2.6
TKT510853,2026-04-02,Chat,Account,Payment Failed,Negative,High,Resolved,27.2,2.4
TKT501940,2026-04-02,Email,Mobile App,Login Issue,Negative,Medium,Pending,47.7,2.2
TKT500683,2026-04-02,Email,Mobile App,Login Issue,Positive,Low,Pending,36.5,3.7
TKT501629,2026-04-02,Chat,Loans,Account Access,Negative,High,Resolved,26.1,2.6
TKT504288,2026-04-02,Chat,Account,Account Access,Negative,Medium,Resolved,27.9,3.9
TKT510050,2026-04-02,Chat,Loans,Login Issue,Positive,Medium,Resolved,16.8,3.9
TKT506435,2026-04-02,Email,Mobile App,Refund Delay,Neutral,Low,Pending,32.4,5.0
TKT505330,2026-04-02,Phone,Mobile App,Payment Failed,Neutral,Low,Pending,33.0,3.2
TKT508617,2026-04-03,Chat,Loans,Refund Delay,Neutral,Medium,Resolved,27.6,3.7
TKT510388,2026-04-03,Phone,Account,Login Issue,Neutral,Medium,Resolved,20.8,3.2
TKT503866,2026-04-03,Phone,Mobile App,Refund Delay,Negative,High,Pending,44.0,2.4
TKT507059,2026-04-03,Social,Account,Card Issue,Positive,Low,Resolved,21.8,3.0
TKT502723,2026-04-03,Chat,Mobile App,Account Access,Neutral,Medium,Resolved,26.0,4.3
TKT507546,2026-04-03,Email,Mobile App,Login Issue,Negative,High,Pending,38.1,3.1
TKT508984,2026-04-03,Email,Loans,Card Issue,Negative,High,Escalated,75.5,1.2
TKT500915,2026-04-03,Social,Cards,App Bug,Neutral,Medium,Resolved,22.3,4.5
TKT505881,2026-04-03,Email,Payments,Payment Failed,Negative,High,Pending,46.0,1.1
TKT508956,2026-04-03,Chat,Mobile App,Login Issue,Negative,High,Resolved,21.2,2.0
TKT505622,2026-04-03,Email,Mobile App,Account Access,Neutral,Medium,Pending,43.0,3.5
TKT501813,2026-04-03,Chat,Payments,Payment Failed,Negative,Low,Pending,32.8,2.8
TKT500224,2026-04-03,Chat,Payments,Payment Failed,Negative,High,Pending,33.6,2.8
TKT511921,2026-04-03,Chat,Payments,Account Access,Positive,Medium,Resolved,27.9,3.2
TKT511920,2026-04-03,Phone,Loans,Payment Failed,Negative,High,Resolved,27.0,2.7
TKT501308,2026-04-03,Email,Cards,Payment Failed,Neutral,Medium,Pending,40.7,3.7
TKT506847,2026-04-03,Email,Payments,Login Issue,Positive,High,Pending,45.4,3.9
TKT500198,2026-04-03,Email,Account,Card Issue,Neutral,Medium,Pending,32.4,3.9
TKT511504,2026-04-03,Chat,Account,Account Access,Neutral,Critical,Resolved,25.9,3.5
TKT509579,2026-04-04,Chat,Mobile App,Login Issue,Positive,Medium,Resolved,26.1,3.9
TKT505524,2026-04-04,Social,Account,Card Issue,Neutral,Medium,Pending,47.8,3.5
TKT502883,2026-04-04,Email,Account,Payment Failed,Neutral,Medium,Pending,35.8,3.2
TKT505953,2026-04-04,Phone,Payments,Account Access,Positive,Medium,Pending,37.9,4.4
TKT508033,2026-04-04,Social,Mobile App,Loan Query,Neutral,High,Resolved,29.8,4.9
TKT501994,2026-04-04,Phone,Mobile App,Account Access,Negative,High,Pending,39.3,1.8
TKT505160,2026-04-04,Email,Cards,Card Issue,Negative,Low,Escalated,62.0,1.0
TKT505193,2026-04-04,Chat,Payments,Loan Query,Positive,High,Pending,34.5,4.2
TKT505576,2026-04-04,Social,Mobile App,App Bug,Neutral,Low,Pending,40.7,3.4
TKT507651,2026-04-04,Phone,Mobile App,Card Issue,Neutral,Low,Resolved,21.4,3.8
TKT501463,2026-04-04,Phone,Mobile App,Login Issue,Neutral,Low,Pending,30.0,3.2
TKT511087,2026-04-04,Email,Payments,Account Access,Positive,Medium,Pending,42.4,3.2
TKT511329,2026-04-04,Phone,Mobile App,Payment Failed,Negative,Critical,Pending,33.4,3.3
TKT506462,2026-04-04,Chat,Account,Refund Delay,Negative,High,Resolved,23.9,2.2
TKT507269,2026-04-04,Email,Account,Login Issue,Negative,Medium,Pending,34.7,3.5
TKT509333,2026-04-04,Email,Mobile App,Refund Delay,Neutral,Medium,Pending,36.4,3.6
TKT502544,2026-04-04,Email,Account,Payment Failed,Neutral,Low,Pending,34.9,4.3
TKT511811,2026-04-04,Chat,Loans,Refund Delay,Positive,High,Resolved,29.0,3.4
TKT507375,2026-04-04,Phone,Payments,App Bug,Negative,Low,Pending,41.6,1.7
TKT501653,2026-04-04,Email,Payments,Refund Delay,Positive,Low,Pending,51.3,3.7
TKT502310,2026-04-05,Chat,Cards,Refund Delay,Neutral,Medium,Resolved,26.5,4.2
TKT501803,2026-04-05,Phone,Mobile App,App Bug,Neutral,Medium,Pending,41.1,3.3
TKT501316,2026-04-05,Chat,Loans,Login Issue,Negative,High,Pending,35.2,2.9
TKT502103,2026-04-05,Email,Payments,Refund Delay,Negative,Low,Pending,54.9,2.2
TKT511206,2026-04-05,Chat,Account,Card Issue,Negative,High,Resolved,24.9,2.2
TKT510235,2026-04-05,Email,Payments,Login Issue,Neutral,Low,Pending,52.5,3.3
TKT505543,2026-04-05,Phone,Cards,Login Issue,Positive,Low,Resolved,22.0,4.0
TKT509946,2026-04-05,Phone,Mobile App,Login Issue,Negative,High,Pending,31.5,1.7
TKT502893,2026-04-05,Chat,Loans,Account Access,Positive,High,Resolved,28.8,4.2
TKT509412,2026-04-05,Social,Payments,Loan Query,Positive,High,Pending,35.4,4.0
TKT502856,2026-04-05,Phone,Cards,Refund Delay,Negative,High,Pending,33.7,1.9
TKT509531,2026-04-05,Email,Cards,Loan Query,Positive,Low,Escalated,62.0,2.7
TKT510319,2026-04-05,Email,Payments,Payment Failed,Negative,High,Pending,41.0,2.5
TKT508373,2026-04-05,Email,Cards,Payment Failed,Negative,Critical,Pending,50.4,2.8
TKT500812,2026-04-05,Phone,Account,Login Issue,Positive,Low,Pending,31.0,4.1
TKT508265,2026-04-05,Chat,Payments,Payment Failed,Neutral,Critical,Pending,53.5,4.8
TKT505366,2026-04-05,Email,Mobile App,Login Issue,Neutral,High,Pending,52.5,3.5
TKT511107,2026-04-05,Chat,Loans,Account Access,Positive,High,Pending,43.7,3.5
TKT505700,2026-04-05,Chat,Payments,Login Issue,Negative,High,Resolved,25.5,3.2
TKT510850,2026-04-05,Chat,Mobile App,Payment Failed,Neutral,Critical,Pending,52.4,4.6
TKT500792,2026-04-05,Email,Account,Loan Query,Neutral,Low,Pending,42.5,4.3
TKT509012,2026-04-05,Chat,Payments,Payment Failed,Negative,Critical,Pending,41.7,3.0
TKT506566,2026-04-05,Chat,Mobile App,Card Issue,Positive,Medium,Resolved,21.3,3.7
TKT511532,2026-04-06,Chat,Account,Login Issue,Negative,Medium,Resolved,18.7,2.5
TKT506261,2026-04-06,Phone,Payments,Login Issue,Negative,High,Pending,34.3,2.5
TKT511583,2026-04-06,Email,Payments,Payment Failed,Negative,Medium,Pending,32.8,2.9
TKT508099,2026-04-06,Chat,Mobile App,App Bug,Neutral,Low,Resolved,19.6,3.4
TKT500488,2026-04-06,Email,Account,Login Issue,Negative,Low,Pending,35.5,2.5
TKT508873,2026-04-06,Chat,Mobile App,Login Issue,Negative,High,Resolved,26.1,2.2
TKT506463,2026-04-06,Social,Payments,Refund Delay,Neutral,Medium,Resolved,29.4,3.7
TKT502783,2026-04-06,Chat,Mobile App,Loan Query,Positive,High,Pending,32.7,3.4
TKT500125,2026-04-06,Email,Account,Loan Query,Positive,Medium,Pending,34.2,3.0
TKT501650,2026-04-06,Social,Mobile App,Payment Failed,Positive,Low,Resolved,25.0,4.1
TKT502038,2026-04-06,Chat,Mobile App,Account Access,Positive,Medium,Resolved,24.1,4.4
TKT501626,2026-04-06,Chat,Cards,Refund Delay,Negative,High,Pending,34.2,2.7
TKT510196,2026-04-06,Phone,Mobile App,Refund Delay,Negative,High,Pending,52.0,3.6
TKT505329,2026-04-06,Chat,Cards,Refund Delay,Neutral,Medium,Resolved,12.9,4.0
TKT508524,2026-04-06,Chat,Cards,Login Issue,Negative,High,Pending,49.4,2.6
TKT507957,2026-04-06,Phone,Payments,Loan Query,Neutral,Low,Pending,33.8,3.9
TKT510282,2026-04-06,Email,Loans,Refund Delay,Negative,High,Pending,40.6,2.8
TKT506016,2026-04-06,Phone,Account,Refund Delay,Positive,High,Pending,33.6,4.4
TKT507457,2026-04-06,Chat,Mobile App,App Bug,Negative,Medium,Resolved,16.9,2.7
TKT511791,2026-04-06,Email,Payments,Payment Failed,Neutral,Low,Pending,50.3,4.6
TKT500376,2026-04-07,Phone,Cards,Login Issue,Negative,High,Resolved,28.9,2.4
TKT506732,2026-04-07,Email,Payments,App Bug,Neutral,Low,Pending,44.8,4.2
TKT507654,2026-04-07,Social,Payments,Payment Failed,Neutral,Low,Pending,32.1,3.3
TKT503365,2026-04-07,Email,Mobile App,Account Access,Negative,Medium,Pending,47.9,1.8
TKT511195,2026-04-07,Social,Payments,Refund Delay,Neutral,Low,Resolved,27.1,3.6
TKT502745,2026-04-07,Phone,Mobile App,Payment Failed,Negative,High,Resolved,26.5,3.0
TKT501846,2026-04-07,Chat,Account,Login Issue,Positive,Low,Resolved,15.4,4.0
TKT501956,2026-04-07,Email,Payments,Payment Failed,Negative,High,Pending,40.0,1.9
TKT501549,2026-04-07,Phone,Loans,Payment Failed,Neutral,Critical,Pending,39.4,4.0
TKT500919,2026-04-07,Chat,Account,Account Access,Positive,Low,Resolved,16.0,4.5
TKT507750,2026-04-07,Email,Payments,Payment Failed,Negative,High,Pending,45.2,2.4
TKT501382,2026-04-07,Chat,Mobile App,Payment Failed,Neutral,Low,Resolved,15.5,3.6
TKT507594,2026-04-07,Social,Mobile App,Loan Query,Neutral,High,Pending,30.6,3.6
TKT504398,2026-04-07,Chat,Account,App Bug,Negative,Medium,Resolved,18.2,2.3
TKT506226,2026-04-07,Phone,Payments,Account Access,Negative,Critical,Pending,37.4,3.3
TKT502357,2026-04-07,Phone,Account,Refund Delay,Negative,Critical,Pending,41.6,3.3
TKT500161,2026-04-07,Chat,Account,Account Access,Negative,Low,Resolved,18.0,2.0
TKT511589,2026-04-07,Email,Mobile App,Card Issue,Negative,Medium,Pending,35.8,3.2
TKT505565,2026-04-07,Chat,Mobile App,Login Issue,Positive,Medium,Resolved,16.7,3.1
TKT500608,2026-04-08,Phone,Account,Refund Delay,Negative,High,Pending,46.9,2.6
TKT507290,2026-04-08,Phone,Payments,Card Issue,Negative,High,Pending,34.8,2.9
TKT500386,2026-04-08,Chat,Account,Refund Delay,Neutral,Low,Resolved,15.6,3.3
TKT503460,2026-04-08,Email,Account,Login Issue,Neutral,Critical,Pending,43.4,3.9
TKT500531,2026-04-08,Social,Payments,Account Access,Positive,Low,Pending,34.2,4.6
TKT511237,2026-04-08,Email,Mobile App,Loan Query,Negative,Medium,Pending,47.5,2.4
TKT508718,2026-04-08,Chat,Cards,Card Issue,Negative,Low,Resolved,16.1,2.8
TKT501630,2026-04-08,Chat,Mobile App,Loan Query,Neutral,Low,Resolved,26.2,3.0
TKT502075,2026-04-08,Phone,Cards,Payment Failed,Negative,Medium,Pending,36.4,1.9
TKT500316,2026-04-08,Email,Mobile App,Card Issue,Positive,Low,Pending,45.6,5.0
TKT501797,2026-04-08,Phone,Payments,App Bug,Positive,High,Pending,34.3,4.4
TKT503176,2026-04-08,Social,Mobile App,Login Issue,Neutral,Medium,Pending,41.8,4.0
TKT507435,2026-04-08,Chat,Mobile App,Loan Query,Neutral,Low,Resolved,24.2,3.8
TKT504117,2026-04-08,Email,Mobile App,Login Issue,Neutral,High,Pending,53.4,4.4
TKT506000,2026-04-08,Social,Loans,Payment Failed,Neutral,Critical,Pending,35.5,3.4
TKT510945,2026-04-08,Chat,Cards,Card Issue,Neutral,Low,Resolved,20.6,3.8
TKT501844,2026-04-08,Email,Account,Refund Delay,Negative,High,Pending,46.4,2.9
TKT509700,2026-04-08,Email,Loans,Payment Failed,Negative,High,Pending,40.6,2.1
TKT508983,2026-04-08,Social,Payments,Loan Query,Negative,Medium,Resolved,25.9,2.3
TKT507583,2026-04-09,Phone,Payments,Payment Failed,Negative,Low,Resolved,28.4,3.4
TKT505245,2026-04-09,Social,Mobile App,Payment Failed,Positive,High,Escalated,63.4,2.1
TKT511976,2026-04-09,Email,Payments,Card Issue,Positive,Low,Pending,41.1,3.6
TKT506806,2026-04-09,Email,Loans,Card Issue,Neutral,Critical,Pending,51.3,3.2
TKT508748,2026-04-09,Phone,Payments,App Bug,Neutral,High,Pending,30.2,4.4
TKT505342,2026-04-09,Phone,Cards,Refund Delay,Negative,High,Resolved,27.8,2.8
TKT502046,2026-04-09,Email,Mobile App,Loan Query,Positive,Medium,Pending,32.4,3.6
TKT507354,2026-04-09,Email,Payments,App Bug,Positive,Medium,Pending,38.6,3.9
TKT506262,2026-04-09,Phone,Loans,Loan Query,Positive,High,Pending,32.1,3.7
TKT504767,2026-04-09,Phone,Loans,Payment Failed,Negative,Medium,Resolved,23.7,1.8
TKT504581,2026-04-09,Chat,Loans,Payment Failed,Positive,Low,Resolved,23.4,2.9
TKT507802,2026-04-09,Email,Payments,Payment Failed,Positive,Medium,Pending,37.9,3.3
TKT502678,2026-04-09,Social,Cards,App Bug,Neutral,Low,Resolved,22.1,3.7
TKT504452,2026-04-09,Chat,Payments,Loan Query,Negative,High,Resolved,25.3,3.6
TKT508124,2026-04-09,Email,Payments,Card Issue,Negative,Low,Pending,40.4,2.8
TKT505382,2026-04-09,Email,Mobile App,Payment Failed,Negative,Medium,Pending,50.0,1.7
TKT509011,2026-04-09,Email,Loans,Login Issue,Neutral,Low,Pending,45.8,4.6
TKT506572,2026-04-09,Phone,Payments,Payment Failed,Negative,High,Pending,48.1,2.2
TKT503082,2026-04-09,Chat,Mobile App,Loan Query,Positive,High,Pending,31.6,3.8
TKT504447,2026-04-10,Email,Cards,Account Access,Positive,Low,Pending,52.2,3.8
TKT505278,2026-04-10,Social,Mobile App,Payment Failed,Positive,High,Resolved,27.9,5.0
TKT500011,2026-04-10,Chat,Payments,Loan Query,Positive,Medium,Resolved,23.1,4.1
TKT507876,2026-04-10,Chat,Cards,Payment Failed,Negative,Medium,Resolved,19.4,2.7
TKT503731,2026-04-10,Email,Mobile App,Payment Failed,Neutral,Low,Pending,39.5,3.7
TKT507670,2026-04-10,Email,Mobile App,Login Issue,Neutral,Medium,Pending,33.1,3.8
TKT507729,2026-04-10,Email,Account,Payment Failed,Positive,Critical,Pending,43.6,4.6
TKT502118,2026-04-10,Email,Payments,Login Issue,Positive,Low,Pending,34.5,3.2
TKT511742,2026-04-10,Social,Account,Loan Query,Positive,Medium,Pending,30.0,4.6
TKT502530,2026-04-10,Email,Mobile App,App Bug,Neutral,Medium,Pending,31.3,4.0
TKT504965,2026-04-10,Email,Loans,Login Issue,Negative,Low,Pending,41.4,2.8
TKT501545,2026-04-10,Social,Account,Card Issue,Negative,Medium,Pending,34.6,2.1
TKT510286,2026-04-10,Chat,Mobile App,Card Issue,Positive,Medium,Resolved,25.8,3.7
TKT511287,2026-04-10,Chat,Payments,Refund Delay,Neutral,Medium,Resolved,24.0,3.4
TKT506066,2026-04-10,Chat,Payments,Login Issue,Neutral,Low,Pending,30.1,3.9
TKT500689,2026-04-10,Phone,Account,Account Access,Negative,Medium,Pending,39.0,1.8
TKT504710,2026-04-10,Phone,Account,Card Issue,Neutral,High,Pending,48.7,3.4
TKT500475,2026-04-10,Phone,Loans,Account Access,Negative,High,Pending,35.0,1.7
TKT504537,2026-04-10,Social,Cards,Payment Failed,Neutral,Medium,Resolved,26.7,3.6
TKT503561,2026-04-11,Email,Mobile App,Card Issue,Negative,Low,Pending,35.6,2.5
TKT502942,2026-04-11,Email,Loans,Payment Failed,Negative,High,Pending,50.4,3.0
TKT507405,2026-04-11,Email,Payments,Login Issue,Neutral,High,Pending,44.5,3.8
TKT503628,2026-04-11,Phone,Payments,Login Issue,Negative,High,Resolved,28.0,2.2
TKT503376,2026-04-11,Social,Loans,Login Issue,Neutral,Low,Pending,31.2,3.6
TKT501718,2026-04-11,Phone,Payments,App Bug,Negative,Medium,Pending,44.7,2.6
TKT510168,2026-04-11,Chat,Payments,Refund Delay,Neutral,Low,Resolved,23.0,3.0
TKT510803,2026-04-11,Email,Loans,Login Issue,Negative,Critical,Pending,47.2,2.7
TKT500888,2026-04-11,Chat,Account,Refund Delay,Negative,Medium,Resolved,29.3,2.4
TKT505398,2026-04-11,Phone,Account,Account Access,Negative,High,Pending,31.0,3.0
TKT509510,2026-04-11,Phone,Payments,Payment Failed,Negative,High,Pending,41.5,2.4
TKT510696,2026-04-11,Chat,Payments,Payment Failed,Negative,Critical,Pending,31.7,1.8
TKT504119,2026-04-11,Social,Account,Refund Delay,Positive,Low,Resolved,24.9,3.8
TKT503471,2026-04-11,Chat,Mobile App,Loan Query,Neutral,Medium,Resolved,23.9,4.2
TKT500195,2026-04-11,Chat,Account,Payment Failed,Negative,Medium,Pending,30.1,3.0
TKT505434,2026-04-11,Phone,Mobile App,Account Access,Positive,Medium,Resolved,25.1,3.9
TKT506384,2026-04-11,Chat,Mobile App,Login Issue,Neutral,Low,Pending,37.2,2.0
TKT501761,2026-04-11,Chat,Cards,App Bug,Negative,High,Pending,34.5,1.6
TKT508950,2026-04-11,Email,Mobile App,Account Access,Negative,High,Pending,39.9,2.8
TKT501221,2026-04-11,Chat,Loans,Payment Failed,Negative,Critical,Pending,42.9,2.1
TKT511244,2026-04-11,Social,Loans,Payment Failed,Neutral,Medium,Resolved,23.2,3.4
TKT501604,2026-04-12,Social,Loans,App Bug,Negative,High,Pending,31.6,3.0
TKT505097,2026-04-12,Chat,Payments,Card Issue,Negative,High,Resolved,23.6,3.1
TKT501080,2026-04-12,Phone,Mobile App,Payment Failed,Positive,Medium,Resolved,23.7,3.3
TKT505132,2026-04-12,Chat,Payments,Payment Failed,Positive,Low,Resolved,27.3,3.9
TKT511802,2026-04-12,Social,Payments,Payment Failed,Negative,High,Pending,40.7,2.4
TKT500358,2026-04-12,Social,Loans,Card Issue,Neutral,Medium,Pending,40.2,3.1
TKT511546,2026-04-12,Email,Cards,App Bug,Neutral,Medium,Pending,36.2,3.8
TKT510071,2026-04-12,Chat,Payments,Card Issue,Positive,Medium,Pending,43.8,4.7
TKT504158,2026-04-12,Phone,Cards,Card Issue,Positive,Low,Resolved,24.1,3.5
TKT505034,2026-04-12,Email,Payments,Refund Delay,Negative,Medium,Escalated,58.6,1.2
TKT504834,2026-04-12,Social,Account,App Bug,Negative,Critical,Pending,39.8,3.0
TKT507142,2026-04-12,Social,Cards,Account Access,Neutral,Low,Resolved,25.6,4.6
TKT505171,2026-04-12,Phone,Mobile App,Account Access,Neutral,Low,Resolved,29.0,3.4
TKT508683,2026-04-12,Email,Account,Refund Delay,Negative,Medium,Pending,34.9,2.7
TKT509924,2026-04-12,Chat,Cards,App Bug,Negative,High,Pending,36.9,2.4
TKT506333,2026-04-12,Social,Account,App Bug,Negative,High,Pending,40.3,2.1
TKT504391,2026-04-12,Chat,Mobile App,App Bug,Neutral,Low,Resolved,13.6,3.6
TKT509056,2026-04-12,Phone,Cards,Login Issue,Positive,Medium,Pending,33.5,3.7
TKT510646,2026-04-12,Email,Mobile App,Card Issue,Neutral,Medium,Pending,34.8,4.0
TKT511028,2026-04-12,Chat,Account,Refund Delay,Negative,Medium,Resolved,27.9,2.2
TKT502741,2026-04-12,Email,Payments,Login Issue,Negative,High,Pending,39.7,2.4
TKT507565,2026-04-12,Chat,Mobile App,Payment Failed,Neutral,High,Pending,31.7,3.9
TKT511505,2026-04-12,Email,Payments,Payment Failed,Negative,High,Escalated,57.4,2.1
TKT508295,2026-04-12,Chat,Mobile App,Login Issue,Negative,High,Pending,37.5,2.0
TKT500705,2026-04-13,Social,Payments,Payment Failed,Negative,High,Pending,31.7,3.0
TKT504506,2026-04-13,Phone,Mobile App,Refund Delay,Negative,Medium,Pending,30.1,3.6
TKT506130,2026-04-13,Phone,Cards,Card Issue,Negative,High,Pending,53.7,2.9
TKT508497,2026-04-13,Chat,Cards,Login Issue,Negative,Medium,Resolved,23.6,1.7
TKT510664,2026-04-13,Chat,Mobile App,Refund Delay,Negative,High,Resolved,24.6,2.2
TKT508418,2026-04-13,Phone,Account,Payment Failed,Positive,Critical,Pending,38.0,5.0
TKT501152,2026-04-13,Chat,Mobile App,Card Issue,Positive,High,Resolved,27.0,3.7
TKT505258,2026-04-13,Chat,Account,Payment Failed,Neutral,Critical,Pending,40.2,4.5
TKT505748,2026-04-13,Chat,Account,Refund Delay,Positive,High,Resolved,29.5,4.0
TKT505523,2026-04-13,Phone,Account,App Bug,Positive,Medium,Resolved,23.5,3.7
TKT503124,2026-04-13,Chat,Cards,Refund Delay,Neutral,High,Resolved,25.3,4.1
TKT503420,2026-04-13,Email,Cards,Refund Delay,Negative,High,Escalated,56.2,1.8
TKT503221,2026-04-13,Chat,Payments,App Bug,Positive,Medium,Pending,38.0,4.3
TKT510799,2026-04-13,Social,Cards,Card Issue,Negative,High,Pending,32.4,2.9
TKT502370,2026-04-13,Phone,Loans,Loan Query,Positive,Low,Resolved,21.5,4.3
TKT502061,2026-04-13,Chat,Loans,Refund Delay,Neutral,Low,Resolved,14.5,3.2
TKT502617,2026-04-13,Email,Cards,Payment Failed,Neutral,Critical,Pending,53.2,4.3
TKT510783,2026-04-13,Email,Cards,Card Issue,Negative,Low,Pending,41.2,2.6
TKT506470,2026-04-13,Chat,Account,Payment Failed,Negative,High,Resolved,29.7,1.8
TKT504191,2026-04-13,Email,Payments,Payment Failed,Positive,High,Pending,52.6,4.0
TKT510489,2026-04-13,Email,Cards,Refund Delay,Negative,High,Pending,39.8,1.7
TKT510811,2026-04-13,Chat,Mobile App,App Bug,Neutral,Medium,Resolved,22.6,3.6
TKT511526,2026-04-13,Chat,Account,Loan Query,Neutral,Low,Resolved,26.3,4.0
TKT506773,2026-04-13,Social,Mobile App,Account Access,Neutral,Medium,Pending,30.9,3.3
TKT504638,2026-04-13,Email,Account,Login Issue,Negative,High,Pending,41.7,2.3
TKT504243,2026-04-13,Chat,Account,Refund Delay,Negative,Critical,Pending,41.3,2.1
TKT503633,2026-04-13,Social,Mobile App,App Bug,Negative,Low,Resolved,22.5,1.8
TKT500141,2026-04-13,Social,Mobile App,Account Access,Negative,High,Pending,40.1,2.2
TKT504129,2026-04-13,Chat,Payments,Account Access,Negative,High,Resolved,27.2,2.8
TKT501828,2026-04-13,Chat,Account,Account Access,Positive,High,Resolved,23.9,4.8
TKT501465,2026-04-13,Social,Account,Account Access,Neutral,Medium,Pending,38.4,3.1
TKT508626,2026-04-13,Chat,Mobile App,App Bug,Neutral,Medium,Resolved,24.7,4.6
TKT509886,2026-04-14,Chat,Payments,Loan Query,Negative,Medium,Escalated,59.0,2.1
TKT509794,2026-04-14,Chat,Loans,Loan Query,Positive,Low,Resolved,17.7,4.0
TKT508446,2026-04-14,Email,Cards,Payment Failed,Positive,Critical,Pending,50.6,3.5
TKT501729,2026-04-14,Email,Mobile App,Loan Query,Neutral,Medium,Pending,42.5,3.4
TKT508250,2026-04-14,Social,Cards,Login Issue,Negative,Medium,Resolved,24.7,2.9
TKT501276,2026-04-14,Social,Cards,App Bug,Neutral,Low,Pending,36.4,3.2
TKT504669,2026-04-14,Email,Cards,Refund Delay,Negative,Medium,Pending,32.5,2.5
TKT510156,2026-04-14,Social,Payments,Payment Failed,Negative,Critical,Pending,50.8,2.5
TKT502660,2026-04-14,Email,Payments,Refund Delay,Negative,Medium,Pending,30.2,2.5
TKT500653,2026-04-14,Chat,Account,Card Issue,Negative,Low,Resolved,26.4,3.4
TKT510280,2026-04-14,Email,Account,Loan Query,Neutral,Medium,Pending,36.4,3.4
TKT509536,2026-04-14,Phone,Account,Card Issue,Positive,Low,Pending,32.1,4.1
TKT501935,2026-04-14,Social,Loans,Payment Failed,Negative,High,Pending,38.6,1.8
TKT511434,2026-04-14,Phone,Payments,Login Issue,Negative,Low,Resolved,28.2,2.5
TKT507681,2026-04-14,Email,Cards,Login Issue,Neutral,Medium,Pending,42.4,3.6
TKT508200,2026-04-14,Social,Cards,App Bug,Neutral,Medium,Resolved,21.8,3.5
TKT510340,2026-04-14,Chat,Mobile App,Payment Failed,Neutral,Medium,Resolved,21.4,4.5
TKT509603,2026-04-14,Email,Account,Login Issue,Negative,High,Pending,42.7,2.2
TKT503409,2026-04-15,Email,Mobile App,Refund Delay,Positive,Medium,Pending,48.2,2.6
TKT502820,2026-04-15,Phone,Loans,Loan Query,Positive,Medium,Pending,34.9,3.0
TKT504450,2026-04-15,Chat,Mobile App,Login Issue,Positive,Critical,Pending,48.4,4.1
TKT509669,2026-04-15,Email,Account,App Bug,Neutral,High,Escalated,72.4,3.4
TKT504073,2026-04-15,Chat,Mobile App,Loan Query,Positive,Medium,Resolved,24.6,3.3
TKT510795,2026-04-15,Social,Loans,Card Issue,Neutral,Medium,Pending,33.7,3.8
TKT507103,2026-04-15,Email,Payments,Login Issue,Neutral,Low,Pending,33.3,3.0
TKT506045,2026-04-15,Chat,Mobile App,App Bug,Positive,Low,Resolved,21.9,3.8
TKT509906,2026-04-15,Phone,Account,App Bug,Neutral,High,Pending,47.8,4.1
TKT508602,2026-04-15,Email,Loans,Card Issue,Negative,Low,Pending,38.9,2.3
TKT511744,2026-04-15,Chat,Mobile App,Login Issue,Neutral,Low,Resolved,21.8,3.6
TKT509359,2026-04-15,Email,Mobile App,Payment Failed,Negative,High,Pending,47.3,1.6
TKT500420,2026-04-15,Phone,Mobile App,Account Access,Neutral,Medium,Pending,37.2,3.8
TKT500934,2026-04-15,Phone,Mobile App,Payment Failed,Negative,High,Pending,37.7,2.8
TKT502289,2026-04-15,Social,Mobile App,Refund Delay,Negative,Medium,Resolved,25.5,2.3
TKT508322,2026-04-15,Phone,Mobile App,Card Issue,Negative,High,Pending,43.7,3.2
TKT510644,2026-04-15,Social,Loans,Account Access,Negative,High,Resolved,28.5,1.8
TKT508127,2026-04-15,Chat,Cards,Payment Failed,Negative,Low,Pending,41.8,3.3
TKT505650,2026-04-15,Phone,Payments,Login Issue,Negative,Low,Resolved,24.6,2.6
TKT508733,2026-04-15,Phone,Mobile App,Refund Delay,Neutral,Low,Resolved,26.2,4.4
TKT508430,2026-04-16,Chat,Mobile App,Refund Delay,Negative,Medium,Pending,35.8,2.5
TKT507958,2026-04-16,Email,Payments,Card Issue,Negative,Critical,Pending,52.2,2.8
TKT507962,2026-04-16,Phone,Payments,App Bug,Neutral,Medium,Pending,32.0,3.8
TKT505448,2026-04-16,Email,Loans,Card Issue,Negative,Low,Pending,32.0,3.1
TKT500186,2026-04-16,Social,Payments,App Bug,Negative,Low,Pending,37.1,2.5
TKT503078,2026-04-16,Email,Payments,App Bug,Neutral,High,Pending,54.0,4.3
TKT507868,2026-04-16,Email,Cards,Payment Failed,Positive,Medium,Pending,43.7,2.9
TKT510295,2026-04-16,Social,Payments,Payment Failed,Positive,Medium,Pending,38.5,3.6
TKT500595,2026-04-16,Phone,Cards,Refund Delay,Negative,Low,Resolved,29.3,2.7
TKT507769,2026-04-16,Chat,Cards,Refund Delay,Neutral,Medium,Resolved,15.9,2.8
TKT502677,2026-04-16,Phone,Account,Login Issue,Negative,Low,Resolved,29.8,2.5
TKT507536,2026-04-16,Chat,Account,Loan Query,Neutral,Medium,Resolved,14.4,4.0
TKT505243,2026-04-16,Email,Loans,Loan Query,Neutral,Medium,Pending,33.1,4.3
TKT509162,2026-04-16,Email,Cards,Login Issue,Positive,Low,Pending,50.4,4.1
TKT508082,2026-04-16,Social,Account,Card Issue,Positive,Critical,Escalated,55.2,3.5
TKT502930,2026-04-16,Chat,Loans,Payment Failed,Neutral,Medium,Resolved,17.8,3.6
TKT507283,2026-04-16,Social,Payments,Card Issue,Positive,High,Pending,43.6,4.3
TKT501273,2026-04-16,Chat,Mobile App,Login Issue,Negative,Medium,Resolved,14.6,2.0
TKT501440,2026-04-16,Phone,Cards,Login Issue,Positive,Medium,Resolved,26.6,3.2
TKT510554,2026-04-16,Email,Payments,Card Issue,Negative,Medium,Pending,42.6,1.6
TKT507444,2026-04-16,Chat,Payments,Loan Query,Negative,High,Pending,38.1,2.4
TKT510983,2026-04-16,Chat,Payments,Card Issue,Neutral,Medium,Pending,42.1,3.6
TKT505463,2026-04-16,Phone,Mobile App,Card Issue,Neutral,Medium,Pending,41.5,3.3
TKT505741,2026-04-16,Email,Account,Payment Failed,Neutral,Low,Pending,34.9,3.0
TKT502698,2026-04-16,Email,Mobile App,Account Access,Positive,High,Pending,47.6,2.7
TKT511706,2026-04-16,Chat,Payments,Login Issue,Negative,High,Pending,30.0,2.6
TKT511368,2026-04-16,Chat,Account,Payment Failed,Negative,High,Resolved,21.3,3.1
TKT510110,2026-04-16,Email,Mobile App,Payment Failed,Neutral,Low,Pending,43.3,4.4
TKT511327,2026-04-16,Phone,Account,Payment Failed,Negative,Medium,Pending,40.0,3.1
TKT509506,2026-04-16,Phone,Mobile App,Account Access,Negative,High,Pending,33.1,3.0
TKT506022,2026-04-16,Chat,Cards,Card Issue,Neutral,High,Resolved,29.5,4.0
TKT503440,2026-04-16,Phone,Cards,Account Access,Negative,Medium,Resolved,26.1,2.0
TKT509269,2026-04-16,Email,Mobile App,Login Issue,Negative,Low,Pending,45.2,2.3
TKT507630,2026-04-16,Email,Payments,App Bug,Neutral,Medium,Pending,35.2,3.3
TKT510792,2026-04-16,Email,Payments,Loan Query,Negative,Low,Pending,35.7,2.3
TKT504041,2026-04-16,Email,Loans,Refund Delay,Neutral,High,Pending,42.8,3.0
TKT509224,2026-04-17,Phone,Loans,Payment Failed,Negative,Low,Resolved,28.3,2.8
TKT506484,2026-04-17,Chat,Account,Refund Delay,Negative,High,Pending,36.0,2.7
TKT508636,2026-04-17,Email,Mobile App,Login Issue,Neutral,Low,Pending,52.4,3.7
TKT508669,2026-04-17,Chat,Cards,Payment Failed,Neutral,Low,Resolved,14.7,4.3
TKT510143,2026-04-17,Chat,Account,Refund Delay,Positive,Critical,Pending,45.5,2.9
TKT511777,2026-04-17,Email,Payments,Card Issue,Negative,High,Pending,52.4,2.4
TKT504584,2026-04-17,Chat,Payments,Payment Failed,Positive,Medium,Resolved,15.4,3.5
TKT505937,2026-04-17,Chat,Cards,Payment Failed,Negative,Medium,Resolved,26.7,3.6
TKT502824,2026-04-17,Chat,Account,Account Access,Neutral,Low,Resolved,28.6,4.1
TKT510648,2026-04-17,Social,Account,App Bug,Negative,Low,Pending,30.7,1.9
TKT502766,2026-04-17,Email,Cards,App Bug,Negative,Low,Pending,45.9,3.1
TKT501037,2026-04-17,Email,Payments,Card Issue,Negative,Low,Escalated,58.7,1.6
TKT511621,2026-04-17,Social,Mobile App,Account Access,Negative,High,Pending,35.8,1.5
TKT511184,2026-04-17,Social,Cards,Account Access,Neutral,Medium,Pending,32.0,3.2
TKT503771,2026-04-17,Chat,Cards,Payment Failed,Neutral,High,Pending,31.4,4.4
TKT509058,2026-04-17,Chat,Account,Card Issue,Positive,Medium,Resolved,27.2,3.2
TKT511231,2026-04-17,Phone,Cards,App Bug,Negative,High,Pending,54.1,2.7
TKT506030,2026-04-17,Email,Loans,Card Issue,Positive,Low,Pending,38.5,3.9
TKT500794,2026-04-17,Email,Account,Account Access,Positive,High,Pending,51.8,3.8
TKT502025,2026-04-17,Phone,Cards,Account Access,Negative,Medium,Resolved,21.9,1.7
TKT502572,2026-04-18,Chat,Cards,Login Issue,Negative,High,Resolved,29.2,2.6
TKT505594,2026-04-18,Social,Mobile App,Card Issue,Negative,High,Resolved,29.4,2.4
TKT501670,2026-04-18,Chat,Payments,Login Issue,Positive,Medium,Resolved,26.7,4.2
TKT509260,2026-04-18,Email,Loans,Account Access,Neutral,High,Pending,40.2,3.5
TKT502164,2026-04-18,Phone,Loans,Login Issue,Positive,Medium,Resolved,23.8,5.0
TKT510397,2026-04-18,Social,Account,Card Issue,Positive,Medium,Resolved,27.1,4.0
TKT510072,2026-04-18,Email,Account,Card Issue,Negative,High,Pending,54.8,2.0
TKT508445,2026-04-18,Social,Loans,Payment Failed,Negative,High,Pending,38.0,2.1
TKT503818,2026-04-18,Phone,Loans,Refund Delay,Neutral,High,Pending,46.0,3.7
TKT505697,2026-04-18,Chat,Mobile App,Account Access,Neutral,Medium,Resolved,27.0,3.2
TKT507488,2026-04-18,Chat,Mobile App,Account Access,Neutral,Low,Resolved,14.0,4.2
TKT506142,2026-04-18,Social,Payments,App Bug,Negative,Low,Resolved,27.1,2.4
TKT503466,2026-04-19,Phone,Account,Card Issue,Positive,High,Pending,43.4,3.6
TKT510184,2026-04-19,Chat,Account,Refund Delay,Negative,High,Resolved,24.7,1.7
TKT509428,2026-04-19,Email,Cards,Payment Failed,Neutral,High,Pending,48.6,3.6
TKT507264,2026-04-19,Email,Account,Loan Query,Positive,High,Escalated,56.4,2.8
TKT505385,2026-04-19,Phone,Account,Payment Failed,Positive,Low,Resolved,21.0,3.5
TKT507917,2026-04-19,Chat,Mobile App,Loan Query,Neutral,Medium,Resolved,20.2,4.6
TKT505226,2026-04-19,Chat,Payments,Refund Delay,Negative,Medium,Resolved,28.2,2.7
TKT503101,2026-04-19,Social,Payments,App Bug,Negative,High,Pending,37.3,2.5
TKT505707,2026-04-19,Social,Mobile App,Card Issue,Positive,High,Pending,48.9,3.3
TKT505747,2026-04-19,Email,Mobile App,Payment Failed,Neutral,Critical,Pending,53.3,3.6
TKT506205,2026-04-19,Phone,Mobile App,Loan Query,Neutral,Medium,Resolved,29.4,3.8
TKT500341,2026-04-19,Phone,Mobile App,Login Issue,Negative,Medium,Resolved,27.6,2.2
TKT500532,2026-04-19,Email,Cards,App Bug,Negative,High,Pending,49.4,3.8
TKT509225,2026-04-19,Phone,Account,Account Access,Positive,Medium,Pending,31.3,3.9
TKT500688,2026-04-19,Social,Mobile App,Login Issue,Neutral,Low,Pending,37.7,4.3
TKT502796,2026-04-19,Social,Payments,App Bug,Positive,Medium,Pending,36.1,3.7
TKT510859,2026-04-19,Phone,Cards,Login Issue,Neutral,High,Pending,34.1,4.0
TKT504359,2026-04-19,Phone,Account,Refund Delay,Positive,Medium,Resolved,23.5,4.3
TKT510346,2026-04-19,Email,Loans,Payment Failed,Negative,Medium,Pending,36.2,3.2
TKT504358,2026-04-19,Chat,Account,Payment Failed,Negative,Low,Resolved,29.6,3.2
TKT501145,2026-04-19,Email,Cards,App Bug,Negative,High,Pending,50.2,1.4
TKT502059,2026-04-20,Email,Payments,Account Access,Negative,High,Escalated,60.6,2.4
TKT500243,2026-04-20,Email,Cards,Payment Failed,Positive,Medium,Pending,44.5,4.4
TKT509620,2026-04-20,Social,Payments,Login Issue,Positive,Low,Pending,32.2,4.0
TKT503565,2026-04-20,Chat,Mobile App,Loan Query,Negative,Medium,Resolved,25.9,2.1
TKT503077,2026-04-20,Social,Loans,Refund Delay,Negative,Low,Pending,34.2,2.5
TKT510565,2026-04-20,Phone,Account,Login Issue,Positive,Medium,Resolved,25.7,3.4
TKT508506,2026-04-20,Chat,Account,Loan Query,Positive,High,Resolved,23.2,3.4
TKT508245,2026-04-20,Phone,Payments,Login Issue,Positive,Medium,Pending,38.3,3.1
TKT510087,2026-04-20,Email,Payments,Login Issue,Negative,High,Pending,38.9,2.8
TKT504271,2026-04-20,Phone,Loans,Payment Failed,Positive,Medium,Pending,36.6,3.3
TKT511726,2026-04-20,Email,Payments,Login Issue,Neutral,Critical,Escalated,55.2,3.5
TKT506661,2026-04-20,Chat,Payments,Card Issue,Negative,High,Resolved,23.4,3.2
TKT502031,2026-04-20,Chat,Cards,App Bug,Positive,High,Resolved,27.3,4.3
TKT509155,2026-04-20,Chat,Account,Login Issue,Positive,Low,Resolved,15.5,3.8
TKT502746,2026-04-20,Phone,Loans,Refund Delay,Negative,Medium,Pending,31.2,3.6
TKT506680,2026-04-20,Email,Loans,Refund Delay,Neutral,High,Pending,51.1,3.7
TKT501473,2026-04-20,Email,Payments,Login Issue,Negative,High,Escalated,57.0,2.6
TKT503354,2026-04-20,Email,Mobile App,Payment Failed,Negative,Critical,Pending,48.9,2.8
TKT503423,2026-04-20,Email,Loans,Account Access,Negative,Low,Pending,39.6,1.7
TKT504876,2026-04-20,Chat,Cards,App Bug,Negative,High,Resolved,25.0,2.8
TKT508572,2026-04-20,Email,Mobile App,App Bug,Negative,Medium,Pending,49.1,2.1
TKT511342,2026-04-20,Email,Account,Card Issue,Positive,Low,Pending,36.2,4.2
TKT511478,2026-04-21,Chat,Account,Login Issue,Negative,Medium,Resolved,16.0,2.4
TKT507812,2026-04-21,Email,Payments,Payment Failed,Negative,Low,Pending,39.4,2.8
TKT502228,2026-04-21,Phone,Cards,Payment Failed,Negative,Medium,Resolved,20.0,2.3
TKT509075,2026-04-21,Phone,Account,App Bug,Negative,Low,Resolved,29.6,2.4
TKT501351,2026-04-21,Phone,Cards,Loan Query,Negative,Medium,Resolved,19.1,2.4
TKT510700,2026-04-21,Chat,Payments,Payment Failed,Negative,High,Resolved,25.4,3.3
TKT500213,2026-04-21,Email,Payments,App Bug,Negative,High,Pending,46.0,2.1
TKT510214,2026-04-21,Chat,Mobile App,Login Issue,Negative,Low,Pending,32.8,2.7
TKT504002,2026-04-21,Phone,Account,Login Issue,Positive,Medium,Pending,33.5,3.1
TKT509109,2026-04-21,Chat,Account,Login Issue,Negative,Medium,Resolved,19.0,2.4
TKT510870,2026-04-21,Chat,Cards,Payment Failed,Negative,High,Resolved,21.9,2.4
TKT502302,2026-04-21,Phone,Mobile App,Refund Delay,Negative,High,Pending,33.0,1.6
TKT507031,2026-04-21,Chat,Payments,Refund Delay,Neutral,High,Resolved,29.7,4.1
TKT510693,2026-04-21,Email,Cards,Login Issue,Neutral,Medium,Pending,40.5,3.8
TKT507698,2026-04-21,Email,Account,Payment Failed,Neutral,Critical,Pending,52.2,3.5
TKT501228,2026-04-21,Email,Payments,Refund Delay,Positive,Low,Pending,42.3,3.3
TKT506392,2026-04-21,Email,Loans,App Bug,Negative,High,Pending,48.0,2.6
TKT504402,2026-04-21,Chat,Payments,Account Access,Negative,High,Pending,30.2,2.6
TKT507695,2026-04-21,Phone,Mobile App,Payment Failed,Neutral,Medium,Pending,40.3,3.6
TKT510138,2026-04-22,Email,Cards,Payment Failed,Neutral,Critical,Pending,49.9,3.2
TKT508770,2026-04-22,Chat,Payments,Card Issue,Neutral,Low,Resolved,13.5,4.8
TKT502146,2026-04-22,Email,Account,Payment Failed,Neutral,Low,Pending,33.4,3.1
TKT509007,2026-04-22,Chat,Mobile App,Payment Failed,Positive,Critical,Pending,36.2,3.5
TKT505785,2026-04-22,Social,Cards,Card Issue,Positive,High,Pending,40.7,3.2
TKT501343,2026-04-22,Chat,Payments,Card Issue,Neutral,Medium,Resolved,24.9,4.0
TKT508740,2026-04-22,Phone,Mobile App,Login Issue,Negative,Medium,Resolved,27.2,2.6
TKT502398,2026-04-22,Phone,Account,Refund Delay,Positive,Medium,Resolved,29.4,3.5
TKT508263,2026-04-22,Chat,Loans,App Bug,Neutral,Medium,Resolved,16.2,3.9
TKT500711,2026-04-22,Phone,Cards,Payment Failed,Negative,High,Pending,34.7,1.9
TKT504190,2026-04-22,Email,Mobile App,Loan Query,Negative,High,Pending,49.9,3.2
TKT507653,2026-04-22,Phone,Payments,Refund Delay,Negative,Medium,Resolved,25.9,3.0
TKT501780,2026-04-22,Social,Account,App Bug,Negative,High,Pending,31.7,3.7
TKT500835,2026-04-22,Phone,Mobile App,App Bug,Negative,Low,Resolved,24.3,2.2
TKT503813,2026-04-23,Email,Loans,Card Issue,Negative,Low,Pending,30.8,2.4
TKT510032,2026-04-23,Phone,Payments,Payment Failed,Negative,Medium,Resolved,19.8,2.7
TKT501960,2026-04-23,Chat,Mobile App,Account Access,Neutral,Medium,Pending,36.0,4.3
TKT501974,2026-04-23,Chat,Mobile App,Loan Query,Negative,Medium,Resolved,20.8,2.7
TKT504593,2026-04-23,Phone,Mobile App,Login Issue,Positive,High,Pending,33.8,4.0
TKT501741,2026-04-23,Phone,Payments,Refund Delay,Negative,High,Pending,34.5,2.6
TKT500162,2026-04-23,Email,Account,Card Issue,Negative,High,Pending,53.2,2.6
TKT501573,2026-04-23,Email,Account,App Bug,Negative,High,Pending,43.3,1.9
TKT510534,2026-04-23,Phone,Payments,Card Issue,Negative,High,Pending,35.0,2.5
TKT510903,2026-04-23,Phone,Payments,Loan Query,Positive,Medium,Pending,35.6,3.5
TKT502639,2026-04-23,Social,Mobile App,App Bug,Negative,Low,Resolved,27.7,2.2
TKT506007,2026-04-23,Email,Loans,App Bug,Positive,Medium,Pending,35.3,3.8
TKT510492,2026-04-23,Chat,Payments,Account Access,Neutral,Low,Resolved,17.6,3.3
TKT511333,2026-04-23,Phone,Payments,Login Issue,Positive,High,Pending,37.8,4.3
TKT507297,2026-04-23,Social,Mobile App,Payment Failed,Positive,Medium,Pending,37.1,4.6
TKT510602,2026-04-23,Email,Mobile App,Loan Query,Negative,High,Escalated,64.0,1.6
TKT509902,2026-04-24,Chat,Account,Loan Query,Negative,High,Resolved,21.9,3.4
TKT501279,2026-04-24,Chat,Payments,Login Issue,Negative,Low,Resolved,18.3,2.6
TKT506705,2026-04-24,Chat,Account,Account Access,Negative,High,Resolved,25.1,2.7
TKT500292,2026-04-24,Phone,Cards,Login Issue,Positive,Medium,Pending,32.9,4.5
TKT510934,2026-04-24,Email,Payments,Payment Failed,Negative,High,Pending,43.6,2.3
TKT505708,2026-04-24,Phone,Loans,Account Access,Neutral,Low,Pending,32.6,4.1
TKT500567,2026-04-24,Phone,Payments,Payment Failed,Neutral,Low,Resolved,25.6,3.6
TKT500642,2026-04-24,Email,Payments,Payment Failed,Negative,High,Pending,39.7,1.5
TKT505483,2026-04-24,Social,Payments,Payment Failed,Neutral,Medium,Pending,36.2,3.7
TKT510267,2026-04-24,Phone,Payments,Payment Failed,Negative,Medium,Pending,45.1,2.5
TKT503683,2026-04-24,Email,Payments,Account Access,Positive,High,Escalated,60.1,3.5
TKT510688,2026-04-24,Phone,Payments,Login Issue,Neutral,Critical,Pending,38.4,4.0
TKT506093,2026-04-24,Chat,Payments,Payment Failed,Negative,Critical,Pending,30.0,2.6
TKT500640,2026-04-24,Email,Mobile App,Payment Failed,Negative,Low,Pending,37.9,1.9
TKT506444,2026-04-24,Chat,Payments,Card Issue,Negative,High,Pending,38.1,2.2
TKT503372,2026-04-24,Phone,Cards,Payment Failed,Neutral,Medium,Pending,40.6,3.2
TKT510161,2026-04-24,Chat,Cards,Refund Delay,Positive,High,Pending,42.8,3.8
TKT511093,2026-04-24,Chat,Cards,Refund Delay,Negative,Critical,Pending,33.5,3.1
TKT506478,2026-04-24,Phone,Payments,Payment Failed,Negative,High,Pending,38.7,3.0
TKT502169,2026-04-24,Social,Loans,Loan Query,Neutral,Medium,Resolved,22.7,4.0
TKT500739,2026-04-24,Email,Mobile App,App Bug,Neutral,Low,Pending,32.8,3.4
TKT509602,2026-04-25,Email,Mobile App,Login Issue,Neutral,Medium,Pending,38.7,4.2
TKT505597,2026-04-25,Email,Cards,App Bug,Negative,Medium,Pending,39.8,2.4
TKT504544,2026-04-25,Phone,Mobile App,Loan Query,Positive,Medium,Pending,31.0,4.2
TKT502792,2026-04-25,Chat,Mobile App,Payment Failed,Neutral,Medium,Resolved,14.1,3.0
TKT507992,2026-04-25,Phone,Mobile App,Login Issue,Negative,High,Pending,33.0,1.7
TKT500440,2026-04-25,Chat,Mobile App,Account Access,Negative,High,Pending,30.1,2.3
TKT508275,2026-04-25,Phone,Cards,App Bug,Negative,Medium,Pending,31.1,1.9
TKT504419,2026-04-25,Chat,Mobile App,Payment Failed,Negative,Medium,Resolved,17.1,2.6
TKT506494,2026-04-25,Email,Payments,Card Issue,Neutral,Critical,Pending,50.8,3.0
TKT511900,2026-04-25,Phone,Cards,Card Issue,Negative,High,Resolved,26.8,2.1
TKT508308,2026-04-25,Chat,Account,Login Issue,Positive,Low,Resolved,14.1,4.2
TKT506270,2026-04-25,Email,Loans,Payment Failed,Negative,High,Pending,45.2,2.0
TKT502196,2026-04-25,Phone,Account,Refund Delay,Neutral,High,Pending,33.0,2.6
TKT504626,2026-04-25,Phone,Payments,Payment Failed,Neutral,Medium,Resolved,25.3,3.9
TKT509004,2026-04-25,Email,Mobile App,Payment Failed,Neutral,Critical,Escalated,55.1,3.7
TKT503026,2026-04-25,Phone,Loans,Card Issue,Negative,Medium,Resolved,20.8,2.4
TKT504977,2026-04-25,Chat,Account,Card Issue,Negative,High,Resolved,19.9,2.6
TKT511782,2026-04-25,Chat,Payments,Account Access,Positive,High,Pending,36.1,3.5
TKT507357,2026-04-25,Email,Account,Account Access,Negative,High,Pending,42.3,3.5
TKT504855,2026-04-25,Chat,Mobile App,Loan Query,Negative,High,Resolved,29.5,2.7
TKT510186,2026-04-25,Email,Payments,Refund Delay,Negative,Medium,Pending,39.4,3.0
TKT505765,2026-04-25,Phone,Payments,Refund Delay,Positive,High,Pending,40.6,3.6
TKT509174,2026-04-25,Chat,Account,Login Issue,Negative,Low,Resolved,29.9,2.1
TKT502626,2026-04-25,Chat,Mobile App,Login Issue,Negative,Medium,Resolved,23.7,2.8
TKT506896,2026-04-25,Email,Mobile App,Refund Delay,Negative,High,Pending,43.3,2.1
TKT504772,2026-04-25,Email,Account,Login Issue,Neutral,High,Pending,48.1,3.5
TKT504752,2026-04-25,Chat,Account,Loan Query,Positive,Low,Resolved,12.7,4.5
TKT501054,2026-04-25,Phone,Mobile App,Refund Delay,Positive,High,Pending,33.3,5.0
TKT510327,2026-04-25,Email,Account,Login Issue,Negative,Critical,Pending,46.9,2.6
TKT506177,2026-04-25,Social,Cards,Login Issue,Neutral,Low,Resolved,24.5,3.0
TKT502519,2026-04-25,Chat,Cards,Payment Failed,Negative,Critical,Resolved,28.2,2.2
TKT503480,2026-04-26,Email,Mobile App,Refund Delay,Positive,Medium,Pending,31.2,3.5
TKT507913,2026-04-26,Chat,Payments,App Bug,Negative,Medium,Resolved,19.6,2.0
TKT503401,2026-04-26,Chat,Mobile App,Payment Failed,Negative,High,Resolved,29.8,2.9
TKT510674,2026-04-26,Email,Payments,Payment Failed,Negative,Low,Pending,38.2,1.1
TKT511024,2026-04-26,Phone,Cards,Login Issue,Negative,High,Pending,30.8,2.1
TKT502694,2026-04-26,Chat,Cards,Payment Failed,Negative,Low,Resolved,16.8,3.4
TKT506006,2026-04-26,Chat,Account,Refund Delay,Negative,High,Resolved,22.3,2.9
TKT510618,2026-04-26,Phone,Cards,Payment Failed,Neutral,High,Pending,39.2,3.2
TKT510620,2026-04-26,Chat,Mobile App,Loan Query,Negative,High,Pending,42.4,2.4
TKT511313,2026-04-26,Email,Mobile App,Card Issue,Positive,Medium,Pending,47.2,3.3
TKT511164,2026-04-26,Email,Payments,Payment Failed,Neutral,Critical,Escalated,59.7,2.9
TKT507075,2026-04-26,Social,Mobile App,Payment Failed,Neutral,Low,Pending,40.4,3.1
TKT510336,2026-04-26,Chat,Cards,Refund Delay,Positive,Medium,Resolved,25.9,3.2
TKT510157,2026-04-26,Phone,Cards,Payment Failed,Positive,High,Pending,34.4,4.2
TKT504092,2026-04-26,Chat,Account,Refund Delay,Negative,High,Resolved,27.7,1.3
TKT505389,2026-04-26,Email,Mobile App,Refund Delay,Negative,High,Pending,42.7,2.5
TKT505101,2026-04-26,Email,Account,Loan Query,Neutral,Medium,Pending,49.3,3.4
TKT508203,2026-04-26,Phone,Mobile App,Payment Failed,Neutral,High,Pending,30.9,3.4
TKT508545,2026-04-26,Phone,Cards,Payment Failed,Neutral,High,Pending,33.0,3.8
TKT509932,2026-04-26,Phone,Account,App Bug,Negative,High,Pending,54.6,2.9
TKT501858,2026-04-26,Phone,Mobile App,Refund Delay,Positive,Medium,Resolved,21.9,3.5
TKT503904,2026-04-26,Email,Cards,App Bug,Negative,Low,Pending,33.1,2.7
TKT500692,2026-04-26,Social,Payments,Login Issue,Neutral,High,Resolved,29.6,3.5
TKT501892,2026-04-26,Social,Loans,Refund Delay,Neutral,Medium,Pending,31.3,3.5
TKT509002,2026-04-27,Email,Loans,Account Access,Positive,Medium,Pending,35.4,4.1
TKT502158,2026-04-27,Social,Mobile App,App Bug,Negative,High,Pending,48.6,3.3
TKT509337,2026-04-27,Social,Account,Card Issue,Neutral,High,Pending,30.5,3.9
TKT511496,2026-04-27,Email,Payments,Card Issue,Negative,High,Escalated,56.6,1.8
TKT511861,2026-04-27,Social,Account,Card Issue,Positive,High,Pending,42.0,4.9
TKT504667,2026-04-27,Email,Payments,Refund Delay,Negative,Medium,Pending,32.0,2.3
TKT509292,2026-04-27,Email,Account,Login Issue,Neutral,Medium,Pending,33.5,4.8
TKT504606,2026-04-27,Email,Payments,Refund Delay,Positive,High,Pending,40.3,4.0
TKT508898,2026-04-27,Email,Mobile App,Refund Delay,Neutral,Medium,Pending,48.6,4.4
TKT507080,2026-04-27,Chat,Payments,Payment Failed,Negative,High,Pending,34.6,2.9
TKT501538,2026-04-27,Email,Mobile App,Card Issue,Neutral,High,Pending,47.8,4.5
TKT502945,2026-04-27,Chat,Mobile App,Card Issue,Negative,High,Pending,35.6,2.9
TKT500728,2026-04-27,Phone,Payments,Card Issue,Negative,Medium,Resolved,19.7,2.7
TKT501050,2026-04-27,Email,Cards,Payment Failed,Neutral,High,Pending,47.7,3.6
TKT508286,2026-04-27,Phone,Payments,Refund Delay,Negative,High,Pending,35.3,1.6
TKT505250,2026-04-27,Chat,Account,App Bug,Positive,High,Pending,31.8,3.3
TKT510218,2026-04-27,Chat,Mobile App,Login Issue,Negative,Low,Resolved,16.1,2.0
TKT503239,2026-04-27,Email,Payments,Payment Failed,Neutral,Low,Pending,40.2,3.5
TKT508769,2026-04-28,Email,Account,Payment Failed,Negative,Critical,Pending,45.6,1.6
TKT509195,2026-04-28,Phone,Loans,Card Issue,Negative,High,Resolved,26.7,2.6
TKT504778,2026-04-28,Social,Cards,Payment Failed,Positive,Medium,Resolved,26.8,3.1
TKT505415,2026-04-28,Chat,Payments,Loan Query,Positive,Medium,Resolved,17.7,3.8
TKT502724,2026-04-28,Email,Cards,Login Issue,Negative,High,Pending,47.3,2.7
TKT507511,2026-04-28,Social,Mobile App,Loan Query,Positive,Low,Resolved,24.4,4.0
TKT508616,2026-04-28,Chat,Loans,Payment Failed,Negative,High,Resolved,28.9,2.6
TKT504893,2026-04-28,Email,Cards,Login Issue,Positive,Low,Pending,33.9,3.8
TKT505626,2026-04-28,Email,Account,Card Issue,Neutral,High,Pending,47.7,3.1
TKT503630,2026-04-28,Phone,Mobile App,Payment Failed,Negative,High,Pending,35.0,2.7
TKT508254,2026-04-28,Social,Account,Login Issue,Negative,High,Pending,53.5,2.9
TKT500654,2026-04-28,Phone,Account,Payment Failed,Positive,Medium,Resolved,25.4,4.3
TKT503621,2026-04-28,Chat,Mobile App,App Bug,Positive,High,Resolved,26.3,2.9
TKT510394,2026-04-28,Social,Loans,Login Issue,Positive,Low,Pending,41.4,4.2
TKT511652,2026-04-28,Phone,Loans,App Bug,Positive,Medium,Resolved,22.9,4.5
TKT504051,2026-04-28,Chat,Cards,Refund Delay,Negative,High,Pending,47.8,2.3
TKT508911,2026-04-28,Email,Loans,App Bug,Neutral,Low,Escalated,55.2,3.4
TKT510954,2026-04-28,Social,Loans,Card Issue,Positive,Low,Resolved,29.3,3.5
TKT504235,2026-04-28,Email,Mobile App,Loan Query,Negative,High,Pending,49.3,2.0
TKT511125,2026-04-28,Social,Payments,Payment Failed,Negative,Medium,Resolved,22.3,2.4
TKT503220,2026-04-28,Chat,Mobile App,Refund Delay,Negative,Low,Resolved,21.1,3.4
TKT511005,2026-04-28,Phone,Payments,App Bug,Negative,Critical,Pending,43.5,2.1
TKT506687,2026-04-28,Chat,Account,Refund Delay,Negative,High,Pending,33.7,2.6
TKT510475,2026-04-28,Chat,Cards,Card Issue,Negative,Medium,Resolved,24.7,1.7
TKT508821,2026-04-29,Phone,Account,Account Access,Neutral,Medium,Resolved,22.5,3.0
TKT507419,2026-04-29,Phone,Loans,Card Issue,Neutral,Low,Resolved,23.8,3.9
TKT511088,2026-04-29,Phone,Mobile App,Refund Delay,Negative,High,Pending,35.9,3.2
TKT507107,2026-04-29,Email,Mobile App,App Bug,Negative,High,Pending,43.9,2.9
TKT506005,2026-04-29,Chat,Cards,Payment Failed,Negative,High,Pending,41.7,2.8
TKT501364,2026-04-29,Chat,Mobile App,Payment Failed,Negative,High,Resolved,28.4,2.3
TKT504518,2026-04-29,Chat,Payments,Account Access,Positive,High,Resolved,29.3,3.5
TKT506748,2026-04-29,Social,Mobile App,App Bug,Negative,Critical,Pending,38.9,2.2
TKT500293,2026-04-29,Phone,Account,Payment Failed,Negative,High,Resolved,27.5,2.2
TKT508012,2026-04-29,Phone,Loans,Login Issue,Neutral,Medium,Resolved,21.6,4.0
TKT500833,2026-04-29,Chat,Loans,Login Issue,Negative,High,Resolved,26.8,2.3
TKT510603,2026-04-29,Email,Account,Payment Failed,Negative,Medium,Pending,36.0,3.0
TKT511154,2026-04-29,Chat,Payments,Card Issue,Neutral,High,Resolved,24.4,3.7
TKT502873,2026-04-29,Phone,Mobile App,App Bug,Negative,Medium,Resolved,23.9,2.4
TKT506382,2026-04-29,Email,Mobile App,Login Issue,Neutral,Low,Pending,36.8,4.1
TKT508005,2026-04-29,Social,Account,Payment Failed,Neutral,High,Pending,34.6,3.9
TKT502352,2026-04-29,Phone,Loans,Payment Failed,Negative,Medium,Resolved,26.5,2.9
TKT503172,2026-04-29,Chat,Mobile App,Refund Delay,Positive,Low,Resolved,22.9,3.7
TKT500375,2026-04-29,Email,Mobile App,Account Access,Positive,Medium,Pending,35.8,3.1
TKT507669,2026-04-29,Phone,Account,App Bug,Neutral,High,Pending,31.8,3.4
TKT507032,2026-04-29,Chat,Cards,Account Access,Negative,High,Resolved,24.7,3.1
TKT504838,2026-04-29,Phone,Mobile App,Account Access,Negative,High,Pending,38.6,2.4
TKT508366,2026-04-29,Social,Account,Login Issue,Negative,Low,Pending,30.1,1.3
TKT508439,2026-04-29,Chat,Payments,Payment Failed,Neutral,Medium,Resolved,23.8,3.9
TKT511491,2026-04-29,Phone,Loans,Account Access,Negative,High,Pending,32.2,3.2
TKT503493,2026-04-29,Social,Payments,Account Access,Negative,High,Pending,36.2,2.4
TKT511614,2026-04-29,Chat,Loans,Refund Delay,Negative,Medium,Resolved,26.0,2.7
TKT504401,2026-04-29,Email,Mobile App,Card Issue,Negative,Low,Pending,42.6,2.6
TKT505636,2026-04-29,Chat,Cards,App Bug,Negative,Low,Resolved,21.2,1.9
TKT503911,2026-04-29,Chat,Payments,Card Issue,Positive,High,Pending,35.1,3.5
TKT505546,2026-04-29,Social,Payments,Account Access,Neutral,High,Pending,43.9,3.3
TKT503158,2026-04-29,Chat,Payments,Payment Failed,Negative,Critical,Pending,37.0,2.1
TKT505422,2026-04-29,Chat,Account,Loan Query,Neutral,High,Pending,31.0,3.9
TKT507718,2026-04-30,Phone,Mobile App,Payment Failed,Positive,High,Pending,35.1,3.6
TKT504390,2026-04-30,Social,Payments,Login Issue,Neutral,Low,Pending,45.5,4.0
TKT500001,2026-04-30,Email,Account,App Bug,Neutral,Medium,Pending,48.0,3.8
TKT501175,2026-04-30,Social,Mobile App,App Bug,Negative,High,Pending,52.7,3.0
TKT509596,2026-04-30,Phone,Loans,Refund Delay,Positive,Medium,Resolved,23.2,3.8
TKT508460,2026-04-30,Phone,Mobile App,Card Issue,Positive,Low,Resolved,25.9,3.7
TKT505641,2026-04-30,Social,Cards,Refund Delay,Positive,Medium,Resolved,22.2,3.8
TKT509715,2026-04-30,Email,Payments,Card Issue,Negative,Medium,Pending,36.6,3.0
TKT504018,2026-04-30,Chat,Payments,Login Issue,Positive,Critical,Pending,43.0,4.0
TKT502000,2026-04-30,Social,Cards,Payment Failed,Negative,High,Pending,33.1,2.3
TKT503618,2026-04-30,Chat,Mobile App,Account Access,Positive,Medium,Resolved,20.6,4.0
TKT508234,2026-04-30,Chat,Account,Card Issue,Neutral,Low,Resolved,14.7,4.5
TKT501342,2026-04-30,Email,Loans,App Bug,Positive,High,Pending,48.1,3.9
TKT507843,2026-04-30,Chat,Cards,Loan Query,Positive,Critical,Resolved,28.8,3.9
TKT505359,2026-04-30,Email,Payments,Card Issue,Negative,Medium,Pending,41.9,2.4
TKT509301,2026-04-30,Phone,Account,App Bug,Negative,High,Pending,35.4,2.0
TKT508897,2026-04-30,Chat,Cards,App Bug,Neutral,Medium,Resolved,15.1,4.9
TKT504199,2026-04-30,Email,Mobile App,Login Issue,Negative,Medium,Pending,49.2,1.4
TKT510127,2026-04-30,Chat,Mobile App,Loan Query,Negative,High,Resolved,27.4,1.9
TKT505065,2026-04-30,Social,Account,Card Issue,Negative,High,Escalated,80.3,1.9
TKT503749,2026-04-30,Email,Account,Refund Delay,Negative,High,Pending,44.3,2.3
TKT506860,2026-04-30,Phone,Payments,Login Issue,Neutral,Low,Resolved,23.3,3.9
TKT500995,2026-04-30,Chat,Mobile App,App Bug,Neutral,High,Resolved,24.1,4.1
TKT509262,2026-04-30,Social,Payments,Refund Delay,Negative,High,Resolved,28.0,2.7
TKT506840,2026-05-01,Phone,Mobile App,App Bug,Negative,Low,Resolved,25.6,2.1
TKT504723,2026-05-01,Social,Cards,Login Issue,Neutral,Critical,Pending,47.0,4.1
TKT504790,2026-05-01,Phone,Cards,Login Issue,Positive,Low,Escalated,64.9,3.0
TKT504687,2026-05-01,Email,Payments,Refund Delay,Negative,High,Pending,47.0,2.9
TKT510018,2026-05-01,Chat,Account,Payment Failed,Negative,High,Pending,32.8,2.8
TKT509315,2026-05-01,Email,Loans,Loan Query,Positive,Low,Pending,36.8,4.1
TKT510061,2026-05-01,Social,Mobile App,Payment Failed,Neutral,Medium,Resolved,26.1,3.5
TKT505998,2026-05-01,Phone,Loans,Refund Delay,Negative,Medium,Pending,49.9,2.2
TKT511196,2026-05-01,Chat,Mobile App,Loan Query,Positive,Medium,Pending,35.3,4.1
TKT506611,2026-05-01,Phone,Mobile App,Refund Delay,Neutral,Medium,Resolved,20.3,2.6
TKT509476,2026-05-01,Chat,Payments,Payment Failed,Negative,High,Resolved,26.0,2.6
TKT505074,2026-05-01,Email,Cards,Account Access,Positive,Medium,Pending,48.4,4.3
TKT504822,2026-05-01,Phone,Payments,Account Access,Neutral,Medium,Pending,42.5,3.9
TKT511263,2026-05-01,Email,Mobile App,Payment Failed,Neutral,Low,Escalated,58.3,3.5
TKT500454,2026-05-01,Chat,Mobile App,Card Issue,Negative,Medium,Resolved,23.9,2.1
TKT503826,2026-05-01,Phone,Cards,Payment Failed,Positive,Low,Pending,32.5,4.3
TKT510447,2026-05-01,Phone,Cards,App Bug,Positive,Critical,Pending,52.4,4.4
TKT510553,2026-05-01,Phone,Mobile App,Refund Delay,Neutral,Medium,Resolved,29.7,3.4
TKT508415,2026-05-02,Phone,Mobile App,Loan Query,Neutral,Low,Resolved,23.3,2.4
TKT500462,2026-05-02,Email,Payments,Card Issue,Neutral,Low,Pending,36.4,4.5
TKT508151,2026-05-02,Chat,Payments,Card Issue,Negative,Medium,Resolved,16.0,3.2
TKT509446,2026-05-02,Chat,Loans,App Bug,Negative,High,Pending,31.5,2.2
TKT504187,2026-05-02,Email,Mobile App,Payment Failed,Neutral,Medium,Pending,41.7,3.9
TKT509127,2026-05-02,Email,Payments,Refund Delay,Negative,High,Pending,50.0,2.6
TKT502383,2026-05-02,Chat,Mobile App,Loan Query,Negative,Medium,Resolved,24.3,3.6
TKT509664,2026-05-02,Chat,Cards,Refund Delay,Positive,High,Pending,35.0,3.8
TKT511277,2026-05-02,Social,Payments,Payment Failed,Positive,Critical,Pending,42.4,4.2
TKT506746,2026-05-02,Email,Cards,Card Issue,Neutral,High,Pending,41.0,4.0
TKT500944,2026-05-02,Chat,Account,Loan Query,Positive,Medium,Pending,36.2,3.8
TKT507019,2026-05-02,Phone,Cards,Card Issue,Positive,Low,Pending,32.1,3.1
TKT507132,2026-05-02,Email,Payments,Account Access,Neutral,High,Escalated,59.8,2.1
TKT506634,2026-05-02,Phone,Payments,Payment Failed,Neutral,Medium,Pending,33.9,3.6
TKT510896,2026-05-02,Phone,Mobile App,Payment Failed,Neutral,Medium,Resolved,21.6,3.0
TKT503187,2026-05-02,Phone,Cards,Login Issue,Neutral,High,Pending,47.8,4.2
TKT502812,2026-05-02,Phone,Account,Refund Delay,Negative,High,Pending,30.6,2.3
TKT503210,2026-05-02,Chat,Payments,Payment Failed,Negative,High,Resolved,27.7,2.4
TKT510898,2026-05-02,Social,Payments,Loan Query,Neutral,Medium,Resolved,25.5,3.5
TKT502986,2026-05-02,Phone,Payments,Card Issue,Positive,Medium,Resolved,24.5,3.6
TKT505081,2026-05-02,Social,Cards,Loan Query,Neutral,Low,Pending,47.9,4.1
TKT506129,2026-05-02,Social,Mobile App,Account Access,Neutral,Low,Pending,39.3,4.3
TKT501136,2026-05-02,Phone,Account,Refund Delay,Negative,High,Pending,48.6,3.0
TKT511537,2026-05-03,Phone,Loans,Refund Delay,Negative,High,Pending,34.3,3.0
TKT508732,2026-05-03,Email,Account,Account Access,Negative,Medium,Escalated,67.8,2.2
TKT510772,2026-05-03,Phone,Payments,Refund Delay,Negative,Low,Pending,30.4,3.4
TKT508779,2026-05-03,Chat,Mobile App,Card Issue,Positive,High,Resolved,26.5,3.7
TKT505402,2026-05-03,Social,Mobile App,Card Issue,Negative,Low,Pending,34.4,3.2
TKT501458,2026-05-03,Phone,Mobile App,App Bug,Neutral,High,Resolved,27.9,3.3
TKT502685,2026-05-03,Chat,Mobile App,Refund Delay,Negative,High,Pending,33.5,2.5
TKT508809,2026-05-03,Chat,Loans,App Bug,Neutral,High,Pending,31.9,4.9
TKT508169,2026-05-03,Social,Payments,Login Issue,Neutral,Medium,Pending,38.3,4.2
TKT507959,2026-05-03,Phone,Cards,Login Issue,Negative,High,Pending,31.6,2.6
TKT505849,2026-05-03,Chat,Mobile App,Payment Failed,Negative,High,Pending,40.2,2.1
TKT501677,2026-05-03,Email,Mobile App,Card Issue,Positive,High,Pending,47.6,3.8
TKT507358,2026-05-03,Email,Loans,Loan Query,Positive,High,Pending,52.0,3.3
TKT501115,2026-05-03,Email,Loans,Login Issue,Negative,Critical,Pending,50.3,2.3
TKT502947,2026-05-04,Chat,Cards,App Bug,Negative,High,Resolved,29.7,1.7
TKT506831,2026-05-04,Chat,Loans,Loan Query,Positive,High,Pending,37.9,4.3
TKT504026,2026-05-04,Email,Account,Payment Failed,Neutral,Critical,Escalated,56.8,3.6
TKT511403,2026-05-04,Phone,Loans,Card Issue,Negative,Medium,Resolved,23.4,2.3
TKT505988,2026-05-04,Email,Mobile App,Payment Failed,Negative,Medium,Pending,50.5,2.2
TKT503506,2026-05-04,Chat,Cards,Login Issue,Neutral,Medium,Resolved,20.4,4.7
TKT504579,2026-05-04,Email,Payments,App Bug,Negative,High,Pending,46.7,2.0
TKT510198,2026-05-04,Chat,Cards,Refund Delay,Positive,Medium,Resolved,17.5,3.0
TKT511829,2026-05-04,Social,Loans,Payment Failed,Negative,Medium,Pending,31.5,1.8
TKT510900,2026-05-04,Chat,Mobile App,Card Issue,Negative,High,Pending,41.5,2.4
TKT504818,2026-05-04,Email,Cards,App Bug,Neutral,Low,Pending,49.7,4.2
TKT502874,2026-05-04,Chat,Cards,Payment Failed,Positive,Critical,Pending,47.9,3.1
TKT511955,2026-05-04,Phone,Loans,Card Issue,Neutral,High,Resolved,29.1,4.7
TKT502696,2026-05-04,Social,Mobile App,Login Issue,Negative,Medium,Pending,34.9,2.4
TKT509923,2026-05-04,Chat,Mobile App,Payment Failed,Positive,Medium,Resolved,21.1,3.6
TKT503456,2026-05-04,Social,Payments,Account Access,Negative,Low,Resolved,25.7,1.9
TKT502743,2026-05-04,Phone,Cards,Payment Failed,Positive,Low,Pending,35.4,3.6
TKT504870,2026-05-04,Chat,Loans,Payment Failed,Neutral,Critical,Pending,48.1,4.0
TKT500958,2026-05-04,Chat,Payments,Refund Delay,Neutral,Critical,Pending,39.2,4.8
TKT503348,2026-05-04,Social,Payments,Refund Delay,Positive,High,Pending,34.5,3.6
TKT511226,2026-05-04,Phone,Account,Payment Failed,Positive,Medium,Resolved,25.2,3.2
TKT500725,2026-05-04,Social,Mobile App,App Bug,Negative,High,Pending,30.4,2.7
TKT502133,2026-05-04,Social,Mobile App,Payment Failed,Negative,Medium,Resolved,26.4,2.7
TKT506804,2026-05-04,Social,Mobile App,Refund Delay,Negative,High,Resolved,28.7,3.2
TKT500726,2026-05-04,Chat,Mobile App,Payment Failed,Neutral,Medium,Resolved,18.9,3.8
TKT509085,2026-05-04,Email,Mobile App,Card Issue,Positive,Low,Pending,36.9,3.7
TKT503487,2026-05-05,Phone,Cards,Loan Query,Neutral,High,Pending,35.8,4.2
TKT508264,2026-05-05,Email,Mobile App,App Bug,Negative,High,Escalated,57.1,1.1
TKT503999,2026-05-05,Email,Mobile App,Card Issue,Positive,High,Pending,40.0,4.2
TKT511691,2026-05-05,Chat,Mobile App,Refund Delay,Negative,High,Resolved,26.7,1.5
TKT502068,2026-05-05,Chat,Payments,Login Issue,Negative,Medium,Resolved,21.7,2.7
TKT502167,2026-05-05,Email,Cards,Card Issue,Negative,Low,Escalated,62.1,1.5
TKT510288,2026-05-05,Chat,Payments,Loan Query,Negative,Low,Pending,33.2,3.0
TKT509023,2026-05-05,Chat,Account,Loan Query,Positive,Low,Pending,30.6,3.8
TKT511369,2026-05-05,Chat,Payments,Payment Failed,Neutral,Critical,Pending,35.7,4.2
TKT501084,2026-05-05,Email,Mobile App,Refund Delay,Negative,Low,Escalated,62.3,1.4
TKT500638,2026-05-05,Phone,Payments,Loan Query,Negative,High,Pending,30.6,2.4
TKT508593,2026-05-05,Chat,Mobile App,Refund Delay,Neutral,Low,Resolved,21.0,4.1
TKT511727,2026-05-05,Chat,Account,Refund Delay,Positive,Medium,Resolved,25.8,4.0
TKT500227,2026-05-05,Phone,Mobile App,App Bug,Neutral,High,Resolved,27.7,3.8
TKT505874,2026-05-05,Chat,Payments,Card Issue,Positive,Low,Resolved,21.4,3.4
TKT500729,2026-05-05,Email,Mobile App,App Bug,Positive,Medium,Pending,34.4,3.6
TKT509512,2026-05-05,Chat,Mobile App,Card Issue,Negative,High,Resolved,24.0,1.9
TKT508771,2026-05-05,Chat,Payments,Loan Query,Positive,Medium,Resolved,16.1,3.5
TKT507286,2026-05-05,Email,Payments,Refund Delay,Negative,Medium,Pending,49.9,2.5
TKT502345,2026-05-05,Email,Mobile App,Payment Failed,Negative,Critical,Pending,44.9,3.7
TKT504968,2026-05-05,Phone,Account,Account Access,Positive,Medium,Pending,33.7,3.2
TKT501986,2026-05-05,Email,Account,Loan Query,Positive,Low,Pending,36.1,5.0
TKT511627,2026-05-05,Social,Payments,Login Issue,Neutral,Critical,Pending,38.2,3.7
TKT500107,2026-05-05,Chat,Account,Payment Failed,Neutral,Critical,Pending,49.3,4.1
TKT509112,2026-05-05,Email,Cards,Refund Delay,Negative,High,Pending,47.8,2.8
TKT507170,2026-05-05,Social,Cards,Refund Delay,Positive,Low,Pending,31.3,2.9
TKT510686,2026-05-05,Email,Account,Loan Query,Negative,Low,Pending,32.1,2.3
TKT509633,2026-05-05,Phone,Mobile App,Account Access,Negative,High,Pending,34.3,2.9
TKT511763,2026-05-05,Social,Payments,Login Issue,Positive,Medium,Pending,35.9,4.7
TKT504417,2026-05-05,Phone,Mobile App,Payment Failed,Positive,Low,Resolved,20.3,3.9
TKT509746,2026-05-06,Social,Loans,App Bug,Negative,Low,Resolved,28.0,2.3
TKT502565,2026-05-06,Chat,Payments,Payment Failed,Negative,Critical,Resolved,28.1,2.9
TKT501365,2026-05-06,Phone,Loans,Loan Query,Neutral,High,Resolved,27.9,4.5
TKT505390,2026-05-06,Email,Mobile App,App Bug,Positive,Medium,Pending,44.1,3.7
TKT511792,2026-05-06,Email,Loans,App Bug,Negative,Low,Pending,50.3,2.8
TKT500106,2026-05-06,Phone,Cards,Refund Delay,Positive,Medium,Pending,33.1,3.7
TKT504451,2026-05-06,Chat,Account,Loan Query,Negative,High,Pending,35.4,1.7
TKT506575,2026-05-06,Chat,Cards,Login Issue,Negative,Medium,Resolved,26.7,2.3
TKT503397,2026-05-06,Email,Mobile App,Account Access,Negative,High,Pending,54.8,2.0
TKT505031,2026-05-06,Phone,Account,Refund Delay,Neutral,High,Resolved,26.8,4.8
TKT509693,2026-05-06,Chat,Cards,Account Access,Negative,High,Pending,31.9,3.1
TKT510790,2026-05-06,Chat,Account,Login Issue,Neutral,Medium,Resolved,16.7,3.7
TKT500940,2026-05-06,Email,Loans,App Bug,Negative,Medium,Pending,52.1,2.7
TKT509931,2026-05-06,Phone,Cards,Login Issue,Negative,High,Pending,30.9,3.2
TKT501017,2026-05-06,Email,Account,App Bug,Neutral,Low,Pending,39.1,3.4
TKT504617,2026-05-06,Chat,Cards,Login Issue,Neutral,Medium,Resolved,13.0,3.9
TKT507891,2026-05-06,Social,Mobile App,Loan Query,Negative,High,Pending,40.5,2.1
TKT507909,2026-05-06,Chat,Loans,Account Access,Positive,Medium,Pending,37.0,4.1
TKT502898,2026-05-06,Social,Payments,Refund Delay,Neutral,Medium,Pending,43.0,3.8
TKT505900,2026-05-07,Chat,Mobile App,Login Issue,Negative,High,Resolved,27.8,2.6
TKT507195,2026-05-07,Chat,Payments,Login Issue,Negative,Low,Resolved,29.5,2.0
TKT509069,2026-05-07,Email,Mobile App,App Bug,Negative,Medium,Pending,42.9,2.1
TKT510665,2026-05-07,Email,Mobile App,Loan Query,Positive,Medium,Pending,38.3,3.7
TKT506356,2026-05-07,Phone,Account,Login Issue,Positive,Low,Resolved,24.3,4.0
TKT510075,2026-05-07,Email,Loans,Login Issue,Negative,High,Pending,38.0,3.5
TKT508982,2026-05-07,Phone,Payments,Loan Query,Positive,Medium,Pending,34.1,3.5
TKT509276,2026-05-07,Email,Mobile App,Card Issue,Positive,Low,Pending,33.6,3.8
TKT509059,2026-05-07,Email,Cards,Card Issue,Negative,Low,Pending,34.4,2.6
TKT503282,2026-05-07,Social,Mobile App,Refund Delay,Negative,High,Pending,54.5,1.9
TKT508350,2026-05-07,Phone,Payments,Login Issue,Negative,Low,Resolved,24.8,1.6
TKT507478,2026-05-07,Chat,Mobile App,Login Issue,Neutral,High,Resolved,28.5,3.0
TKT502350,2026-05-07,Email,Account,Login Issue,Negative,High,Pending,53.1,2.7
TKT503511,2026-05-07,Social,Payments,Login Issue,Negative,High,Pending,50.3,2.8
TKT503415,2026-05-07,Social,Mobile App,Account Access,Negative,High,Pending,36.5,2.4
TKT505358,2026-05-07,Chat,Mobile App,Payment Failed,Negative,High,Resolved,22.5,2.6
TKT504108,2026-05-07,Email,Payments,Account Access,Negative,Medium,Pending,36.1,3.1
TKT510539,2026-05-07,Chat,Account,App Bug,Negative,Medium,Pending,36.9,3.0
TKT509205,2026-05-07,Email,Loans,Card Issue,Positive,Low,Pending,39.0,3.0
TKT509439,2026-05-07,Phone,Loans,Login Issue,Negative,Medium,Pending,30.7,2.8
TKT507436,2026-05-07,Chat,Payments,Refund Delay,Negative,High,Resolved,22.8,1.9
TKT508871,2026-05-07,Social,Cards,App Bug,Neutral,Low,Resolved,23.9,4.4
TKT500860,2026-05-07,Chat,Cards,Login Issue,Negative,Low,Resolved,24.2,2.4
TKT500536,2026-05-07,Email,Payments,Card Issue,Negative,High,Pending,47.6,1.8
TKT510935,2026-05-07,Chat,Mobile App,App Bug,Negative,Medium,Resolved,13.1,3.2
TKT502817,2026-05-07,Social,Mobile App,Payment Failed,Negative,High,Pending,34.3,2.1
TKT503052,2026-05-08,Email,Payments,Login Issue,Negative,High,Pending,42.4,3.3
TKT503017,2026-05-08,Phone,Payments,Card Issue,Neutral,Medium,Pending,35.2,4.2
TKT509959,2026-05-08,Phone,Account,Login Issue,Negative,High,Pending,37.8,3.1
TKT501814,2026-05-08,Phone,Account,Login Issue,Neutral,Low,Pending,41.1,4.3
TKT507771,2026-05-08,Email,Account,Account Access,Negative,Medium,Pending,54.8,2.1
TKT503322,2026-05-08,Email,Loans,Loan Query,Negative,High,Pending,48.8,2.6
TKT510365,2026-05-08,Chat,Payments,Card Issue,Negative,Medium,Resolved,18.1,2.4
TKT505695,2026-05-08,Phone,Mobile App,Refund Delay,Positive,Low,Pending,32.7,2.9
TKT501478,2026-05-08,Chat,Account,App Bug,Positive,High,Pending,37.9,2.5
TKT510362,2026-05-08,Phone,Cards,Login Issue,Neutral,High,Resolved,26.3,3.1
TKT502496,2026-05-08,Phone,Mobile App,App Bug,Negative,Low,Resolved,25.9,2.4
TKT507578,2026-05-08,Chat,Cards,Refund Delay,Neutral,High,Pending,31.3,4.6
TKT503386,2026-05-08,Phone,Mobile App,Loan Query,Positive,Low,Resolved,21.4,3.6
TKT503920,2026-05-08,Chat,Payments,Refund Delay,Neutral,Low,Pending,36.3,3.4
TKT504064,2026-05-09,Phone,Account,Refund Delay,Negative,Low,Resolved,27.9,3.0
TKT501544,2026-05-09,Email,Payments,App Bug,Negative,Low,Pending,34.7,2.8
TKT507412,2026-05-09,Email,Cards,Login Issue,Negative,High,Pending,46.4,2.8
TKT511462,2026-05-09,Chat,Account,Card Issue,Negative,High,Resolved,21.6,2.8
TKT506689,2026-05-09,Social,Loans,Account Access,Negative,High,Escalated,62.6,3.3
TKT504539,2026-05-09,Email,Payments,Loan Query,Negative,Low,Pending,40.5,2.8
TKT500087,2026-05-09,Social,Cards,Refund Delay,Neutral,Medium,Pending,45.0,4.2
TKT507542,2026-05-09,Email,Mobile App,Login Issue,Negative,Medium,Pending,54.0,3.1
TKT502577,2026-05-09,Email,Loans,Refund Delay,Negative,Low,Pending,43.5,2.6
TKT501831,2026-05-09,Phone,Mobile App,App Bug,Negative,High,Resolved,28.7,2.7
TKT502390,2026-05-09,Chat,Loans,Payment Failed,Negative,Low,Resolved,22.1,2.8
TKT507513,2026-05-09,Chat,Loans,Account Access,Positive,Medium,Pending,33.5,2.9
TKT503679,2026-05-09,Phone,Loans,Card Issue,Positive,Low,Resolved,21.6,3.4
TKT506532,2026-05-09,Chat,Mobile App,Account Access,Negative,High,Resolved,28.3,2.6
TKT502426,2026-05-09,Chat,Payments,Payment Failed,Negative,Low,Resolved,17.7,3.2
TKT504930,2026-05-09,Email,Mobile App,Card Issue,Positive,High,Pending,43.2,3.9
TKT507990,2026-05-09,Phone,Payments,Card Issue,Negative,Low,Pending,33.6,2.7
TKT509001,2026-05-09,Email,Cards,Account Access,Negative,High,Pending,47.6,2.8
TKT510412,2026-05-09,Social,Account,Loan Query,Positive,High,Pending,52.9,3.5
TKT501899,2026-05-09,Social,Loans,Payment Failed,Neutral,Medium,Resolved,25.6,3.3
TKT506191,2026-05-09,Chat,Account,Card Issue,Positive,Low,Resolved,18.8,4.9
TKT506683,2026-05-09,Phone,Loans,Loan Query,Positive,Medium,Pending,31.7,4.3
TKT504527,2026-05-09,Email,Account,Refund Delay,Negative,Medium,Pending,43.1,3.0
TKT511968,2026-05-09,Phone,Account,Login Issue,Neutral,Low,Resolved,20.0,2.9
TKT507623,2026-05-10,Social,Payments,Login Issue,Neutral,Medium,Resolved,23.6,3.7
TKT503381,2026-05-10,Email,Payments,Card Issue,Negative,High,Pending,45.8,2.9
TKT509811,2026-05-10,Email,Loans,App Bug,Negative,Medium,Escalated,60.4,1.4
TKT508289,2026-05-10,Phone,Cards,Account Access,Positive,Low,Pending,30.1,2.4
TKT509091,2026-05-10,Email,Account,Card Issue,Neutral,Medium,Pending,41.7,4.9
TKT511657,2026-05-10,Chat,Account,App Bug,Negative,High,Pending,32.0,2.4
TKT503797,2026-05-10,Email,Loans,Card Issue,Positive,High,Pending,50.7,4.5
TKT505494,2026-05-10,Phone,Cards,Refund Delay,Neutral,Medium,Resolved,21.2,3.6
TKT505460,2026-05-10,Chat,Payments,Refund Delay,Positive,High,Escalated,57.0,3.7
TKT503452,2026-05-10,Email,Loans,Refund Delay,Negative,Low,Pending,38.1,2.3
TKT511091,2026-05-10,Chat,Mobile App,Card Issue,Positive,High,Pending,33.0,3.8
TKT501973,2026-05-10,Phone,Payments,Account Access,Positive,High,Pending,30.9,3.5
TKT506488,2026-05-10,Email,Account,Refund Delay,Negative,High,Pending,44.6,2.3
TKT509548,2026-05-10,Chat,Cards,Refund Delay,Positive,Medium,Resolved,15.1,3.5
TKT509382,2026-05-10,Phone,Loans,App Bug,Negative,High,Pending,30.2,2.4
TKT505086,2026-05-10,Chat,Cards,App Bug,Negative,Low,Resolved,14.3,1.7
TKT509460,2026-05-10,Chat,Cards,Login Issue,Negative,High,Pending,40.4,2.2
TKT506351,2026-05-10,Chat,Mobile App,Payment Failed,Negative,Medium,Resolved,24.4,2.5
TKT502644,2026-05-11,Phone,Cards,Refund Delay,Negative,High,Pending,34.5,2.5
TKT510174,2026-05-11,Social,Payments,Refund Delay,Positive,High,Escalated,65.5,3.2
TKT503122,2026-05-11,Chat,Account,Refund Delay,Neutral,Medium,Resolved,12.8,3.4
TKT500879,2026-05-11,Chat,Loans,Login Issue,Neutral,Medium,Resolved,19.5,3.9
TKT504023,2026-05-11,Chat,Cards,Card Issue,Positive,High,Pending,31.1,3.9
TKT505060,2026-05-11,Phone,Loans,Refund Delay,Neutral,Low,Pending,35.5,2.7
TKT508198,2026-05-11,Email,Mobile App,Account Access,Neutral,High,Pending,40.6,3.4
TKT508938,2026-05-11,Social,Account,App Bug,Positive,Low,Pending,36.3,4.0
TKT502726,2026-05-11,Chat,Payments,Refund Delay,Neutral,High,Resolved,21.5,3.8
TKT505780,2026-05-11,Phone,Mobile App,Loan Query,Positive,High,Resolved,27.9,4.4
TKT506518,2026-05-11,Email,Payments,Payment Failed,Negative,Medium,Pending,41.7,2.2
TKT510325,2026-05-11,Chat,Loans,Account Access,Positive,Medium,Resolved,19.8,3.6
TKT500709,2026-05-11,Phone,Mobile App,Login Issue,Positive,Low,Pending,30.2,3.8
TKT507704,2026-05-12,Social,Payments,Refund Delay,Negative,Low,Resolved,27.1,2.7
TKT504554,2026-05-12,Phone,Loans,Account Access,Negative,Low,Resolved,22.7,2.5
TKT501229,2026-05-12,Chat,Mobile App,Loan Query,Negative,Medium,Pending,33.5,2.8
TKT508229,2026-05-12,Chat,Loans,Payment Failed,Positive,Medium,Resolved,20.9,4.4
TKT508221,2026-05-12,Social,Mobile App,Loan Query,Positive,High,Pending,35.9,4.0
TKT508465,2026-05-12,Chat,Mobile App,Payment Failed,Negative,Medium,Resolved,24.2,2.9
TKT501033,2026-05-12,Email,Loans,Payment Failed,Positive,High,Pending,48.1,4.0
TKT505319,2026-05-12,Social,Cards,Payment Failed,Negative,Low,Pending,34.8,2.4
TKT503335,2026-05-12,Email,Payments,Login Issue,Negative,High,Pending,41.0,2.4
TKT503509,2026-05-12,Email,Payments,Account Access,Negative,High,Escalated,55.4,2.4
TKT508510,2026-05-12,Email,Mobile App,Payment Failed,Negative,Medium,Pending,41.3,1.6
TKT501493,2026-05-12,Chat,Payments,App Bug,Neutral,High,Pending,30.2,3.8
TKT508574,2026-05-13,Email,Mobile App,Loan Query,Positive,Critical,Pending,53.1,4.0
TKT509956,2026-05-13,Social,Payments,Card Issue,Negative,High,Pending,40.8,2.3
TKT510642,2026-05-13,Social,Loans,Account Access,Positive,High,Pending,38.0,4.1
TKT505169,2026-05-13,Social,Payments,Card Issue,Negative,Medium,Resolved,22.9,3.4
TKT510705,2026-05-13,Email,Mobile App,Card Issue,Negative,Low,Pending,35.1,2.0
TKT503871,2026-05-13,Email,Cards,Card Issue,Positive,Low,Pending,50.1,4.6
TKT501864,2026-05-13,Chat,Payments,Account Access,Positive,Medium,Resolved,20.8,3.2
TKT511328,2026-05-13,Chat,Payments,Payment Failed,Positive,Critical,Pending,31.3,4.2
TKT500033,2026-05-13,Chat,Loans,Login Issue,Negative,Medium,Resolved,26.7,1.9
TKT502666,2026-05-13,Email,Mobile App,Account Access,Negative,High,Pending,44.3,2.0
TKT509161,2026-05-13,Chat,Payments,Payment Failed,Negative,Medium,Resolved,16.9,1.9
TKT502019,2026-05-13,Email,Cards,Refund Delay,Neutral,High,Pending,52.5,4.6
TKT502176,2026-05-13,Social,Account,Payment Failed,Negative,High,Pending,41.2,1.4
TKT505138,2026-05-13,Email,Mobile App,Refund Delay,Neutral,Medium,Pending,41.3,3.4
TKT508960,2026-05-13,Email,Mobile App,Refund Delay,Positive,High,Pending,46.3,3.0
TKT500212,2026-05-13,Email,Loans,Card Issue,Negative,Low,Pending,40.3,2.0
TKT511876,2026-05-13,Phone,Mobile App,Loan Query,Positive,Medium,Resolved,24.8,4.7
TKT505551,2026-05-14,Chat,Payments,Payment Failed,Negative,High,Resolved,24.0,2.6
TKT503125,2026-05-14,Social,Account,Account Access,Positive,Low,Resolved,23.8,3.2
TKT505405,2026-05-14,Chat,Cards,Refund Delay,Neutral,Medium,Resolved,17.8,2.6
TKT503513,2026-05-14,Phone,Cards,Account Access,Neutral,Medium,Resolved,20.1,3.7
TKT504585,2026-05-14,Social,Loans,Refund Delay,Positive,Medium,Resolved,26.9,3.9
TKT511484,2026-05-14,Phone,Payments,Payment Failed,Neutral,Critical,Pending,44.2,3.8
TKT501500,2026-05-14,Chat,Payments,Card Issue,Neutral,Medium,Resolved,21.1,3.7
TKT510328,2026-05-14,Chat,Payments,Loan Query,Negative,Medium,Resolved,28.8,2.5
TKT501130,2026-05-14,Email,Account,Login Issue,Neutral,High,Pending,51.4,3.3
TKT502036,2026-05-14,Email,Account,Account Access,Neutral,Medium,Pending,35.5,4.1
TKT502327,2026-05-14,Chat,Payments,Card Issue,Negative,High,Pending,33.5,2.0
TKT510479,2026-05-14,Email,Payments,Loan Query,Negative,Medium,Pending,33.7,2.5
TKT509595,2026-05-14,Email,Account,Refund Delay,Negative,Medium,Pending,35.8,2.9
TKT505970,2026-05-14,Phone,Loans,Card Issue,Neutral,High,Resolved,28.3,4.0
TKT507182,2026-05-14,Email,Mobile App,Payment Failed,Neutral,Medium,Pending,46.5,4.1
TKT503972,2026-05-14,Chat,Mobile App,App Bug,Neutral,High,Resolved,26.8,4.8
TKT502855,2026-05-14,Social,Loans,Login Issue,Neutral,Low,Resolved,24.5,3.2
TKT510080,2026-05-14,Chat,Cards,Loan Query,Positive,High,Pending,35.8,4.0
TKT507125,2026-05-14,Chat,Mobile App,Login Issue,Neutral,High,Resolved,23.5,3.1
TKT504899,2026-05-14,Phone,Account,Payment Failed,Negative,High,Pending,40.9,2.9
TKT507742,2026-05-14,Email,Payments,Login Issue,Neutral,Medium,Pending,39.8,4.1
TKT509016,2026-05-14,Email,Mobile App,Payment Failed,Negative,Medium,Pending,34.8,3.2
TKT501467,2026-05-14,Phone,Cards,Refund Delay,Positive,Medium,Resolved,22.2,3.7
TKT503785,2026-05-14,Social,Mobile App,App Bug,Negative,Medium,Resolved,29.7,3.6
TKT511290,2026-05-14,Social,Payments,Card Issue,Neutral,High,Pending,38.5,3.9
TKT503661,2026-05-15,Email,Payments,Account Access,Negative,High,Pending,40.6,3.4
TKT509304,2026-05-15,Chat,Payments,Login Issue,Negative,Low,Resolved,24.9,1.8
TKT504589,2026-05-15,Phone,Mobile App,Refund Delay,Negative,High,Pending,33.4,3.6
TKT505793,2026-05-15,Chat,Payments,Account Access,Positive,Medium,Resolved,16.3,3.7
TKT506868,2026-05-15,Phone,Account,Refund Delay,Negative,High,Pending,33.4,1.7
TKT501888,2026-05-15,Phone,Cards,Account Access,Negative,High,Pending,31.9,2.2
TKT508160,2026-05-15,Chat,Mobile App,Card Issue,Negative,High,Pending,31.9,2.8
TKT505124,2026-05-15,Phone,Mobile App,App Bug,Negative,Low,Pending,30.1,3.1
TKT510583,2026-05-15,Phone,Mobile App,Payment Failed,Neutral,Medium,Pending,31.9,3.0
TKT509214,2026-05-15,Email,Cards,Payment Failed,Negative,High,Pending,40.9,2.5
TKT507282,2026-05-15,Chat,Mobile App,Payment Failed,Negative,High,Resolved,24.9,2.5
TKT510155,2026-05-15,Chat,Cards,Payment Failed,Negative,Low,Resolved,18.4,2.4
TKT508362,2026-05-15,Chat,Cards,Login Issue,Negative,Medium,Resolved,13.5,3.0
TKT505004,2026-05-15,Chat,Loans,App Bug,Positive,High,Pending,34.9,4.3
TKT506170,2026-05-15,Social,Payments,Loan Query,Positive,Medium,Pending,35.1,4.9
TKT510109,2026-05-15,Chat,Mobile App,App Bug,Negative,Medium,Resolved,23.4,2.5
TKT507973,2026-05-15,Phone,Loans,App Bug,Positive,Low,Resolved,20.0,4.1
TKT505458,2026-05-15,Phone,Loans,Loan Query,Negative,Medium,Resolved,24.3,2.7
TKT507908,2026-05-15,Social,Cards,Refund Delay,Neutral,Medium,Pending,38.6,3.6
TKT504445,2026-05-15,Phone,Payments,Payment Failed,Negative,High,Pending,38.3,1.8
TKT505847,2026-05-15,Chat,Mobile App,Payment Failed,Neutral,Critical,Resolved,29.7,3.4
TKT500262,2026-05-15,Phone,Mobile App,Payment Failed,Neutral,Medium,Pending,35.5,4.0
TKT502641,2026-05-15,Chat,Mobile App,Refund Delay,Negative,Low,Resolved,20.0,3.7
TKT502520,2026-05-15,Chat,Account,Refund Delay,Negative,High,Pending,36.8,1.9
TKT505752,2026-05-16,Phone,Mobile App,Login Issue,Negative,High,Resolved,29.2,2.8
TKT506884,2026-05-16,Chat,Cards,Login Issue,Negative,High,Pending,51.1,2.7
TKT501142,2026-05-16,Chat,Payments,App Bug,Positive,Low,Resolved,20.4,4.8
TKT510993,2026-05-16,Chat,Loans,Account Access,Negative,Medium,Resolved,19.5,3.0
TKT505190,2026-05-16,Email,Mobile App,Account Access,Neutral,High,Pending,43.8,3.8
TKT509589,2026-05-16,Email,Cards,Loan Query,Negative,High,Pending,44.0,2.8
TKT500553,2026-05-16,Chat,Cards,Loan Query,Negative,Medium,Resolved,23.4,1.6
TKT505777,2026-05-16,Chat,Mobile App,Refund Delay,Positive,High,Pending,41.1,4.3
TKT508283,2026-05-16,Email,Mobile App,Card Issue,Negative,High,Escalated,55.7,1.5
TKT506766,2026-05-16,Phone,Payments,Refund Delay,Negative,High,Pending,45.7,3.1
TKT511954,2026-05-16,Phone,Mobile App,Login Issue,Negative,Low,Resolved,28.5,2.5
TKT510633,2026-05-16,Phone,Payments,Refund Delay,Negative,Medium,Resolved,29.2,3.4
TKT510868,2026-05-16,Chat,Mobile App,Card Issue,Positive,Medium,Resolved,23.6,4.4
TKT502688,2026-05-16,Phone,Mobile App,Account Access,Negative,Medium,Resolved,21.8,2.2
TKT508799,2026-05-16,Phone,Payments,Payment Failed,Neutral,Medium,Pending,35.7,4.7
TKT504538,2026-05-16,Chat,Cards,Card Issue,Negative,High,Pending,31.9,2.5
TKT503516,2026-05-16,Chat,Cards,Login Issue,Neutral,Low,Resolved,18.1,3.9
TKT500834,2026-05-16,Email,Mobile App,Refund Delay,Positive,Low,Pending,33.1,3.3
TKT503851,2026-05-16,Email,Mobile App,App Bug,Neutral,High,Pending,39.3,3.3
TKT507224,2026-05-16,Chat,Mobile App,Account Access,Negative,Low,Resolved,18.6,3.2
TKT501116,2026-05-16,Email,Mobile App,Payment Failed,Negative,Medium,Pending,34.7,1.7
TKT502283,2026-05-16,Chat,Loans,Refund Delay,Negative,Low,Resolved,17.9,2.6
TKT504879,2026-05-16,Social,Loans,Loan Query,Neutral,Medium,Resolved,22.3,3.8
TKT509386,2026-05-16,Chat,Cards,Loan Query,Negative,High,Pending,37.7,2.7
TKT504328,2026-05-16,Email,Account,App Bug,Neutral,Medium,Pending,38.4,3.4
TKT509430,2026-05-16,Phone,Account,Payment Failed,Neutral,Low,Resolved,25.3,2.8
TKT501815,2026-05-16,Chat,Payments,Account Access,Neutral,High,Pending,32.1,3.5
TKT504149,2026-05-17,Email,Cards,Payment Failed,Neutral,High,Pending,40.8,4.0
TKT505745,2026-05-17,Email,Mobile App,Card Issue,Positive,High,Pending,52.2,4.5
TKT504906,2026-05-17,Chat,Account,Card Issue,Positive,Medium,Resolved,24.6,4.2
TKT505350,2026-05-17,Email,Mobile App,Payment Failed,Neutral,Low,Pending,47.0,4.4
TKT507076,2026-05-17,Social,Loans,Refund Delay,Negative,High,Pending,40.5,3.2
TKT508994,2026-05-17,Social,Mobile App,Card Issue,Neutral,Medium,Resolved,27.9,4.3
TKT504207,2026-05-17,Chat,Mobile App,App Bug,Neutral,High,Pending,31.7,4.5
TKT505262,2026-05-17,Social,Payments,Login Issue,Negative,High,Pending,42.0,3.7
TKT502633,2026-05-17,Chat,Payments,Refund Delay,Negative,High,Pending,31.9,2.2
TKT505290,2026-05-17,Chat,Account,App Bug,Neutral,High,Resolved,26.1,3.7
TKT509697,2026-05-17,Chat,Loans,Login Issue,Negative,Low,Resolved,20.8,3.2
TKT511633,2026-05-17,Chat,Mobile App,App Bug,Neutral,High,Resolved,21.6,3.4
TKT503557,2026-05-17,Email,Mobile App,Loan Query,Negative,High,Pending,43.8,2.2
TKT500963,2026-05-17,Phone,Account,Login Issue,Positive,Low,Pending,30.3,3.9
TKT504873,2026-05-17,Chat,Loans,Refund Delay,Negative,Medium,Resolved,22.8,2.1
TKT509914,2026-05-17,Phone,Mobile App,Loan Query,Negative,Low,Resolved,26.0,3.2
TKT500174,2026-05-17,Phone,Cards,App Bug,Negative,High,Pending,41.3,1.4
TKT509254,2026-05-17,Chat,Cards,Loan Query,Positive,Low,Resolved,17.6,4.7
TKT502972,2026-05-17,Phone,Payments,Account Access,Negative,High,Pending,32.7,2.6
TKT503800,2026-05-17,Social,Payments,Login Issue,Negative,High,Pending,43.5,2.0
TKT510104,2026-05-17,Email,Loans,Loan Query,Positive,Medium,Pending,42.7,4.0
TKT510939,2026-05-17,Chat,Mobile App,Payment Failed,Positive,High,Resolved,28.4,4.3
TKT507249,2026-05-17,Chat,Payments,Payment Failed,Negative,Low,Resolved,16.9,2.5
TKT506343,2026-05-17,Email,Payments,Login Issue,Positive,Low,Pending,44.9,4.5
TKT509274,2026-05-17,Phone,Loans,App Bug,Negative,High,Pending,40.1,2.6
TKT510582,2026-05-17,Chat,Mobile App,Card Issue,Neutral,Medium,Resolved,17.4,2.9
TKT510775,2026-05-17,Chat,Loans,Refund Delay,Negative,Critical,Pending,34.7,3.7
TKT511940,2026-05-18,Chat,Mobile App,Loan Query,Negative,High,Pending,32.3,2.7
TKT500517,2026-05-18,Social,Loans,Card Issue,Positive,Medium,Resolved,25.0,5.0
TKT506317,2026-05-18,Phone,Cards,Card Issue,Negative,High,Pending,34.9,2.4
TKT506222,2026-05-18,Phone,Loans,Account Access,Negative,Low,Resolved,22.4,2.1
TKT509485,2026-05-18,Phone,Payments,Account Access,Neutral,Low,Resolved,26.7,3.6
TKT500380,2026-05-18,Phone,Mobile App,Payment Failed,Positive,Critical,Escalated,58.3,2.5
TKT506590,2026-05-18,Chat,Payments,Refund Delay,Negative,Low,Resolved,19.5,3.0
TKT509854,2026-05-18,Chat,Account,Login Issue,Neutral,Low,Resolved,24.7,3.7
TKT511168,2026-05-18,Chat,Account,Loan Query,Positive,High,Resolved,28.3,4.8
TKT502686,2026-05-18,Email,Account,Payment Failed,Positive,Critical,Pending,43.8,3.1
TKT503801,2026-05-18,Social,Account,Loan Query,Positive,High,Pending,53.9,3.4
TKT511114,2026-05-18,Phone,Mobile App,App Bug,Negative,High,Pending,31.0,2.7
TKT505203,2026-05-18,Social,Payments,Payment Failed,Negative,High,Escalated,70.1,1.8
TKT508136,2026-05-18,Social,Payments,Payment Failed,Negative,Medium,Pending,30.4,3.5
TKT511619,2026-05-18,Chat,Account,Refund Delay,Negative,Low,Resolved,21.8,1.8
TKT508943,2026-05-18,Phone,Loans,Account Access,Negative,High,Resolved,28.8,2.7
TKT503005,2026-05-18,Chat,Payments,App Bug,Neutral,Medium,Resolved,17.1,3.8
TKT511550,2026-05-18,Email,Loans,Refund Delay,Neutral,Low,Pending,36.9,3.8
TKT510765,2026-05-18,Chat,Mobile App,Account Access,Negative,Low,Resolved,17.3,3.3
TKT502468,2026-05-18,Chat,Loans,Payment Failed,Positive,Critical,Pending,32.0,3.8
TKT501283,2026-05-18,Phone,Payments,App Bug,Positive,High,Pending,32.8,3.4
TKT500026,2026-05-18,Social,Payments,Loan Query,Positive,High,Pending,53.1,2.9
TKT504165,2026-05-18,Social,Payments,Account Access,Negative,High,Pending,31.6,2.1
TKT501003,2026-05-18,Chat,Loans,App Bug,Negative,High,Resolved,20.6,3.2
TKT508605,2026-05-18,Phone,Mobile App,Card Issue,Positive,Medium,Resolved,22.3,4.4
TKT508552,2026-05-18,Chat,Cards,Payment Failed,Neutral,Medium,Resolved,18.5,3.6
TKT501445,2026-05-18,Chat,Mobile App,Login Issue,Neutral,Low,Resolved,18.2,3.6
TKT508326,2026-05-18,Phone,Loans,Card Issue,Neutral,Low,Pending,38.7,3.1
TKT503110,2026-05-19,Phone,Payments,Payment Failed,Negative,Low,Pending,31.5,2.0
TKT509435,2026-05-19,Email,Account,App Bug,Negative,Medium,Pending,39.0,2.6
TKT506021,2026-05-19,Phone,Loans,Loan Query,Positive,Critical,Pending,49.3,3.1
TKT506458,2026-05-19,Phone,Cards,Card Issue,Positive,High,Resolved,29.2,3.1
TKT507798,2026-05-19,Chat,Loans,Loan Query,Positive,High,Pending,36.0,3.2
TKT505210,2026-05-19,Chat,Loans,App Bug,Negative,Low,Resolved,20.8,2.0
TKT501693,2026-05-19,Chat,Cards,Refund Delay,Negative,Critical,Pending,34.4,1.5
TKT508649,2026-05-19,Chat,Payments,Payment Failed,Neutral,Critical,Resolved,29.1,4.5
TKT500155,2026-05-19,Chat,Cards,Payment Failed,Negative,Medium,Resolved,19.9,2.8
TKT503922,2026-05-19,Chat,Account,Loan Query,Positive,High,Pending,37.4,3.8
TKT504587,2026-05-19,Email,Loans,Payment Failed,Neutral,Critical,Escalated,61.4,3.6
TKT502836,2026-05-19,Chat,Account,Loan Query,Positive,Low,Pending,37.6,4.2
TKT502318,2026-05-19,Chat,Cards,Payment Failed,Negative,Medium,Resolved,20.2,1.8
TKT507349,2026-05-19,Email,Account,Refund Delay,Negative,High,Pending,41.1,2.5
TKT509543,2026-05-19,Phone,Account,Loan Query,Positive,Medium,Resolved,20.1,4.0
TKT507364,2026-05-19,Email,Payments,Card Issue,Neutral,Medium,Pending,33.4,3.2
TKT504332,2026-05-19,Chat,Payments,Login Issue,Negative,High,Resolved,21.5,2.8
TKT500896,2026-05-19,Phone,Account,Refund Delay,Positive,Low,Pending,31.4,3.4
TKT500966,2026-05-19,Chat,Payments,Payment Failed,Negative,Critical,Resolved,27.3,2.4
TKT511297,2026-05-19,Phone,Mobile App,Login Issue,Positive,Medium,Resolved,25.6,3.3
TKT502008,2026-05-19,Email,Mobile App,Account Access,Negative,High,Pending,41.7,3.4
TKT506194,2026-05-19,Chat,Account,Login Issue,Neutral,Low,Pending,38.7,3.6
TKT511872,2026-05-19,Phone,Mobile App,Login Issue,Negative,Medium,Resolved,20.6,2.6
TKT509893,2026-05-19,Phone,Mobile App,Card Issue,Neutral,High,Pending,30.3,3.4
TKT508079,2026-05-19,Phone,Cards,Card Issue,Negative,High,Pending,30.3,2.2
TKT501811,2026-05-19,Chat,Loans,App Bug,Negative,High,Resolved,28.6,2.6
TKT500084,2026-05-19,Email,Mobile App,Payment Failed,Neutral,Low,Pending,53.2,3.8
TKT501305,2026-05-19,Phone,Loans,Loan Query,Positive,High,Pending,54.0,3.9
TKT504764,2026-05-19,Chat,Cards,Loan Query,Negative,High,Resolved,26.5,1.9
TKT503127,2026-05-19,Email,Payments,Loan Query,Negative,High,Escalated,60.5,2.6
TKT510221,2026-05-20,Email,Mobile App,App Bug,Negative,High,Pending,44.8,3.7
TKT502340,2026-05-20,Email,Mobile App,Login Issue,Positive,Medium,Pending,34.8,4.1
TKT511854,2026-05-20,Social,Account,Account Access,Negative,High,Resolved,28.9,2.3
TKT506770,2026-05-20,Social,Cards,Card Issue,Neutral,Medium,Pending,41.5,3.5
TKT510732,2026-05-20,Chat,Mobile App,Payment Failed,Negative,High,Resolved,28.7,2.9
TKT505721,2026-05-20,Phone,Loans,Payment Failed,Negative,Critical,Pending,38.3,2.6
TKT506094,2026-05-20,Chat,Mobile App,Card Issue,Negative,Medium,Resolved,13.6,3.0
TKT508057,2026-05-20,Chat,Account,Refund Delay,Negative,Critical,Pending,33.2,2.8
TKT502669,2026-05-20,Email,Loans,Loan Query,Negative,Low,Pending,35.1,3.2
TKT501077,2026-05-20,Social,Account,Payment Failed,Negative,High,Pending,40.1,2.5
TKT508138,2026-05-20,Chat,Mobile App,App Bug,Negative,Medium,Resolved,19.7,2.5
TKT502192,2026-05-20,Phone,Loans,Payment Failed,Negative,Low,Resolved,29.9,3.0
TKT511513,2026-05-20,Phone,Mobile App,Refund Delay,Positive,Low,Resolved,20.2,4.1
TKT507613,2026-05-20,Chat,Cards,Payment Failed,Neutral,Critical,Pending,31.7,3.8
TKT506013,2026-05-20,Email,Mobile App,Card Issue,Negative,Low,Pending,36.5,2.9
TKT508738,2026-05-20,Email,Payments,Card Issue,Neutral,Low,Pending,49.9,3.8
TKT507943,2026-05-20,Chat,Cards,Loan Query,Negative,High,Pending,34.2,2.5
TKT500432,2026-05-20,Phone,Account,Card Issue,Neutral,Low,Resolved,23.1,4.0
TKT510297,2026-05-20,Social,Mobile App,Loan Query,Positive,Low,Resolved,28.3,3.6
TKT503272,2026-05-20,Chat,Cards,Refund Delay,Neutral,Medium,Pending,31.5,4.5
TKT510692,2026-05-20,Email,Account,Refund Delay,Neutral,Low,Pending,45.9,3.5
TKT509150,2026-05-20,Email,Mobile App,Account Access,Positive,Low,Pending,35.3,4.1
TKT504883,2026-05-20,Social,Mobile App,Refund Delay,Negative,High,Pending,32.9,1.9
TKT511183,2026-05-20,Phone,Cards,Login Issue,Positive,Medium,Pending,41.7,3.6
TKT504173,2026-05-20,Social,Mobile App,Card Issue,Negative,High,Pending,38.6,2.3
TKT510274,2026-05-20,Phone,Loans,Refund Delay,Negative,Low,Pending,34.9,2.9
TKT508074,2026-05-20,Chat,Loans,Refund Delay,Negative,Medium,Resolved,18.1,2.3
TKT510337,2026-05-20,Social,Loans,Payment Failed,Negative,High,Escalated,60.4,2.5
TKT508663,2026-05-21,Phone,Mobile App,Account Access,Neutral,High,Pending,36.2,4.9
TKT506759,2026-05-21,Chat,Account,Payment Failed,Negative,Medium,Resolved,20.9,2.8
TKT503992,2026-05-21,Email,Account,Payment Failed,Positive,Critical,Pending,43.3,3.4
TKT505217,2026-05-21,Chat,Account,Card Issue,Neutral,High,Pending,49.0,2.7
TKT501913,2026-05-21,Chat,Mobile App,Loan Query,Negative,High,Resolved,23.5,2.3
TKT511680,2026-05-21,Email,Mobile App,Account Access,Positive,High,Pending,51.5,3.9
TKT508595,2026-05-21,Email,Payments,Account Access,Positive,High,Pending,39.5,3.7
TKT508553,2026-05-21,Email,Payments,App Bug,Negative,High,Pending,41.6,3.8
TKT506965,2026-05-21,Phone,Account,Payment Failed,Negative,High,Pending,45.1,2.7
TKT501731,2026-05-21,Phone,Loans,Payment Failed,Neutral,Medium,Resolved,28.6,3.6
TKT505511,2026-05-21,Email,Mobile App,Refund Delay,Negative,High,Pending,43.7,2.2
TKT507875,2026-05-21,Social,Loans,Account Access,Neutral,Low,Resolved,26.6,3.1
TKT506311,2026-05-21,Chat,Mobile App,App Bug,Negative,Medium,Resolved,22.0,2.0
TKT509051,2026-05-21,Phone,Mobile App,Payment Failed,Negative,High,Pending,45.6,2.6
TKT502439,2026-05-21,Phone,Loans,Loan Query,Negative,High,Resolved,27.2,2.7
TKT506712,2026-05-21,Phone,Account,Payment Failed,Neutral,High,Escalated,56.5,2.5
TKT500806,2026-05-21,Chat,Payments,App Bug,Negative,High,Resolved,28.0,2.5
TKT509451,2026-05-21,Chat,Account,App Bug,Neutral,High,Resolved,29.0,4.1
TKT511975,2026-05-21,Chat,Cards,Refund Delay,Neutral,High,Pending,36.5,4.6
TKT503278,2026-05-21,Chat,Payments,Account Access,Positive,High,Resolved,23.2,4.1
TKT504773,2026-05-21,Chat,Payments,App Bug,Negative,High,Pending,38.1,2.3
TKT501208,2026-05-21,Email,Mobile App,Account Access,Negative,Medium,Pending,54.9,2.8
TKT504078,2026-05-21,Phone,Cards,Refund Delay,Negative,High,Pending,39.6,1.8
TKT502729,2026-05-21,Email,Mobile App,Login Issue,Positive,High,Pending,40.1,3.9
TKT508786,2026-05-21,Social,Account,Login Issue,Neutral,Low,Pending,35.9,3.1
TKT509631,2026-05-21,Chat,Mobile App,Payment Failed,Neutral,High,Resolved,25.1,4.6
TKT506074,2026-05-21,Chat,Account,Payment Failed,Negative,Critical,Resolved,27.9,3.4
TKT500314,2026-05-21,Chat,Cards,Payment Failed,Negative,Medium,Pending,38.3,2.3
TKT505450,2026-05-21,Phone,Account,Refund Delay,Positive,Low,Resolved,27.0,4.5
TKT504814,2026-05-21,Social,Mobile App,App Bug,Negative,High,Resolved,27.7,2.4
TKT508759,2026-05-21,Chat,Payments,Card Issue,Neutral,Medium,Resolved,15.4,4.4
TKT504233,2026-05-21,Phone,Loans,Payment Failed,Negative,High,Pending,41.7,3.0
TKT509622,2026-05-22,Phone,Cards,Payment Failed,Neutral,Low,Pending,37.7,3.3
TKT508368,2026-05-22,Social,Mobile App,Payment Failed,Neutral,Low,Pending,37.8,3.1
TKT508354,2026-05-22,Phone,Loans,Account Access,Positive,Low,Pending,36.9,3.1
TKT505311,2026-05-22,Phone,Payments,Account Access,Negative,High,Pending,36.6,3.5
TKT511973,2026-05-22,Chat,Payments,Card Issue,Negative,Low,Pending,30.9,2.5
TKT502210,2026-05-22,Chat,Mobile App,Card Issue,Negative,High,Resolved,26.2,4.0
TKT507731,2026-05-22,Social,Cards,Payment Failed,Negative,Medium,Pending,41.8,1.7
TKT501790,2026-05-22,Social,Cards,Account Access,Neutral,High,Pending,31.1,2.8
TKT506183,2026-05-22,Chat,Payments,App Bug,Positive,Medium,Pending,37.1,4.5
TKT500201,2026-05-22,Chat,Account,Account Access,Positive,High,Resolved,21.4,3.2
TKT500839,2026-05-22,Chat,Account,Refund Delay,Negative,Low,Resolved,19.7,1.9
TKT509900,2026-05-22,Phone,Mobile App,Account Access,Negative,High,Pending,32.2,1.4
TKT500582,2026-05-22,Email,Payments,Refund Delay,Positive,Critical,Pending,42.9,4.7
TKT509230,2026-05-22,Phone,Cards,Refund Delay,Negative,Low,Resolved,28.7,2.6
TKT510915,2026-05-22,Phone,Account,Card Issue,Neutral,High,Pending,32.8,3.3
TKT505476,2026-05-22,Phone,Cards,Login Issue,Neutral,Low,Pending,32.5,2.9
TKT502114,2026-05-22,Social,Mobile App,App Bug,Negative,Medium,Pending,31.0,3.6
TKT501580,2026-05-22,Social,Loans,Loan Query,Negative,High,Resolved,29.4,2.7
TKT507043,2026-05-22,Chat,Account,App Bug,Negative,Medium,Resolved,13.9,3.2
TKT503419,2026-05-22,Chat,Mobile App,Account Access,Negative,High,Pending,34.7,2.7
TKT508962,2026-05-22,Phone,Cards,Account Access,Positive,Medium,Pending,38.7,4.2
TKT504917,2026-05-22,Email,Account,Refund Delay,Positive,Low,Escalated,58.7,3.2
TKT503011,2026-05-22,Phone,Mobile App,Card Issue,Neutral,High,Pending,38.8,4.6
TKT511056,2026-05-22,Email,Mobile App,Refund Delay,Neutral,High,Pending,44.2,3.6
TKT507761,2026-05-22,Email,Payments,Payment Failed,Positive,Low,Pending,40.5,4.7
TKT500022,2026-05-22,Chat,Payments,Login Issue,Negative,Medium,Resolved,21.9,2.3
TKT504871,2026-05-22,Chat,Payments,Refund Delay,Neutral,Medium,Resolved,18.6,3.2
TKT505242,2026-05-23,Chat,Cards,Account Access,Positive,High,Pending,30.4,4.1
TKT503497,2026-05-23,Social,Loans,Login Issue,Negative,High,Pending,35.5,3.2
TKT500907,2026-05-23,Chat,Loans,Card Issue,Negative,Low,Resolved,21.5,3.0
TKT505724,2026-05-23,Phone,Mobile App,Payment Failed,Neutral,Medium,Pending,31.4,2.7
TKT504320,2026-05-23,Social,Mobile App,Refund Delay,Neutral,Low,Resolved,29.5,4.5
TKT505908,2026-05-23,Chat,Account,App Bug,Neutral,Medium,Resolved,29.4,3.9
TKT506221,2026-05-23,Chat,Loans,Refund Delay,Negative,High,Resolved,28.9,3.2
TKT500708,2026-05-23,Email,Account,App Bug,Negative,High,Pending,42.4,2.7
TKT507334,2026-05-23,Social,Payments,Login Issue,Neutral,Medium,Pending,32.5,4.2
TKT501218,2026-05-23,Email,Payments,App Bug,Negative,Low,Pending,33.4,2.3
TKT509763,2026-05-23,Email,Payments,Login Issue,Negative,Medium,Pending,45.5,2.6
TKT507005,2026-05-23,Chat,Payments,App Bug,Negative,Medium,Resolved,17.6,2.6
TKT509084,2026-05-23,Chat,Payments,Login Issue,Negative,High,Pending,30.2,2.4
TKT508689,2026-05-23,Email,Account,Account Access,Positive,Medium,Pending,49.7,3.7
TKT501615,2026-05-23,Email,Mobile App,App Bug,Negative,High,Pending,47.4,2.7
TKT509962,2026-05-23,Email,Mobile App,Loan Query,Negative,High,Pending,52.0,2.4
TKT501902,2026-05-23,Phone,Cards,Refund Delay,Negative,Low,Resolved,21.9,1.9
TKT508276,2026-05-23,Email,Account,Card Issue,Neutral,High,Pending,41.0,3.9
TKT501849,2026-05-23,Phone,Payments,Login Issue,Negative,Medium,Resolved,24.7,2.8
TKT507151,2026-05-23,Email,Mobile App,Payment Failed,Negative,High,Pending,41.4,2.2
TKT503276,2026-05-23,Social,Cards,Card Issue,Neutral,High,Pending,40.7,3.9
TKT507344,2026-05-24,Email,Mobile App,Loan Query,Positive,Low,Pending,40.2,3.4
TKT511144,2026-05-24,Chat,Account,Login Issue,Neutral,High,Resolved,25.3,3.9
TKT503079,2026-05-24,Email,Cards,App Bug,Negative,Low,Pending,35.0,2.4
TKT501277,2026-05-24,Social,Payments,Payment Failed,Positive,Low,Resolved,24.6,3.0
TKT503330,2026-05-24,Chat,Cards,App Bug,Negative,High,Pending,30.1,2.8
TKT510210,2026-05-24,Social,Account,Login Issue,Positive,Low,Pending,43.6,4.3
TKT509152,2026-05-24,Email,Loans,Payment Failed,Positive,Medium,Pending,47.6,3.7
TKT509750,2026-05-24,Email,Cards,Payment Failed,Neutral,Medium,Pending,53.5,3.6
TKT508491,2026-05-24,Chat,Cards,Payment Failed,Positive,High,Resolved,29.2,3.8
TKT506208,2026-05-24,Chat,Mobile App,App Bug,Negative,Medium,Resolved,13.1,2.7
TKT506283,2026-05-24,Social,Account,Payment Failed,Negative,Low,Resolved,23.1,2.1
TKT501126,2026-05-24,Email,Payments,Refund Delay,Negative,Medium,Pending,48.2,3.0
TKT501680,2026-05-24,Chat,Mobile App,Login Issue,Positive,Medium,Resolved,21.5,2.9
TKT502586,2026-05-24,Social,Payments,App Bug,Neutral,Medium,Resolved,22.7,4.5
TKT507967,2026-05-24,Email,Cards,Login Issue,Negative,Critical,Pending,50.4,2.8
TKT507533,2026-05-24,Phone,Account,Login Issue,Neutral,Medium,Pending,30.9,3.9
TKT509288,2026-05-24,Phone,Payments,App Bug,Negative,Low,Resolved,25.6,2.1
TKT500399,2026-05-24,Phone,Cards,Payment Failed,Negative,Medium,Pending,36.8,2.9
TKT509878,2026-05-24,Chat,Payments,Login Issue,Negative,Medium,Resolved,13.6,2.4
TKT503203,2026-05-24,Email,Mobile App,App Bug,Neutral,Low,Pending,45.8,4.0
TKT501649,2026-05-24,Phone,Payments,Loan Query,Positive,Medium,Resolved,23.0,3.3
TKT511690,2026-05-24,Phone,Account,App Bug,Negative,Low,Pending,31.9,2.9
TKT500144,2026-05-24,Chat,Cards,Account Access,Positive,Medium,Resolved,15.4,3.6
TKT501977,2026-05-24,Chat,Mobile App,Loan Query,Positive,Critical,Pending,45.1,3.8
TKT508038,2026-05-24,Chat,Loans,Login Issue,Positive,Medium,Resolved,16.2,4.3
TKT504223,2026-05-25,Chat,Payments,App Bug,Neutral,Low,Resolved,19.7,3.7
TKT510526,2026-05-25,Phone,Account,Payment Failed,Negative,High,Resolved,27.9,3.1
TKT509206,2026-05-25,Phone,Account,Card Issue,Positive,High,Resolved,28.7,3.6
TKT511014,2026-05-25,Phone,Mobile App,Login Issue,Negative,High,Pending,33.1,2.7
TKT508205,2026-05-25,Email,Cards,Payment Failed,Neutral,Low,Pending,47.6,4.7
TKT511648,2026-05-25,Phone,Account,Card Issue,Negative,High,Pending,31.6,3.5
TKT500248,2026-05-25,Phone,Mobile App,Login Issue,Negative,High,Pending,41.7,3.3
TKT508307,2026-05-25,Phone,Loans,Payment Failed,Negative,Low,Pending,30.2,3.2
TKT506378,2026-05-25,Chat,Payments,Refund Delay,Neutral,High,Resolved,26.2,4.5
TKT504628,2026-05-25,Phone,Account,Payment Failed,Negative,Medium,Resolved,22.3,2.2
TKT508778,2026-05-25,Email,Loans,Login Issue,Positive,High,Pending,48.1,3.4
TKT509843,2026-05-25,Social,Loans,Refund Delay,Positive,High,Pending,30.9,3.2
TKT502429,2026-05-25,Email,Payments,Payment Failed,Positive,Medium,Pending,53.5,4.0
TKT504909,2026-05-25,Social,Account,Loan Query,Neutral,Medium,Pending,31.2,4.5
TKT504076,2026-05-25,Chat,Mobile App,Refund Delay,Negative,High,Pending,33.7,2.1
TKT502341,2026-05-25,Email,Loans,Payment Failed,Neutral,Low,Pending,36.8,3.1
TKT505835,2026-05-25,Chat,Account,App Bug,Negative,High,Resolved,26.5,3.0
TKT507426,2026-05-25,Email,Mobile App,Account Access,Neutral,Low,Pending,49.1,3.7
TKT506200,2026-05-26,Chat,Loans,Payment Failed,Neutral,Medium,Resolved,14.8,3.6
TKT504907,2026-05-26,Email,Mobile App,Refund Delay,Neutral,Medium,Pending,34.2,3.4
TKT503444,2026-05-26,Phone,Payments,Payment Failed,Neutral,Medium,Resolved,22.9,3.8
TKT506916,2026-05-26,Email,Mobile App,Login Issue,Negative,High,Pending,45.6,2.3
TKT501402,2026-05-26,Chat,Loans,Payment Failed,Negative,High,Resolved,28.5,1.3
TKT505435,2026-05-26,Email,Loans,Card Issue,Neutral,Low,Pending,34.5,3.5
TKT502662,2026-05-26,Phone,Mobile App,Refund Delay,Negative,High,Pending,43.8,3.6
TKT502940,2026-05-26,Phone,Loans,Payment Failed,Negative,Critical,Pending,35.9,3.2
TKT506199,2026-05-26,Phone,Mobile App,Account Access,Neutral,Low,Pending,34.6,3.9
TKT504485,2026-05-26,Phone,Account,Account Access,Negative,Low,Resolved,23.5,1.7
TKT501251,2026-05-26,Phone,Cards,Payment Failed,Negative,Critical,Pending,40.5,2.2
TKT501367,2026-05-26,Phone,Account,Payment Failed,Positive,High,Pending,36.6,4.5
TKT504720,2026-05-26,Chat,Mobile App,App Bug,Positive,Medium,Resolved,20.3,4.0
TKT500730,2026-05-26,Email,Mobile App,Payment Failed,Negative,Medium,Pending,39.2,3.1
TKT511444,2026-05-26,Email,Account,Card Issue,Neutral,Medium,Pending,51.8,4.9
TKT502871,2026-05-26,Social,Payments,Refund Delay,Negative,Medium,Resolved,23.1,2.3
TKT501709,2026-05-26,Phone,Mobile App,Payment Failed,Negative,High,Resolved,26.4,1.5
TKT507857,2026-05-26,Chat,Payments,Refund Delay,Negative,High,Resolved,24.7,3.6
TKT500656,2026-05-26,Email,Account,Loan Query,Positive,Low,Pending,51.8,2.6
TKT507866,2026-05-26,Email,Payments,Login Issue,Negative,Low,Pending,32.4,1.5
TKT502157,2026-05-26,Social,Account,Payment Failed,Negative,Medium,Resolved,20.5,2.9
TKT508523,2026-05-26,Chat,Mobile App,Payment Failed,Neutral,Medium,Resolved,27.0,4.7
TKT511831,2026-05-26,Chat,Account,Account Access,Neutral,Low,Resolved,19.1,4.2
TKT504278,2026-05-26,Email,Cards,Card Issue,Positive,Medium,Pending,52.2,4.5
TKT503974,2026-05-26,Phone,Loans,Login Issue,Positive,Critical,Pending,42.2,3.2
TKT511166,2026-05-26,Email,Cards,Login Issue,Neutral,Medium,Pending,40.7,3.4
TKT500143,2026-05-27,Chat,Mobile App,Account Access,Neutral,High,Pending,34.8,3.4
TKT509409,2026-05-27,Email,Mobile App,Card Issue,Neutral,Medium,Pending,35.8,3.3
TKT501732,2026-05-27,Chat,Cards,Loan Query,Negative,High,Pending,33.4,2.2
TKT507218,2026-05-27,Phone,Loans,Payment Failed,Positive,Low,Resolved,23.8,3.7
TKT500647,2026-05-27,Email,Payments,App Bug,Negative,Medium,Pending,47.1,2.1
TKT511894,2026-05-27,Chat,Account,Payment Failed,Negative,High,Resolved,27.5,2.2
TKT503380,2026-05-27,Email,Account,Refund Delay,Positive,High,Pending,49.3,3.8
TKT501851,2026-05-27,Email,Loans,Refund Delay,Negative,High,Pending,38.4,2.3
TKT508452,2026-05-27,Chat,Account,Account Access,Positive,High,Resolved,29.7,2.8
TKT509277,2026-05-27,Social,Mobile App,Card Issue,Negative,Low,Pending,36.6,3.0
TKT500848,2026-05-27,Email,Loans,App Bug,Negative,High,Escalated,55.0,1.9
TKT509581,2026-05-27,Email,Account,App Bug,Neutral,Medium,Pending,37.8,3.8
TKT504599,2026-05-27,Chat,Account,Card Issue,Negative,Low,Resolved,20.6,2.4
TKT508529,2026-05-27,Phone,Cards,App Bug,Negative,Low,Resolved,21.5,2.0
TKT501511,2026-05-27,Chat,Mobile App,Payment Failed,Neutral,Medium,Resolved,22.7,3.9
TKT509030,2026-05-27,Phone,Loans,Payment Failed,Neutral,Critical,Pending,32.9,3.7
TKT503709,2026-05-27,Chat,Mobile App,Account Access,Negative,High,Pending,39.3,2.9
TKT506657,2026-05-27,Social,Loans,Loan Query,Neutral,Low,Pending,49.0,3.5
TKT504852,2026-05-27,Phone,Mobile App,Card Issue,Negative,High,Pending,32.2,2.6
TKT500461,2026-05-27,Phone,Cards,Login Issue,Positive,Low,Pending,42.7,4.0
TKT505353,2026-05-27,Chat,Cards,Payment Failed,Negative,High,Pending,30.5,2.0
TKT501681,2026-05-27,Email,Account,Card Issue,Neutral,High,Pending,45.0,4.1
TKT503225,2026-05-27,Email,Mobile App,Refund Delay,Neutral,Critical,Pending,50.1,3.4
TKT511630,2026-05-27,Chat,Account,Account Access,Neutral,Medium,Resolved,24.2,3.6
TKT503439,2026-05-27,Social,Mobile App,Payment Failed,Negative,Medium,Pending,30.1,1.5
TKT500650,2026-05-28,Chat,Cards,Login Issue,Neutral,High,Resolved,24.5,3.8
TKT510345,2026-05-28,Social,Mobile App,Login Issue,Neutral,High,Pending,30.4,3.9
TKT508389,2026-05-28,Email,Mobile App,Card Issue,Neutral,Medium,Pending,38.2,4.6
TKT509420,2026-05-28,Chat,Account,Login Issue,Positive,Medium,Resolved,18.9,3.5
TKT502207,2026-05-28,Email,Cards,Payment Failed,Neutral,Critical,Escalated,59.9,2.3
TKT504286,2026-05-28,Email,Payments,Payment Failed,Neutral,High,Pending,40.6,3.6
TKT500039,2026-05-28,Email,Loans,Login Issue,Positive,Low,Escalated,59.8,3.3
TKT507033,2026-05-28,Phone,Mobile App,Card Issue,Neutral,Low,Pending,35.5,2.4
TKT506427,2026-05-28,Chat,Loans,Account Access,Negative,High,Pending,43.4,2.5
TKT500781,2026-05-28,Email,Payments,Card Issue,Neutral,Medium,Pending,35.2,4.3
TKT510418,2026-05-28,Email,Cards,Refund Delay,Negative,High,Pending,53.1,2.9
TKT503075,2026-05-28,Social,Cards,Payment Failed,Negative,Critical,Pending,51.6,2.3
TKT508089,2026-05-28,Phone,Account,Payment Failed,Negative,Low,Resolved,23.9,3.1
TKT505164,2026-05-28,Phone,Loans,Loan Query,Negative,High,Resolved,28.6,3.3
TKT503302,2026-05-28,Email,Account,Card Issue,Negative,Critical,Pending,49.8,2.2
TKT511581,2026-05-28,Phone,Mobile App,Account Access,Positive,Medium,Resolved,18.7,4.1
TKT504616,2026-05-28,Social,Account,Loan Query,Neutral,High,Pending,30.8,2.9
TKT502423,2026-05-28,Chat,Cards,Card Issue,Negative,Low,Resolved,15.2,2.4
TKT503865,2026-05-28,Email,Cards,Loan Query,Negative,High,Pending,42.8,2.7
TKT505918,2026-05-28,Phone,Loans,Card Issue,Negative,High,Resolved,28.9,2.9
TKT509718,2026-05-28,Phone,Cards,Card Issue,Negative,High,Pending,30.8,2.4
TKT509591,2026-05-28,Email,Payments,Refund Delay,Positive,High,Pending,50.2,3.9
TKT500974,2026-05-29,Social,Cards,Payment Failed,Negative,Low,Pending,41.0,3.0
TKT508194,2026-05-29,Phone,Cards,Payment Failed,Negative,Medium,Pending,37.8,3.4
TKT505403,2026-05-29,Chat,Account,Loan Query,Positive,High,Resolved,28.4,3.7
TKT501727,2026-05-29,Chat,Payments,Account Access,Neutral,Medium,Resolved,27.3,4.0
TKT500196,2026-05-29,Chat,Payments,App Bug,Negative,Medium,Resolved,25.1,2.1
TKT511565,2026-05-29,Phone,Payments,Payment Failed,Negative,High,Pending,33.3,2.4
TKT511542,2026-05-29,Phone,Cards,Login Issue,Negative,Medium,Pending,41.9,2.4
TKT501219,2026-05-29,Phone,Loans,Payment Failed,Neutral,Low,Resolved,20.1,4.8
TKT507850,2026-05-29,Email,Cards,App Bug,Positive,Low,Pending,33.7,4.7
TKT500785,2026-05-29,Chat,Account,Refund Delay,Neutral,Medium,Resolved,23.7,3.9
TKT506550,2026-05-29,Email,Payments,Account Access,Negative,Medium,Pending,41.7,2.6
TKT511890,2026-05-29,Chat,Mobile App,Loan Query,Positive,Medium,Resolved,15.2,3.5
TKT508282,2026-05-29,Chat,Mobile App,Account Access,Negative,High,Pending,33.1,1.9
TKT505642,2026-05-29,Phone,Account,Refund Delay,Negative,High,Pending,39.2,1.8
TKT507938,2026-05-29,Email,Mobile App,Payment Failed,Negative,Critical,Escalated,57.3,1.3
TKT511189,2026-05-29,Chat,Account,Card Issue,Positive,Low,Resolved,16.7,4.3
TKT505401,2026-05-29,Chat,Payments,Loan Query,Positive,Medium,Resolved,27.8,3.3
TKT503430,2026-05-29,Chat,Cards,Loan Query,Neutral,Medium,Resolved,24.5,4.3
TKT504370,2026-05-29,Chat,Account,Account Access,Negative,High,Pending,31.2,2.7
TKT509643,2026-05-29,Social,Cards,App Bug,Neutral,Low,Resolved,26.9,5.0
TKT504902,2026-05-29,Email,Cards,App Bug,Positive,Medium,Pending,33.1,4.3
TKT500469,2026-05-29,Chat,Mobile App,App Bug,Neutral,Medium,Pending,37.3,4.2
TKT509431,2026-05-29,Email,Payments,Login Issue,Neutral,Low,Pending,35.4,2.5
TKT502236,2026-05-29,Social,Mobile App,Loan Query,Positive,Medium,Resolved,28.5,4.5
TKT507498,2026-05-30,Phone,Payments,Account Access,Negative,High,Pending,33.7,2.4
TKT504249,2026-05-30,Chat,Payments,Payment Failed,Neutral,Medium,Resolved,21.6,3.7
TKT507531,2026-05-30,Phone,Loans,Card Issue,Negative,Medium,Resolved,24.2,3.3
TKT500312,2026-05-30,Chat,Account,Card Issue,Negative,High,Resolved,21.6,1.5
TKT502700,2026-05-30,Email,Mobile App,App Bug,Negative,Low,Pending,42.3,1.8
TKT500447,2026-05-30,Chat,Mobile App,Refund Delay,Negative,Medium,Resolved,25.2,2.7
TKT507919,2026-05-30,Chat,Mobile App,Refund Delay,Negative,High,Resolved,27.7,2.0
TKT503788,2026-05-30,Chat,Payments,Account Access,Negative,High,Pending,34.1,1.6
TKT501996,2026-05-30,Phone,Loans,Login Issue,Positive,Medium,Resolved,20.8,4.0
TKT502613,2026-05-30,Email,Loans,Payment Failed,Negative,High,Pending,54.9,1.9
TKT501078,2026-05-30,Phone,Account,Account Access,Positive,Medium,Resolved,28.3,3.8
TKT501514,2026-05-30,Email,Account,App Bug,Neutral,High,Pending,45.5,4.4
TKT508135,2026-05-30,Phone,Payments,App Bug,Positive,Low,Pending,53.8,4.2
TKT505737,2026-05-30,Chat,Cards,Login Issue,Positive,Medium,Resolved,19.7,4.2
TKT505292,2026-05-30,Chat,Cards,Login Issue,Positive,High,Pending,41.8,3.1
TKT505261,2026-05-30,Email,Cards,Payment Failed,Neutral,Critical,Escalated,63.8,3.1
TKT502177,2026-05-30,Email,Mobile App,Card Issue,Positive,High,Pending,37.6,4.8
TKT506835,2026-05-30,Chat,Payments,Refund Delay,Negative,Medium,Resolved,21.6,2.9
TKT502411,2026-05-30,Email,Cards,Payment Failed,Negative,Low,Pending,35.9,2.6
TKT506322,2026-05-30,Chat,Payments,Account Access,Neutral,Medium,Resolved,24.4,2.8
TKT502548,2026-05-30,Chat,Mobile App,Account Access,Positive,High,Resolved,28.8,3.4
TKT503171,2026-05-30,Chat,Account,Refund Delay,Negative,Low,Resolved,23.6,2.6
TKT503846,2026-05-30,Chat,Account,Account Access,Negative,High,Pending,34.2,2.5
TKT510089,2026-05-30,Chat,Loans,Account Access,Neutral,Low,Resolved,20.6,3.9
TKT504490,2026-05-30,Chat,Mobile App,Card Issue,Negative,Low,Resolved,16.1,2.7
TKT509122,2026-05-31,Phone,Mobile App,Login Issue,Neutral,Medium,Resolved,28.1,3.9
TKT508407,2026-05-31,Social,Payments,Refund Delay,Negative,High,Pending,48.1,2.3
TKT506511,2026-05-31,Email,Mobile App,App Bug,Negative,Medium,Pending,42.6,2.3
TKT507689,2026-05-31,Chat,Mobile App,Card Issue,Negative,High,Resolved,26.4,3.3
TKT503648,2026-05-31,Social,Mobile App,Login Issue,Positive,Critical,Pending,42.3,3.9
TKT506647,2026-05-31,Chat,Loans,Card Issue,Negative,High,Resolved,29.5,3.8
TKT501895,2026-05-31,Chat,Payments,Refund Delay,Neutral,Medium,Resolved,19.1,3.1
TKT510078,2026-05-31,Email,Payments,App Bug,Negative,Medium,Pending,38.6,2.9
TKT507779,2026-05-31,Email,Account,Card Issue,Positive,High,Pending,40.1,4.2
TKT501476,2026-05-31,Email,Mobile App,Refund Delay,Neutral,High,Pending,46.5,3.5
TKT501809,2026-05-31,Chat,Mobile App,Loan Query,Neutral,High,Resolved,29.3,5.0
TKT504937,2026-05-31,Social,Payments,Payment Failed,Negative,High,Resolved,29.3,1.7
TKT503248,2026-05-31,Social,Payments,Refund Delay,Negative,High,Resolved,29.5,2.4
TKT506217,2026-05-31,Social,Payments,Payment Failed,Negative,High,Pending,37.3,2.2
TKT509229,2026-05-31,Email,Payments,Account Access,Positive,High,Pending,51.5,4.3
TKT508839,2026-05-31,Email,Loans,Payment Failed,Negative,High,Pending,44.0,2.0
TKT511998,2026-05-31,Phone,Mobile App,Refund Delay,Negative,High,Pending,34.9,2.7
TKT501820,2026-05-31,Chat,Payments,Refund Delay,Positive,Medium,Resolved,20.6,2.7
TKT509042,2026-05-31,Chat,Payments,Refund Delay,Negative,Medium,Pending,32.6,3.3
TKT511461,2026-06-01,Phone,Payments,Payment Failed,Neutral,Low,Pending,40.9,4.5
TKT504163,2026-06-01,Email,Payments,Payment Failed,Negative,Medium,Pending,37.5,3.9
TKT508634,2026-06-01,Phone,Account,Login Issue,Negative,High,Escalated,57.0,1.0
TKT505336,2026-06-01,Chat,Account,Login Issue,Negative,High,Resolved,29.6,2.3
TKT504404,2026-06-01,Chat,Payments,Account Access,Negative,Medium,Resolved,14.7,2.3
TKT511982,2026-06-01,Chat,Account,Card Issue,Negative,High,Pending,37.1,2.8
TKT509347,2026-06-01,Social,Loans,Payment Failed,Neutral,Low,Resolved,24.6,3.6
TKT510509,2026-06-01,Phone,Mobile App,Payment Failed,Negative,Medium,Pending,32.6,3.2
TKT502039,2026-06-01,Email,Account,Login Issue,Positive,High,Pending,43.8,5.0
TKT510246,2026-06-01,Social,Payments,Payment Failed,Negative,Low,Resolved,29.0,2.6
TKT508603,2026-06-01,Chat,Loans,Loan Query,Positive,Critical,Pending,40.3,4.1
TKT511036,2026-06-01,Phone,Mobile App,Loan Query,Neutral,Medium,Pending,42.7,3.6
TKT505834,2026-06-01,Email,Payments,Account Access,Negative,High,Pending,49.4,2.1
TKT504318,2026-06-01,Chat,Payments,Payment Failed,Neutral,Medium,Resolved,20.2,3.4
TKT500724,2026-06-01,Chat,Loans,Login Issue,Negative,High,Resolved,20.6,1.9
TKT503688,2026-06-01,Social,Loans,Payment Failed,Neutral,Medium,Resolved,28.1,3.5
TKT502997,2026-06-01,Phone,Account,Account Access,Negative,High,Pending,33.5,2.6
TKT502230,2026-06-01,Phone,Mobile App,Payment Failed,Negative,Critical,Pending,42.5,2.3
TKT510293,2026-06-01,Social,Cards,App Bug,Negative,High,Pending,42.3,2.4
TKT502442,2026-06-01,Chat,Mobile App,Card Issue,Negative,High,Pending,32.6,2.1
TKT504132,2026-06-01,Social,Account,Payment Failed,Neutral,Critical,Pending,53.5,4.2
TKT501979,2026-06-01,Email,Mobile App,Login Issue,Negative,High,Pending,38.5,3.3
TKT505706,2026-06-01,Phone,Loans,Payment Failed,Neutral,High,Pending,35.0,3.8
TKT501872,2026-06-01,Chat,Payments,Card Issue,Neutral,High,Resolved,22.6,3.4
TKT501816,2026-06-01,Social,Mobile App,Refund Delay,Neutral,High,Pending,40.7,3.6
TKT506803,2026-06-02,Social,Loans,Login Issue,Positive,Medium,Pending,42.7,3.8
TKT500067,2026-06-02,Social,Cards,App Bug,Positive,Medium,Resolved,27.7,3.2
TKT503360,2026-06-02,Email,Payments,Login Issue,Neutral,Medium,Escalated,56.6,3.0
TKT511094,2026-06-02,Email,Account,Loan Query,Negative,High,Pending,38.3,1.8
TKT504942,2026-06-02,Social,Mobile App,Refund Delay,Positive,High,Pending,36.5,3.0
TKT501771,2026-06-02,Chat,Account,Login Issue,Neutral,Medium,Resolved,25.4,3.7
TKT511662,2026-06-02,Social,Account,Payment Failed,Negative,High,Pending,40.8,2.2
TKT508240,2026-06-02,Chat,Cards,App Bug,Negative,High,Pending,32.5,2.1
TKT503174,2026-06-02,Phone,Payments,Loan Query,Neutral,High,Escalated,58.4,3.3
TKT511366,2026-06-02,Chat,Cards,Payment Failed,Negative,Critical,Pending,37.6,2.7
TKT501246,2026-06-02,Social,Payments,Loan Query,Neutral,Low,Resolved,22.9,3.7
TKT507588,2026-06-02,Email,Mobile App,Payment Failed,Negative,Low,Pending,48.8,2.7
TKT500545,2026-06-02,Email,Account,Loan Query,Neutral,Critical,Escalated,55.3,3.4
TKT501334,2026-06-02,Email,Payments,Refund Delay,Neutral,High,Pending,53.4,3.7
TKT503652,2026-06-02,Email,Account,Login Issue,Positive,Medium,Pending,48.5,3.7
TKT502362,2026-06-02,Email,Payments,Payment Failed,Neutral,Critical,Escalated,60.0,3.8
TKT510254,2026-06-02,Email,Account,App Bug,Negative,High,Pending,44.1,2.7
TKT505660,2026-06-02,Social,Account,Payment Failed,Negative,Critical,Pending,44.4,3.1
TKT500572,2026-06-02,Chat,Cards,Login Issue,Negative,High,Resolved,29.4,2.6
TKT500046,2026-06-02,Phone,Loans,Account Access,Negative,Medium,Pending,33.0,2.8
TKT502757,2026-06-02,Social,Payments,Login Issue,Neutral,Medium,Pending,38.9,3.7
TKT505491,2026-06-02,Phone,Loans,Payment Failed,Positive,High,Pending,35.2,3.6
TKT503351,2026-06-02,Social,Loans,Login Issue,Positive,Medium,Resolved,26.4,3.7
TKT511325,2026-06-02,Chat,Payments,Payment Failed,Negative,High,Pending,39.1,2.0
TKT506476,2026-06-03,Phone,Mobile App,Refund Delay,Neutral,Medium,Resolved,26.4,3.2
TKT501434,2026-06-03,Chat,Mobile App,Card Issue,Positive,Medium,Resolved,29.7,4.8
TKT507853,2026-06-03,Chat,Payments,Refund Delay,Positive,Medium,Resolved,15.0,4.1
TKT511089,2026-06-03,Chat,Payments,Refund Delay,Negative,High,Resolved,25.6,3.1
TKT504025,2026-06-03,Chat,Payments,Card Issue,Positive,Medium,Resolved,20.1,3.4
TKT500486,2026-06-03,Phone,Mobile App,Refund Delay,Negative,High,Pending,45.5,2.2
TKT511151,2026-06-03,Social,Mobile App,Payment Failed,Neutral,Medium,Pending,35.9,3.3
TKT511695,2026-06-03,Email,Account,Card Issue,Neutral,High,Pending,38.9,3.4
TKT508155,2026-06-03,Email,Mobile App,Login Issue,Positive,Low,Pending,54.5,3.8
TKT504475,2026-06-03,Chat,Cards,Account Access,Neutral,Low,Resolved,16.1,4.1
TKT509072,2026-06-03,Phone,Payments,Account Access,Neutral,Medium,Resolved,29.1,4.3
TKT510450,2026-06-03,Chat,Payments,Login Issue,Positive,Low,Resolved,13.9,4.1
TKT511907,2026-06-03,Chat,Payments,Card Issue,Negative,High,Pending,32.1,3.0
TKT502591,2026-06-03,Email,Payments,Card Issue,Negative,High,Pending,50.5,2.7
TKT506015,2026-06-03,Phone,Mobile App,App Bug,Negative,Low,Pending,33.5,2.6
TKT510972,2026-06-03,Chat,Loans,Loan Query,Negative,Low,Resolved,21.4,2.5
TKT504453,2026-06-03,Phone,Payments,Loan Query,Neutral,Medium,Resolved,28.7,4.2
TKT511177,2026-06-03,Email,Payments,Card Issue,Positive,High,Pending,40.3,3.9
TKT500401,2026-06-03,Chat,Loans,App Bug,Negative,Medium,Resolved,22.3,2.8
TKT508541,2026-06-03,Phone,Loans,Payment Failed,Negative,High,Resolved,27.8,2.9
TKT506703,2026-06-03,Email,Loans,App Bug,Neutral,Medium,Pending,48.8,2.6
TKT501937,2026-06-04,Phone,Loans,Login Issue,Negative,Low,Pending,32.8,3.1
TKT503140,2026-06-04,Chat,Mobile App,Card Issue,Neutral,Low,Resolved,24.5,4.1
TKT510698,2026-06-04,Email,Account,Payment Failed,Negative,High,Pending,44.6,2.9
TKT508087,2026-06-04,Phone,Mobile App,Payment Failed,Negative,Low,Resolved,19.0,3.0
TKT500154,2026-06-04,Phone,Account,Refund Delay,Negative,High,Pending,38.9,2.5
TKT506008,2026-06-04,Email,Cards,Login Issue,Negative,High,Pending,49.3,3.0
TKT509752,2026-06-04,Email,Payments,App Bug,Negative,Low,Pending,53.8,2.1
TKT503013,2026-06-04,Email,Payments,Card Issue,Negative,Medium,Pending,38.3,3.1
TKT510607,2026-06-04,Chat,Account,Refund Delay,Neutral,High,Resolved,23.4,3.6
TKT506788,2026-06-04,Email,Mobile App,Payment Failed,Negative,Critical,Pending,46.8,2.4
TKT504414,2026-06-04,Phone,Payments,Account Access,Negative,Medium,Pending,35.4,2.5
TKT503582,2026-06-04,Phone,Payments,Refund Delay,Positive,Low,Pending,37.7,3.5
TKT510261,2026-06-04,Email,Payments,Refund Delay,Neutral,Low,Pending,46.5,3.5
TKT504532,2026-06-04,Email,Payments,Loan Query,Neutral,Low,Pending,34.8,4.6
TKT502763,2026-06-04,Social,Mobile App,Refund Delay,Positive,High,Pending,42.4,3.9
TKT503510,2026-06-04,Chat,Mobile App,App Bug,Negative,High,Resolved,26.3,2.2
TKT511402,2026-06-04,Phone,Loans,Payment Failed,Neutral,Low,Resolved,22.9,3.3
TKT502063,2026-06-04,Phone,Payments,Card Issue,Negative,High,Pending,31.3,3.8
TKT508137,2026-06-05,Phone,Mobile App,App Bug,Positive,Medium,Resolved,19.8,3.1
TKT508693,2026-06-05,Email,Account,Login Issue,Negative,High,Escalated,58.7,1.6
TKT504231,2026-06-05,Phone,Mobile App,Payment Failed,Neutral,High,Pending,42.0,3.0
TKT503686,2026-06-05,Email,Account,Loan Query,Positive,Critical,Escalated,58.2,2.5
TKT503751,2026-06-05,Social,Mobile App,Refund Delay,Neutral,Low,Resolved,28.9,2.9
TKT510172,2026-06-05,Social,Account,Login Issue,Negative,High,Pending,45.8,3.2
TKT503976,2026-06-05,Phone,Account,App Bug,Negative,Critical,Pending,30.2,3.6
TKT508988,2026-06-05,Email,Payments,Account Access,Positive,High,Escalated,56.7,2.9
TKT505480,2026-06-05,Chat,Loans,Card Issue,Positive,Medium,Resolved,23.8,4.7
TKT507956,2026-06-05,Phone,Account,Refund Delay,Neutral,High,Resolved,28.5,3.2
TKT502065,2026-06-05,Chat,Mobile App,Card Issue,Negative,Medium,Resolved,17.4,2.6
TKT509186,2026-06-05,Phone,Cards,Account Access,Negative,Medium,Resolved,23.2,2.4
TKT509989,2026-06-05,Phone,Cards,Card Issue,Negative,High,Pending,31.4,3.4
TKT501627,2026-06-05,Social,Payments,Login Issue,Positive,High,Pending,39.7,3.5
TKT508757,2026-06-05,Chat,Loans,Login Issue,Negative,Medium,Pending,32.6,2.6
TKT504421,2026-06-05,Phone,Cards,App Bug,Neutral,Low,Resolved,23.5,3.9
TKT506520,2026-06-05,Chat,Payments,Card Issue,Positive,Critical,Pending,40.8,3.5
TKT507507,2026-06-05,Email,Mobile App,Refund Delay,Negative,Medium,Pending,45.5,2.5
TKT506310,2026-06-05,Chat,Payments,Payment Failed,Neutral,Low,Resolved,17.6,3.8
TKT506919,2026-06-05,Phone,Payments,Account Access,Positive,Low,Pending,34.3,4.4
TKT503096,2026-06-05,Chat,Cards,Login Issue,Positive,Low,Resolved,20.2,3.9
TKT500430,2026-06-05,Phone,Payments,Card Issue,Negative,Medium,Resolved,19.4,2.3
TKT507197,2026-06-05,Social,Payments,Card Issue,Negative,Critical,Pending,50.4,2.1
TKT505954,2026-06-05,Email,Mobile App,Refund Delay,Negative,Medium,Pending,38.3,2.2
TKT504293,2026-06-05,Chat,Mobile App,Payment Failed,Negative,High,Resolved,25.1,3.1
TKT507067,2026-06-06,Chat,Payments,Login Issue,Negative,High,Resolved,23.1,2.7
TKT507955,2026-06-06,Phone,Account,Login Issue,Negative,Critical,Pending,30.9,2.4
TKT508384,2026-06-06,Email,Loans,Payment Failed,Positive,Medium,Pending,48.0,3.4
TKT503935,2026-06-06,Email,Payments,Refund Delay,Negative,Low,Pending,40.7,3.1
TKT508109,2026-06-06,Chat,Mobile App,Login Issue,Negative,High,Pending,34.6,2.0
TKT504882,2026-06-06,Email,Mobile App,App Bug,Negative,Medium,Pending,35.0,2.0
TKT502495,2026-06-06,Social,Cards,Card Issue,Positive,Medium,Pending,39.5,4.1
TKT500498,2026-06-06,Chat,Payments,Payment Failed,Negative,High,Resolved,25.2,2.5
TKT507186,2026-06-06,Social,Payments,Loan Query,Negative,High,Pending,35.1,2.5
TKT506821,2026-06-06,Phone,Payments,Payment Failed,Neutral,High,Resolved,27.0,4.2
TKT505192,2026-06-06,Email,Loans,App Bug,Negative,Critical,Pending,46.3,2.0
TKT510193,2026-06-06,Phone,Cards,Loan Query,Positive,Low,Resolved,28.1,3.5
TKT505352,2026-06-06,Phone,Account,Account Access,Neutral,High,Pending,31.8,4.3
TKT500910,2026-06-06,Chat,Account,Card Issue,Negative,High,Resolved,26.7,3.2
TKT501971,2026-06-06,Email,Mobile App,Payment Failed,Negative,High,Pending,43.6,1.6
TKT508777,2026-06-06,Phone,Payments,Refund Delay,Neutral,Medium,Resolved,22.4,4.1
TKT509322,2026-06-06,Chat,Payments,Refund Delay,Negative,High,Resolved,26.7,4.1
TKT510695,2026-06-06,Phone,Mobile App,Card Issue,Negative,Low,Resolved,20.4,1.9
TKT500918,2026-06-06,Chat,Mobile App,Account Access,Negative,High,Resolved,26.0,2.8
TKT504719,2026-06-06,Email,Loans,Card Issue,Neutral,Medium,Escalated,83.2,3.0
TKT501005,2026-06-06,Chat,Cards,Refund Delay,Neutral,Low,Resolved,19.2,4.0
TKT506902,2026-06-07,Email,Loans,Loan Query,Negative,High,Pending,46.2,2.1
TKT504131,2026-06-07,Email,Payments,Refund Delay,Positive,Medium,Pending,32.0,3.2
TKT503622,2026-06-07,Chat,Payments,Card Issue,Negative,Medium,Resolved,24.1,2.4
TKT510533,2026-06-07,Email,Cards,Card Issue,Negative,High,Pending,47.1,3.0
TKT500985,2026-06-07,Email,Account,Account Access,Neutral,Low,Pending,45.3,4.4
TKT502773,2026-06-07,Social,Account,Loan Query,Positive,High,Pending,36.9,3.6
TKT504489,2026-06-07,Phone,Mobile App,App Bug,Negative,Low,Escalated,56.3,2.5
TKT506937,2026-06-07,Social,Payments,Payment Failed,Negative,Medium,Resolved,22.5,1.6
TKT508280,2026-06-07,Phone,Payments,Login Issue,Positive,Medium,Pending,40.9,4.3
TKT503869,2026-06-07,Phone,Loans,Login Issue,Negative,Low,Resolved,28.0,2.6
TKT502171,2026-06-07,Phone,Loans,App Bug,Negative,High,Pending,32.9,2.7
TKT501990,2026-06-07,Email,Payments,Login Issue,Neutral,Low,Pending,46.4,4.6
TKT502915,2026-06-07,Phone,Mobile App,Loan Query,Negative,High,Pending,50.5,3.1
TKT503050,2026-06-07,Phone,Account,Account Access,Positive,High,Pending,35.7,4.3
TKT511709,2026-06-07,Email,Account,Login Issue,Negative,Low,Pending,33.9,2.7
TKT507563,2026-06-07,Social,Cards,Login Issue,Negative,Medium,Pending,34.0,2.3
TKT511082,2026-06-07,Social,Loans,Login Issue,Negative,High,Pending,30.8,2.3
TKT506393,2026-06-07,Chat,Payments,Card Issue,Positive,Critical,Resolved,27.9,4.0
TKT511079,2026-06-07,Chat,Payments,Card Issue,Negative,Medium,Resolved,19.9,3.4
TKT509846,2026-06-07,Social,Mobile App,Account Access,Neutral,Low,Pending,35.4,4.4
TKT506376,2026-06-07,Chat,Account,Login Issue,Positive,High,Pending,32.4,3.2
TKT506251,2026-06-07,Phone,Payments,Payment Failed,Negative,Low,Pending,31.3,2.9
TKT507682,2026-06-07,Chat,Loans,Payment Failed,Neutral,Low,Resolved,16.6,4.4
TKT509976,2026-06-07,Chat,Cards,App Bug,Positive,High,Pending,30.2,3.4
TKT508604,2026-06-07,Chat,Mobile App,Loan Query,Positive,High,Resolved,28.8,3.8
TKT503209,2026-06-07,Chat,Loans,Account Access,Positive,Medium,Resolved,19.2,3.4
TKT500010,2026-06-07,Social,Mobile App,App Bug,Neutral,High,Pending,33.5,3.1
TKT511045,2026-06-07,Chat,Account,Card Issue,Negative,High,Pending,40.5,1.7
TKT507140,2026-06-07,Phone,Payments,Login Issue,Negative,High,Resolved,28.5,2.6
TKT503711,2026-06-07,Chat,Account,Refund Delay,Negative,Medium,Resolved,16.2,2.8
TKT502785,2026-06-07,Chat,Loans,Login Issue,Negative,Medium,Resolved,17.2,1.7
TKT501987,2026-06-08,Chat,Mobile App,Loan Query,Negative,High,Pending,34.6,2.8
TKT505548,2026-06-08,Social,Account,Loan Query,Positive,Medium,Resolved,24.1,2.9
TKT505477,2026-06-08,Social,Payments,Login Issue,Negative,High,Pending,43.6,2.0
TKT510854,2026-06-08,Chat,Mobile App,Login Issue,Positive,High,Pending,34.6,2.7
TKT505545,2026-06-08,Chat,Mobile App,App Bug,Neutral,Medium,Resolved,17.4,4.9
TKT509194,2026-06-08,Social,Mobile App,Payment Failed,Negative,High,Pending,32.7,3.0
TKT501090,2026-06-08,Chat,Mobile App,Login Issue,Positive,High,Resolved,23.7,3.8
TKT505457,2026-06-08,Phone,Mobile App,Login Issue,Negative,Medium,Pending,34.9,3.0
TKT504145,2026-06-08,Chat,Loans,Loan Query,Positive,Low,Resolved,25.7,2.4
TKT511892,2026-06-08,Chat,Mobile App,Loan Query,Positive,Low,Resolved,21.5,3.2
TKT507335,2026-06-08,Social,Loans,Account Access,Positive,Low,Pending,31.9,4.4
TKT511378,2026-06-08,Phone,Mobile App,Payment Failed,Positive,Medium,Resolved,23.1,4.5
TKT510672,2026-06-08,Chat,Payments,Refund Delay,Neutral,Medium,Resolved,17.5,2.5
TKT505068,2026-06-08,Chat,Loans,Payment Failed,Negative,High,Resolved,25.0,2.8
TKT503349,2026-06-08,Chat,Cards,Refund Delay,Negative,High,Pending,31.0,2.0
TKT505083,2026-06-08,Email,Payments,Login Issue,Negative,High,Pending,41.7,2.9
TKT507647,2026-06-08,Phone,Payments,Payment Failed,Negative,High,Pending,30.3,3.1
TKT502800,2026-06-08,Chat,Cards,Payment Failed,Neutral,Medium,Pending,30.6,3.9
TKT506535,2026-06-08,Email,Cards,Loan Query,Positive,Medium,Pending,36.2,3.6
TKT500554,2026-06-08,Social,Mobile App,Login Issue,Positive,Low,Resolved,29.3,3.4
TKT508890,2026-06-08,Email,Account,Refund Delay,Neutral,Critical,Escalated,60.0,3.7
TKT503095,2026-06-08,Phone,Loans,Card Issue,Neutral,Medium,Resolved,28.4,3.5
TKT504193,2026-06-08,Phone,Account,Account Access,Negative,Low,Resolved,29.5,2.8
TKT506273,2026-06-08,Social,Mobile App,Login Issue,Neutral,High,Pending,37.2,4.0
TKT510310,2026-06-08,Social,Payments,Account Access,Negative,Low,Resolved,28.3,1.8
TKT501600,2026-06-08,Email,Mobile App,Payment Failed,Neutral,Medium,Pending,38.1,4.1
TKT500972,2026-06-08,Social,Payments,Loan Query,Neutral,Medium,Resolved,27.4,3.8
TKT504519,2026-06-08,Phone,Mobile App,Card Issue,Negative,Low,Resolved,26.3,1.9
TKT508471,2026-06-08,Phone,Loans,Refund Delay,Neutral,High,Escalated,55.8,4.6
TKT509639,2026-06-09,Chat,Mobile App,Refund Delay,Negative,Medium,Resolved,13.0,2.8
TKT503309,2026-06-09,Chat,Payments,Card Issue,Neutral,Low,Resolved,15.5,3.4
TKT506548,2026-06-09,Email,Payments,App Bug,Negative,Low,Pending,35.3,1.4
TKT506181,2026-06-09,Email,Account,Payment Failed,Neutral,High,Pending,48.1,4.2
TKT509765,2026-06-09,Email,Cards,Login Issue,Positive,Low,Pending,42.4,3.4
TKT502590,2026-06-09,Phone,Loans,Loan Query,Negative,Medium,Pending,30.8,2.9
TKT509795,2026-06-09,Social,Loans,Refund Delay,Positive,Medium,Resolved,29.6,3.8
TKT506483,2026-06-09,Email,Mobile App,Login Issue,Negative,High,Pending,43.6,3.2
TKT502568,2026-06-09,Social,Mobile App,Card Issue,Neutral,High,Pending,32.6,4.7
TKT504039,2026-06-09,Chat,Loans,Loan Query,Neutral,High,Pending,31.1,3.7
TKT502841,2026-06-09,Social,Mobile App,Card Issue,Positive,Medium,Pending,36.8,4.8
TKT510417,2026-06-09,Chat,Loans,Payment Failed,Negative,High,Resolved,24.0,2.8
TKT505786,2026-06-09,Phone,Mobile App,App Bug,Neutral,Medium,Resolved,26.2,4.1
TKT502056,2026-06-09,Chat,Cards,App Bug,Negative,High,Pending,39.1,3.6
TKT504259,2026-06-09,Email,Loans,Loan Query,Positive,Low,Pending,41.4,3.5
TKT510595,2026-06-09,Chat,Account,Loan Query,Neutral,High,Pending,32.1,3.6
TKT504645,2026-06-09,Chat,Payments,Card Issue,Negative,Low,Pending,30.3,2.8
TKT507788,2026-06-09,Chat,Account,Refund Delay,Negative,High,Resolved,27.9,3.1
TKT511857,2026-06-09,Phone,Account,Account Access,Positive,Low,Resolved,25.8,4.8
TKT502067,2026-06-09,Social,Loans,Payment Failed,Positive,Medium,Resolved,25.1,3.0
TKT507818,2026-06-09,Email,Payments,Card Issue,Negative,High,Pending,40.0,2.2
TKT500789,2026-06-10,Email,Account,App Bug,Positive,Low,Pending,39.3,3.2
TKT503619,2026-06-10,Email,Cards,App Bug,Negative,High,Pending,45.6,2.2
TKT501869,2026-06-10,Email,Payments,App Bug,Neutral,High,Escalated,62.0,4.1
TKT509497,2026-06-10,Email,Loans,Loan Query,Neutral,Medium,Pending,39.1,3.1
TKT501430,2026-06-10,Chat,Cards,Login Issue,Negative,Low,Pending,37.3,1.8
TKT506989,2026-06-10,Email,Cards,Card Issue,Negative,High,Pending,50.0,1.2
TKT511480,2026-06-10,Phone,Mobile App,Card Issue,Neutral,Medium,Resolved,23.8,3.4
TKT510014,2026-06-10,Chat,Cards,Payment Failed,Negative,Critical,Pending,36.2,3.4
TKT500780,2026-06-10,Chat,Cards,Payment Failed,Negative,High,Pending,35.7,2.5
TKT506487,2026-06-10,Chat,Account,Refund Delay,Negative,Low,Resolved,19.4,2.2
TKT503009,2026-06-10,Social,Account,Loan Query,Positive,Medium,Pending,34.0,4.2
TKT507732,2026-06-10,Social,Mobile App,Refund Delay,Negative,High,Resolved,27.5,3.3
TKT510324,2026-06-10,Phone,Payments,Refund Delay,Negative,High,Resolved,28.8,3.6
TKT502242,2026-06-10,Phone,Loans,App Bug,Neutral,High,Pending,44.0,3.9
TKT511858,2026-06-10,Chat,Mobile App,Refund Delay,Negative,High,Pending,32.8,2.6
TKT510514,2026-06-10,Chat,Mobile App,Login Issue,Positive,Medium,Resolved,19.2,3.5
TKT502464,2026-06-10,Chat,Payments,Card Issue,Negative,High,Resolved,27.7,2.3
TKT508936,2026-06-10,Phone,Payments,Account Access,Positive,High,Resolved,27.8,3.7
TKT507291,2026-06-10,Social,Mobile App,App Bug,Negative,High,Pending,31.7,2.2
TKT507984,2026-06-10,Phone,Payments,Account Access,Negative,High,Pending,35.3,2.8
TKT501665,2026-06-10,Phone,Mobile App,Card Issue,Positive,Critical,Pending,35.7,3.6
TKT510878,2026-06-11,Chat,Payments,App Bug,Positive,High,Resolved,21.4,3.1
TKT506305,2026-06-11,Phone,Loans,Account Access,Positive,Medium,Pending,41.1,4.3
TKT506851,2026-06-11,Email,Cards,Payment Failed,Negative,Low,Pending,38.5,1.9
TKT504832,2026-06-11,Chat,Loans,Payment Failed,Negative,High,Pending,32.4,2.4
TKT507642,2026-06-11,Social,Loans,Payment Failed,Neutral,Critical,Pending,48.7,4.1
TKT504034,2026-06-11,Chat,Payments,Payment Failed,Negative,Critical,Pending,32.1,2.0
TKT507932,2026-06-11,Chat,Payments,Loan Query,Neutral,High,Resolved,25.4,3.8
TKT508694,2026-06-11,Chat,Mobile App,Payment Failed,Negative,Medium,Resolved,26.1,2.2
TKT510020,2026-06-11,Phone,Cards,Account Access,Positive,Low,Resolved,21.2,3.6
TKT511348,2026-06-11,Email,Loans,Refund Delay,Neutral,Low,Pending,35.1,3.3
TKT508438,2026-06-11,Phone,Mobile App,Card Issue,Positive,Low,Resolved,25.7,3.0
TKT500773,2026-06-11,Chat,Cards,App Bug,Negative,High,Pending,43.7,2.4
TKT500223,2026-06-11,Email,Mobile App,Card Issue,Negative,Low,Pending,33.3,2.9
TKT501073,2026-06-11,Email,Account,Loan Query,Positive,High,Pending,46.4,4.9
TKT500622,2026-06-12,Social,Loans,Loan Query,Neutral,High,Pending,36.0,3.2
TKT511448,2026-06-12,Email,Account,Refund Delay,Positive,High,Pending,41.0,3.7
TKT506908,2026-06-12,Email,Account,Card Issue,Positive,High,Pending,42.2,3.1
TKT511570,2026-06-12,Social,Loans,Login Issue,Negative,Medium,Resolved,26.0,3.4
TKT509320,2026-06-12,Chat,Loans,Refund Delay,Neutral,High,Resolved,26.0,3.7
TKT509039,2026-06-12,Email,Account,Refund Delay,Positive,Low,Pending,43.0,3.8
TKT509103,2026-06-12,Chat,Payments,Payment Failed,Negative,High,Pending,32.0,2.1
TKT502106,2026-06-12,Email,Loans,Refund Delay,Neutral,Low,Escalated,63.7,4.4
TKT505995,2026-06-12,Phone,Mobile App,Payment Failed,Negative,High,Pending,40.0,3.4
TKT510953,2026-06-12,Email,Payments,Login Issue,Neutral,Medium,Pending,35.1,4.0
TKT508913,2026-06-12,Chat,Account,Card Issue,Neutral,Critical,Pending,33.7,2.8
TKT510709,2026-06-12,Email,Payments,Card Issue,Neutral,Medium,Pending,44.1,3.9
TKT507109,2026-06-12,Chat,Loans,Refund Delay,Negative,Medium,Resolved,15.2,1.4
TKT502006,2026-06-12,Social,Cards,Login Issue,Negative,High,Pending,33.9,2.4
TKT506864,2026-06-12,Chat,Payments,Refund Delay,Neutral,Medium,Resolved,17.1,2.7
TKT508140,2026-06-12,Social,Payments,Payment Failed,Positive,Medium,Pending,39.6,3.8
TKT506034,2026-06-12,Email,Mobile App,Refund Delay,Negative,Medium,Pending,42.9,3.0
TKT507162,2026-06-12,Phone,Payments,Payment Failed,Negative,Low,Resolved,24.5,1.7
TKT506368,2026-06-12,Phone,Cards,Loan Query,Neutral,Low,Resolved,28.9,3.4
TKT505699,2026-06-13,Email,Mobile App,Loan Query,Negative,High,Pending,45.4,2.3
TKT503728,2026-06-13,Phone,Cards,Login Issue,Negative,High,Pending,31.7,3.5
TKT511684,2026-06-13,Phone,Payments,Refund Delay,Positive,Low,Resolved,20.8,3.7
TKT506140,2026-06-13,Social,Mobile App,Payment Failed,Positive,Critical,Pending,32.7,2.5
TKT506340,2026-06-13,Chat,Cards,Loan Query,Neutral,Low,Resolved,17.3,4.2
TKT507762,2026-06-13,Chat,Cards,Account Access,Positive,High,Resolved,25.3,3.8
TKT509608,2026-06-13,Phone,Cards,App Bug,Neutral,Low,Pending,33.2,4.2
TKT503305,2026-06-13,Chat,Account,Card Issue,Positive,Medium,Pending,35.6,4.0
TKT502035,2026-06-13,Chat,Loans,Account Access,Negative,High,Resolved,24.2,2.7
TKT505200,2026-06-13,Phone,Mobile App,Card Issue,Negative,Medium,Resolved,27.8,2.9
TKT502124,2026-06-13,Chat,Payments,Account Access,Neutral,Medium,Resolved,17.5,3.4
TKT511106,2026-06-13,Chat,Cards,Login Issue,Negative,Medium,Resolved,27.2,2.6
TKT511359,2026-06-13,Phone,Loans,Refund Delay,Neutral,Medium,Resolved,24.1,4.3
TKT502707,2026-06-13,Social,Mobile App,Loan Query,Neutral,High,Escalated,57.5,3.4
TKT507403,2026-06-13,Email,Payments,Login Issue,Negative,High,Pending,54.6,1.8
TKT508951,2026-06-13,Social,Account,Payment Failed,Negative,High,Pending,31.2,2.3
TKT510856,2026-06-13,Phone,Cards,Card Issue,Positive,Medium,Resolved,28.8,4.8
TKT509862,2026-06-13,Email,Cards,Account Access,Neutral,High,Pending,43.2,5.0
TKT507317,2026-06-13,Email,Loans,Payment Failed,Negative,Critical,Pending,48.0,2.8
TKT510622,2026-06-13,Chat,Cards,Card Issue,Neutral,High,Resolved,28.6,3.7
TKT500797,2026-06-13,Phone,Account,Login Issue,Negative,Medium,Resolved,22.7,2.7
TKT504849,2026-06-13,Chat,Cards,Refund Delay,Negative,Critical,Pending,37.1,2.5
TKT503208,2026-06-14,Email,Payments,Login Issue,Negative,Medium,Pending,35.8,2.6
TKT506531,2026-06-14,Phone,Loans,App Bug,Negative,High,Pending,49.9,3.1
TKT502178,2026-06-14,Social,Payments,Account Access,Positive,High,Pending,31.0,2.5
TKT501635,2026-06-14,Social,Account,Payment Failed,Negative,High,Pending,37.1,1.9
TKT509000,2026-06-14,Social,Account,Account Access,Positive,Low,Resolved,27.0,4.0
TKT501887,2026-06-14,Chat,Payments,App Bug,Negative,High,Pending,47.0,2.8
TKT501881,2026-06-14,Social,Cards,App Bug,Neutral,Medium,Pending,45.8,3.7
TKT503973,2026-06-14,Social,Mobile App,Account Access,Neutral,Medium,Resolved,27.8,3.5
TKT501075,2026-06-14,Email,Payments,Login Issue,Positive,Critical,Escalated,55.9,3.8
TKT510597,2026-06-14,Social,Payments,Login Issue,Negative,High,Pending,30.6,2.1
TKT511443,2026-06-14,Phone,Mobile App,Refund Delay,Negative,Medium,Resolved,27.2,2.1
TKT510957,2026-06-14,Phone,Payments,Refund Delay,Positive,Medium,Resolved,25.8,4.1
TKT503028,2026-06-14,Email,Payments,Login Issue,Positive,Low,Pending,47.2,3.3
TKT509356,2026-06-14,Social,Cards,App Bug,Neutral,High,Pending,41.2,5.0
TKT504541,2026-06-14,Social,Mobile App,App Bug,Neutral,Medium,Pending,32.4,3.6
TKT505727,2026-06-14,Chat,Mobile App,Loan Query,Negative,High,Resolved,27.7,2.0
TKT500701,2026-06-14,Phone,Account,Refund Delay,Negative,High,Resolved,28.8,2.7
TKT501027,2026-06-14,Email,Mobile App,Account Access,Neutral,Low,Pending,40.9,4.7
TKT500526,2026-06-14,Phone,Account,Login Issue,Neutral,Medium,Resolved,24.5,3.6
TKT503500,2026-06-14,Chat,Loans,Card Issue,Negative,High,Resolved,28.6,2.3
TKT504478,2026-06-14,Chat,Payments,Login Issue,Negative,Low,Pending,41.4,2.1
TKT502084,2026-06-14,Chat,Account,Loan Query,Negative,High,Pending,53.5,3.1
TKT507540,2026-06-14,Chat,Cards,Refund Delay,Negative,High,Resolved,25.1,3.0
TKT509154,2026-06-14,Email,Cards,App Bug,Negative,High,Pending,39.9,2.6
TKT509396,2026-06-14,Social,Payments,Refund Delay,Neutral,Critical,Pending,42.0,3.6
TKT507619,2026-06-14,Chat,Account,Loan Query,Negative,Medium,Resolved,20.0,2.6
TKT507634,2026-06-14,Phone,Mobile App,Card Issue,Neutral,High,Pending,32.4,3.7
TKT500695,2026-06-14,Email,Mobile App,Loan Query,Negative,High,Pending,39.6,2.5
TKT504177,2026-06-15,Social,Account,Account Access,Negative,Medium,Resolved,26.3,1.7
TKT511006,2026-06-15,Chat,Cards,Loan Query,Positive,Medium,Resolved,14.6,4.3
TKT503242,2026-06-15,Chat,Mobile App,Payment Failed,Neutral,High,Resolved,19.6,3.8
TKT502290,2026-06-15,Social,Mobile App,Login Issue,Negative,Medium,Pending,46.8,1.3
TKT509662,2026-06-15,Chat,Mobile App,Card Issue,Neutral,Medium,Resolved,14.9,3.8
TKT501164,2026-06-15,Chat,Mobile App,App Bug,Positive,High,Pending,35.1,3.4
TKT506709,2026-06-15,Chat,Mobile App,Refund Delay,Negative,Medium,Resolved,18.7,2.6
TKT507987,2026-06-15,Chat,Mobile App,Login Issue,Positive,Medium,Pending,33.5,4.6
TKT502427,2026-06-15,Chat,Payments,Loan Query,Positive,Medium,Resolved,17.3,3.2
TKT510027,2026-06-15,Chat,Cards,Refund Delay,Neutral,Medium,Resolved,24.8,3.7
TKT505075,2026-06-15,Email,Account,Refund Delay,Neutral,Low,Pending,36.5,3.9
TKT505148,2026-06-15,Phone,Account,Refund Delay,Positive,Low,Resolved,23.9,3.9
TKT507016,2026-06-15,Phone,Account,Login Issue,Negative,Low,Pending,35.4,2.2
TKT508318,2026-06-15,Email,Cards,Refund Delay,Positive,Medium,Pending,50.8,3.5
TKT511267,2026-06-15,Chat,Cards,Loan Query,Negative,Medium,Resolved,14.3,2.3
TKT503204,2026-06-15,Chat,Payments,App Bug,Neutral,Low,Resolved,15.6,4.2
TKT501930,2026-06-15,Phone,Payments,Refund Delay,Negative,Low,Resolved,22.4,2.4
TKT504482,2026-06-15,Email,Mobile App,Card Issue,Positive,Medium,Pending,53.7,3.4
TKT507476,2026-06-15,Email,Account,Login Issue,Positive,Low,Pending,39.1,3.7
TKT505709,2026-06-15,Chat,Mobile App,Login Issue,Negative,Low,Resolved,23.1,2.1
TKT509621,2026-06-15,Phone,Account,Loan Query,Positive,Medium,Resolved,23.2,3.3
TKT506910,2026-06-15,Phone,Loans,Refund Delay,Neutral,Medium,Pending,30.8,4.5
TKT506522,2026-06-16,Phone,Cards,Loan Query,Negative,High,Pending,38.6,3.1
TKT510088,2026-06-16,Chat,Mobile App,Refund Delay,Positive,Medium,Resolved,13.3,4.7
TKT504396,2026-06-16,Phone,Account,App Bug,Negative,High,Pending,42.0,3.2
TKT510200,2026-06-16,Chat,Account,Account Access,Neutral,Medium,Pending,30.7,4.3
TKT503983,2026-06-16,Email,Account,Refund Delay,Negative,High,Pending,49.2,2.4
TKT510223,2026-06-16,Social,Mobile App,Card Issue,Negative,Medium,Pending,35.8,2.4
TKT505725,2026-06-16,Phone,Loans,Login Issue,Neutral,Critical,Pending,38.8,3.8
TKT511717,2026-06-16,Chat,Payments,Card Issue,Negative,High,Pending,38.7,2.9
TKT507506,2026-06-16,Chat,Cards,Login Issue,Negative,High,Resolved,21.8,2.5
TKT509895,2026-06-16,Email,Mobile App,Account Access,Neutral,Low,Pending,37.6,4.2
TKT504363,2026-06-16,Chat,Loans,Refund Delay,Positive,Medium,Resolved,19.3,5.0
TKT510517,2026-06-16,Chat,Loans,Refund Delay,Negative,High,Resolved,23.8,2.9
TKT508088,2026-06-16,Chat,Account,Payment Failed,Negative,High,Resolved,25.6,3.7
TKT507716,2026-06-16,Email,Account,Login Issue,Negative,High,Pending,40.9,2.4
TKT502027,2026-06-16,Chat,Payments,Login Issue,Negative,Medium,Resolved,22.6,2.9
TKT510400,2026-06-16,Phone,Payments,Account Access,Negative,High,Pending,36.7,2.0
TKT501591,2026-06-16,Chat,Cards,Login Issue,Negative,Low,Resolved,25.6,2.4
TKT505619,2026-06-16,Email,Payments,Loan Query,Negative,Medium,Pending,45.7,2.8
TKT501619,2026-06-16,Chat,Mobile App,Payment Failed,Neutral,Medium,Resolved,23.4,5.0
TKT510255,2026-06-16,Email,Account,Account Access,Negative,High,Pending,42.2,3.1
TKT509041,2026-06-16,Chat,Account,Login Issue,Negative,High,Pending,53.1,1.0
TKT507425,2026-06-16,Social,Loans,Refund Delay,Negative,High,Pending,35.5,2.1
TKT509839,2026-06-16,Chat,Payments,App Bug,Positive,Medium,Resolved,15.3,4.4
TKT501245,2026-06-16,Email,Cards,Refund Delay,Negative,High,Pending,49.4,3.1
TKT509872,2026-06-16,Phone,Mobile App,Payment Failed,Negative,High,Pending,38.8,3.2
TKT504406,2026-06-16,Phone,Payments,Loan Query,Neutral,Medium,Pending,32.5,3.8
TKT506215,2026-06-16,Phone,Account,Account Access,Negative,Low,Pending,53.8,3.1
TKT506396,2026-06-17,Phone,Loans,App Bug,Neutral,High,Pending,32.7,4.7
TKT503657,2026-06-17,Social,Account,Payment Failed,Negative,Critical,Pending,44.4,2.7
TKT505598,2026-06-17,Phone,Cards,Refund Delay,Negative,Critical,Pending,35.5,2.6
TKT506121,2026-06-17,Phone,Payments,Payment Failed,Negative,Critical,Pending,34.2,2.7
TKT504946,2026-06-17,Social,Payments,Loan Query,Negative,Medium,Pending,45.1,1.5
TKT505425,2026-06-17,Email,Account,Card Issue,Negative,Low,Escalated,61.5,2.9
TKT511108,2026-06-17,Chat,Cards,Refund Delay,Neutral,High,Resolved,23.6,3.4
TKT500042,2026-06-17,Social,Payments,Refund Delay,Positive,High,Pending,37.9,4.7
TKT503364,2026-06-17,Chat,Cards,Payment Failed,Neutral,Medium,Resolved,24.4,3.8
TKT503809,2026-06-17,Chat,Loans,Loan Query,Positive,High,Resolved,28.9,4.3
TKT505987,2026-06-17,Chat,Mobile App,Loan Query,Neutral,Critical,Resolved,27.1,4.1
TKT502002,2026-06-17,Phone,Account,App Bug,Negative,Medium,Resolved,22.2,2.8
TKT509775,2026-06-17,Phone,Payments,Payment Failed,Negative,Medium,Resolved,25.3,3.0
TKT509926,2026-06-17,Chat,Loans,Login Issue,Negative,High,Pending,34.9,3.2
TKT511141,2026-06-17,Email,Loans,Card Issue,Positive,High,Escalated,56.6,4.4
TKT508639,2026-06-17,Email,Cards,Refund Delay,Neutral,Critical,Escalated,58.4,2.9
TKT506588,2026-06-17,Email,Account,Refund Delay,Neutral,Medium,Pending,30.7,3.8
TKT509719,2026-06-17,Phone,Payments,Loan Query,Negative,Low,Resolved,21.0,2.7
TKT511035,2026-06-17,Chat,Cards,Login Issue,Positive,Critical,Pending,34.5,4.4
TKT500384,2026-06-17,Chat,Loans,Payment Failed,Positive,High,Pending,32.8,3.6
TKT503212,2026-06-17,Email,Mobile App,Account Access,Negative,Medium,Pending,36.9,2.6
TKT509341,2026-06-17,Chat,Payments,Account Access,Negative,Low,Pending,36.2,2.3
TKT503323,2026-06-17,Social,Payments,Refund Delay,Neutral,Medium,Pending,35.9,3.9
TKT503334,2026-06-17,Chat,Mobile App,Payment Failed,Negative,Critical,Pending,45.2,3.0
TKT506214,2026-06-17,Email,Account,Login Issue,Negative,High,Pending,49.4,2.1
TKT509964,2026-06-17,Chat,Mobile App,Refund Delay,Positive,Low,Resolved,22.4,3.5
TKT500400,2026-06-17,Email,Loans,Refund Delay,Negative,High,Pending,39.9,1.9
TKT501042,2026-06-17,Email,Cards,Account Access,Positive,High,Pending,48.0,2.9
TKT510969,2026-06-17,Chat,Loans,Account Access,Negative,High,Resolved,22.2,2.2
TKT503473,2026-06-17,Email,Mobile App,Account Access,Negative,Medium,Pending,37.5,2.7
TKT500372,2026-06-17,Chat,Account,App Bug,Negative,Medium,Resolved,17.7,2.5
TKT507696,2026-06-17,Email,Account,Card Issue,Positive,High,Pending,41.2,3.2
TKT501824,2026-06-18,Chat,Payments,Loan Query,Positive,Medium,Resolved,27.1,3.4
TKT509342,2026-06-18,Social,Mobile App,App Bug,Negative,High,Pending,44.8,3.0
TKT500847,2026-06-18,Social,Mobile App,Payment Failed,Positive,Critical,Pending,39.7,3.6
TKT504754,2026-06-18,Chat,Mobile App,Card Issue,Positive,High,Pending,38.1,4.0
TKT501713,2026-06-18,Phone,Cards,Login Issue,Positive,High,Pending,31.9,3.8
TKT509252,2026-06-18,Email,Mobile App,Payment Failed,Negative,Critical,Escalated,55.6,1.8
TKT504619,2026-06-18,Email,Mobile App,Account Access,Positive,Low,Pending,49.4,4.5
TKT503363,2026-06-18,Chat,Payments,App Bug,Neutral,High,Pending,41.7,4.1
TKT501633,2026-06-18,Social,Mobile App,Login Issue,Positive,Low,Resolved,25.9,4.4
TKT506768,2026-06-18,Email,Payments,Login Issue,Neutral,Low,Pending,37.6,4.8
TKT506774,2026-06-18,Email,Loans,Login Issue,Neutral,Critical,Pending,49.5,5.0
TKT500606,2026-06-18,Social,Cards,Account Access,Negative,Medium,Pending,37.3,2.3
TKT503856,2026-06-18,Social,Account,Payment Failed,Neutral,Medium,Pending,33.4,3.4
TKT501144,2026-06-18,Chat,Loans,Card Issue,Neutral,Medium,Pending,50.8,3.9
TKT506291,2026-06-18,Chat,Account,Account Access,Positive,Medium,Resolved,17.0,5.0
TKT503672,2026-06-18,Social,Cards,Refund Delay,Positive,Medium,Resolved,23.9,3.3
TKT505049,2026-06-18,Phone,Account,Payment Failed,Negative,Critical,Pending,35.6,1.7
TKT503494,2026-06-18,Social,Payments,Card Issue,Neutral,Low,Resolved,26.1,3.8
TKT508413,2026-06-18,Chat,Mobile App,Login Issue,Neutral,Medium,Pending,34.0,4.8
TKT508448,2026-06-18,Social,Mobile App,Loan Query,Positive,High,Pending,35.8,4.3
TKT502832,2026-06-18,Email,Loans,Refund Delay,Negative,Medium,Pending,44.5,3.4
TKT507610,2026-06-18,Chat,Cards,Payment Failed,Negative,Medium,Resolved,23.5,2.7
TKT507174,2026-06-18,Email,Mobile App,Loan Query,Neutral,Low,Pending,35.9,3.8
TKT506429,2026-06-18,Email,Mobile App,Payment Failed,Neutral,Medium,Pending,42.8,4.4
TKT509975,2026-06-19,Phone,Loans,Card Issue,Negative,High,Pending,43.3,2.5
TKT505509,2026-06-19,Email,Cards,Login Issue,Negative,Low,Pending,52.4,2.9
TKT509574,2026-06-19,Chat,Account,Loan Query,Neutral,Critical,Pending,39.5,3.7
TKT500720,2026-06-19,Email,Payments,Login Issue,Negative,High,Pending,51.1,1.7
TKT500441,2026-06-19,Social,Payments,Login Issue,Negative,High,Pending,41.3,2.8
TKT505456,2026-06-19,Email,Mobile App,Card Issue,Negative,High,Pending,40.4,1.8
TKT508231,2026-06-19,Phone,Mobile App,Refund Delay,Neutral,High,Pending,39.0,3.0
TKT511405,2026-06-19,Email,Cards,Loan Query,Positive,Medium,Pending,50.4,4.4
TKT507155,2026-06-19,Chat,Loans,Refund Delay,Neutral,Medium,Resolved,19.5,4.5
TKT500209,2026-06-19,Email,Loans,Payment Failed,Neutral,Critical,Pending,50.9,3.9
TKT503991,2026-06-19,Phone,Account,Login Issue,Neutral,Medium,Pending,37.2,3.8
TKT504378,2026-06-19,Phone,Payments,Payment Failed,Neutral,Medium,Resolved,22.9,4.4
TKT503407,2026-06-19,Chat,Payments,Login Issue,Negative,Medium,Resolved,19.3,2.9
TKT503205,2026-06-19,Social,Payments,App Bug,Negative,High,Pending,50.7,2.3
TKT511002,2026-06-19,Social,Mobile App,Login Issue,Positive,High,Pending,32.4,3.5
TKT506741,2026-06-19,Email,Loans,Card Issue,Negative,Medium,Pending,43.0,2.9
TKT504221,2026-06-19,Phone,Mobile App,Login Issue,Neutral,Low,Resolved,23.5,3.4
TKT502016,2026-06-19,Chat,Mobile App,Refund Delay,Positive,Low,Pending,42.6,5.0
TKT508768,2026-06-19,Social,Loans,Card Issue,Neutral,Low,Resolved,23.7,3.4
TKT507039,2026-06-20,Phone,Loans,App Bug,Negative,Medium,Resolved,29.0,2.8
TKT506296,2026-06-20,Chat,Payments,Account Access,Negative,Medium,Resolved,15.1,2.0
TKT505854,2026-06-20,Chat,Mobile App,Refund Delay,Negative,Medium,Resolved,29.1,2.6
TKT511113,2026-06-20,Chat,Mobile App,Account Access,Neutral,Low,Pending,31.0,4.0
TKT504833,2026-06-20,Chat,Loans,Loan Query,Neutral,Medium,Resolved,18.9,4.1
TKT507882,2026-06-20,Chat,Cards,Account Access,Negative,Low,Resolved,20.3,2.8
TKT506095,2026-06-20,Phone,Mobile App,Login Issue,Neutral,Medium,Resolved,26.1,3.8
TKT509083,2026-06-20,Phone,Cards,Login Issue,Neutral,Medium,Resolved,27.5,3.5
TKT501454,2026-06-20,Email,Mobile App,Card Issue,Neutral,High,Pending,48.5,3.7
TKT505905,2026-06-20,Phone,Payments,Login Issue,Neutral,Medium,Resolved,27.0,3.9
TKT503136,2026-06-20,Chat,Payments,Login Issue,Negative,Medium,Resolved,19.1,1.9
TKT508340,2026-06-20,Phone,Mobile App,Login Issue,Negative,High,Pending,41.0,2.6
TKT508482,2026-06-20,Chat,Payments,Login Issue,Negative,High,Pending,41.8,1.8
TKT505807,2026-06-20,Chat,Payments,App Bug,Negative,Low,Resolved,24.6,2.6
TKT501412,2026-06-20,Chat,Mobile App,Refund Delay,Negative,Medium,Resolved,18.1,2.5
TKT502781,2026-06-20,Chat,Cards,App Bug,Neutral,Medium,Pending,37.5,3.6
TKT507575,2026-06-20,Phone,Payments,App Bug,Neutral,Medium,Resolved,26.4,4.0
TKT511418,2026-06-20,Phone,Payments,Payment Failed,Neutral,Critical,Pending,33.2,3.9
TKT500935,2026-06-20,Social,Loans,App Bug,Negative,High,Pending,37.1,2.6
TKT509481,2026-06-20,Phone,Payments,Payment Failed,Positive,Low,Resolved,26.3,4.5
TKT508555,2026-06-20,Chat,Payments,App Bug,Negative,High,Resolved,24.8,2.9
TKT504270,2026-06-20,Chat,Account,App Bug,Negative,High,Resolved,22.7,2.6
TKT507567,2026-06-21,Chat,Mobile App,Loan Query,Positive,High,Resolved,24.8,4.1
TKT509119,2026-06-21,Chat,Payments,Account Access,Negative,Low,Resolved,25.1,2.6
TKT503632,2026-06-21,Chat,Payments,App Bug,Negative,High,Pending,43.6,2.7
TKT505428,2026-06-21,Chat,Account,Login Issue,Negative,Low,Pending,35.3,2.5
TKT508075,2026-06-21,Phone,Mobile App,Loan Query,Positive,Medium,Resolved,26.9,4.6
TKT509884,2026-06-21,Chat,Payments,Login Issue,Negative,Low,Resolved,20.1,1.9
TKT502599,2026-06-21,Social,Loans,Login Issue,Neutral,High,Pending,32.9,3.6
TKT507952,2026-06-21,Email,Mobile App,Loan Query,Positive,Medium,Pending,35.9,2.8
TKT508083,2026-06-21,Phone,Loans,Refund Delay,Negative,Medium,Resolved,25.8,3.0
TKT509089,2026-06-21,Email,Payments,Loan Query,Positive,Low,Pending,42.8,2.8
TKT507248,2026-06-21,Chat,Cards,Login Issue,Neutral,Low,Pending,34.2,3.5
TKT501065,2026-06-21,Phone,Payments,Login Issue,Positive,Low,Pending,38.9,4.2
TKT510224,2026-06-21,Chat,Mobile App,Loan Query,Positive,Medium,Resolved,17.6,3.5
TKT505754,2026-06-21,Email,Payments,Account Access,Positive,Low,Pending,54.1,4.1
TKT505940,2026-06-21,Phone,Cards,Refund Delay,Neutral,Medium,Resolved,21.7,3.6
TKT507869,2026-06-21,Chat,Payments,Payment Failed,Negative,Medium,Resolved,26.3,3.1
TKT506983,2026-06-21,Chat,Payments,Loan Query,Positive,Medium,Resolved,18.1,4.7
TKT510571,2026-06-21,Chat,Payments,Refund Delay,Neutral,Low,Resolved,17.8,4.6
TKT502977,2026-06-21,Email,Account,Card Issue,Negative,Medium,Pending,35.5,2.4
TKT507727,2026-06-21,Chat,Mobile App,Loan Query,Negative,Low,Resolved,29.8,1.9
TKT502311,2026-06-21,Email,Mobile App,Payment Failed,Negative,Medium,Pending,38.0,3.4
TKT501018,2026-06-21,Phone,Payments,Loan Query,Positive,Low,Resolved,20.2,3.7
TKT501877,2026-06-21,Phone,Mobile App,Payment Failed,Neutral,Medium,Pending,39.8,3.7
TKT505819,2026-06-21,Email,Cards,Payment Failed,Negative,High,Pending,46.9,2.3
TKT508042,2026-06-22,Phone,Cards,Login Issue,Neutral,High,Pending,32.9,3.9
TKT509298,2026-06-22,Social,Account,Login Issue,Neutral,Low,Resolved,24.5,4.0
TKT500199,2026-06-22,Chat,Payments,Loan Query,Negative,Low,Resolved,17.0,2.4
TKT505693,2026-06-22,Phone,Payments,Payment Failed,Positive,Medium,Resolved,21.8,2.7
TKT510499,2026-06-22,Chat,Loans,Payment Failed,Positive,Low,Pending,31.9,3.4
TKT509838,2026-06-22,Chat,Cards,Card Issue,Neutral,Medium,Resolved,18.7,4.3
TKT509424,2026-06-22,Email,Payments,Payment Failed,Neutral,Critical,Pending,51.5,4.6
TKT503572,2026-06-22,Chat,Loans,Payment Failed,Neutral,Low,Resolved,19.7,3.5
TKT507373,2026-06-22,Email,Payments,App Bug,Neutral,High,Pending,46.6,4.1
TKT510789,2026-06-22,Email,Payments,Loan Query,Negative,High,Pending,49.9,3.1
TKT502640,2026-06-22,Email,Loans,Card Issue,Negative,Medium,Pending,37.6,2.5
TKT504850,2026-06-22,Phone,Payments,Payment Failed,Negative,Critical,Pending,37.9,2.4
TKT504224,2026-06-22,Chat,Account,Payment Failed,Neutral,Low,Pending,35.1,3.4
TKT507404,2026-06-22,Phone,Mobile App,Card Issue,Negative,Low,Resolved,22.2,2.4
TKT511086,2026-06-22,Phone,Payments,Login Issue,Negative,Low,Resolved,26.1,1.2
TKT506549,2026-06-22,Email,Payments,Card Issue,Neutral,Low,Pending,33.5,3.3
TKT500703,2026-06-22,Chat,Account,Payment Failed,Negative,High,Resolved,27.0,1.8
TKT508822,2026-06-22,Chat,Loans,Account Access,Negative,High,Pending,34.2,1.1
TKT500034,2026-06-22,Phone,Cards,Login Issue,Negative,Medium,Pending,37.7,2.8
TKT508102,2026-06-22,Email,Payments,Login Issue,Negative,High,Pending,47.8,2.6
TKT508532,2026-06-22,Chat,Payments,Payment Failed,Positive,Low,Pending,33.0,2.9
TKT503058,2026-06-22,Phone,Payments,App Bug,Positive,Low,Pending,30.1,3.8
TKT506119,2026-06-22,Chat,Payments,App Bug,Neutral,High,Resolved,28.8,3.7
TKT505314,2026-06-22,Phone,Payments,Loan Query,Negative,High,Pending,32.3,3.0
TKT504881,2026-06-22,Email,Loans,Card Issue,Neutral,Medium,Pending,38.6,3.9
TKT502435,2026-06-22,Phone,Cards,Refund Delay,Negative,Medium,Resolved,21.2,3.0
TKT500522,2026-06-22,Phone,Payments,Card Issue,Positive,Medium,Resolved,24.3,3.6
TKT507452,2026-06-22,Social,Account,Payment Failed,Negative,Medium,Resolved,25.2,3.3
TKT511271,2026-06-22,Email,Payments,App Bug,Negative,High,Pending,50.2,3.7
TKT508688,2026-06-23,Email,Cards,Payment Failed,Negative,Low,Pending,39.7,2.9
TKT504656,2026-06-23,Chat,Mobile App,Card Issue,Negative,Low,Pending,31.2,1.9
TKT506294,2026-06-23,Chat,Mobile App,App Bug,Positive,High,Resolved,24.9,4.5
TKT500584,2026-06-23,Chat,Cards,App Bug,Neutral,Low,Resolved,15.4,3.7
TKT511732,2026-06-23,Chat,Payments,Loan Query,Positive,High,Resolved,22.4,4.0
TKT507459,2026-06-23,Phone,Mobile App,Payment Failed,Negative,Critical,Pending,41.2,2.2
TKT505016,2026-06-23,Email,Mobile App,Refund Delay,Neutral,Low,Escalated,59.5,4.3
TKT503406,2026-06-23,Social,Account,Login Issue,Negative,Medium,Pending,33.5,2.6
TKT504364,2026-06-23,Chat,Cards,Login Issue,Positive,Medium,Resolved,17.4,4.0
TKT504354,2026-06-23,Social,Payments,Account Access,Neutral,Medium,Pending,30.9,3.6
TKT507102,2026-06-23,Email,Account,Refund Delay,Neutral,Medium,Pending,36.0,3.8
TKT510083,2026-06-23,Social,Mobile App,Refund Delay,Negative,Low,Resolved,27.7,2.5
TKT509540,2026-06-23,Social,Cards,App Bug,Negative,Low,Resolved,28.0,2.0
TKT509527,2026-06-23,Phone,Loans,Login Issue,Negative,High,Pending,35.3,2.5
TKT501420,2026-06-23,Phone,Loans,Card Issue,Positive,Medium,Resolved,25.1,3.6
TKT502091,2026-06-23,Social,Mobile App,Login Issue,Negative,High,Pending,46.6,2.3
TKT508279,2026-06-23,Email,Loans,Payment Failed,Neutral,Medium,Pending,32.8,3.1
TKT511573,2026-06-23,Social,Payments,Refund Delay,Negative,High,Pending,31.1,1.6
TKT500652,2026-06-23,Chat,Cards,Loan Query,Positive,Low,Resolved,23.3,3.8
TKT500096,2026-06-23,Email,Payments,App Bug,Positive,Critical,Pending,43.7,3.1
TKT508066,2026-06-23,Email,Payments,Refund Delay,Positive,Low,Pending,38.6,3.4
TKT503060,2026-06-23,Chat,Account,App Bug,Negative,High,Pending,33.2,3.0
TKT503186,2026-06-23,Email,Payments,Refund Delay,Positive,Medium,Pending,38.5,3.6
TKT510402,2026-06-23,Chat,Cards,App Bug,Negative,High,Resolved,27.6,2.0
TKT505799,2026-06-24,Chat,Account,Payment Failed,Neutral,Critical,Resolved,25.7,3.4
TKT510694,2026-06-24,Chat,Mobile App,Refund Delay,Negative,High,Resolved,26.5,2.5
TKT502037,2026-06-24,Phone,Account,Payment Failed,Negative,High,Pending,53.7,2.8
TKT502303,2026-06-24,Social,Payments,Refund Delay,Neutral,Low,Resolved,27.6,3.2
TKT509388,2026-06-24,Chat,Payments,Account Access,Neutral,Medium,Resolved,18.9,4.2
TKT501263,2026-06-24,Chat,Account,App Bug,Negative,High,Resolved,23.6,2.4
TKT508592,2026-06-24,Chat,Payments,App Bug,Negative,High,Pending,31.0,3.0
TKT508934,2026-06-24,Social,Cards,Card Issue,Positive,Medium,Pending,31.5,3.3
TKT501302,2026-06-24,Email,Mobile App,Payment Failed,Negative,Medium,Pending,42.1,2.4
TKT503919,2026-06-24,Chat,Cards,Payment Failed,Negative,Critical,Pending,37.8,2.0
TKT506973,2026-06-24,Chat,Loans,Refund Delay,Negative,High,Resolved,23.7,2.1
TKT506985,2026-06-24,Chat,Mobile App,Account Access,Negative,High,Resolved,20.2,2.6
TKT500969,2026-06-24,Chat,Account,Loan Query,Positive,High,Resolved,21.0,4.5
TKT508347,2026-06-24,Chat,Payments,Payment Failed,Negative,Medium,Resolved,22.6,2.3
TKT507065,2026-06-24,Phone,Account,Login Issue,Negative,Critical,Pending,33.2,2.2
TKT505502,2026-06-24,Chat,Loans,Payment Failed,Neutral,Critical,Pending,32.7,4.1
TKT500348,2026-06-24,Chat,Account,Card Issue,Negative,High,Pending,52.3,2.4
TKT505647,2026-06-24,Social,Mobile App,Account Access,Negative,Low,Pending,33.2,3.2
TKT503699,2026-06-24,Email,Mobile App,Login Issue,Negative,High,Pending,44.6,2.7
TKT510393,2026-06-24,Chat,Account,Loan Query,Positive,High,Resolved,21.4,4.1
TKT504283,2026-06-25,Phone,Loans,Login Issue,Positive,High,Pending,30.4,4.1
TKT506003,2026-06-25,Social,Payments,Account Access,Negative,Medium,Resolved,23.7,3.0
TKT505997,2026-06-25,Social,Account,Login Issue,Positive,Medium,Resolved,25.2,2.3
TKT507198,2026-06-25,Phone,Payments,Login Issue,Positive,High,Pending,34.9,3.4
TKT506772,2026-06-25,Email,Cards,Loan Query,Positive,High,Pending,46.4,3.7
TKT509653,2026-06-25,Chat,Payments,App Bug,Neutral,Medium,Resolved,19.6,2.9
TKT501236,2026-06-25,Phone,Account,Card Issue,Neutral,Low,Pending,43.6,3.1
TKT505827,2026-06-25,Chat,Mobile App,Refund Delay,Negative,Medium,Resolved,20.9,3.3
TKT502838,2026-06-25,Phone,Loans,Card Issue,Negative,Critical,Pending,42.8,1.5
TKT508077,2026-06-25,Chat,Mobile App,Refund Delay,Negative,Medium,Resolved,18.5,2.4
TKT505001,2026-06-25,Email,Mobile App,Loan Query,Negative,High,Pending,41.1,3.7
TKT504910,2026-06-25,Social,Cards,Loan Query,Positive,Low,Pending,37.8,4.2
TKT511392,2026-06-25,Phone,Mobile App,Card Issue,Negative,High,Resolved,29.2,1.8
TKT504960,2026-06-25,Email,Payments,Login Issue,Negative,High,Pending,38.9,2.7
TKT505679,2026-06-25,Phone,Cards,Payment Failed,Positive,Critical,Pending,43.2,3.6
TKT500920,2026-06-25,Chat,Payments,Payment Failed,Neutral,Critical,Pending,47.2,3.5
TKT500889,2026-06-25,Chat,Cards,Login Issue,Negative,Medium,Resolved,15.8,2.3
TKT501024,2026-06-25,Chat,Payments,App Bug,Negative,High,Resolved,26.7,2.1
TKT501002,2026-06-25,Chat,Account,App Bug,Neutral,Medium,Resolved,14.2,4.1
TKT507194,2026-06-26,Phone,Mobile App,Refund Delay,Neutral,Medium,Resolved,24.5,3.6
TKT501757,2026-06-26,Chat,Cards,Refund Delay,Neutral,Medium,Resolved,23.1,4.3
TKT502109,2026-06-26,Phone,Loans,Account Access,Negative,High,Pending,54.7,1.5
TKT505281,2026-06-26,Phone,Mobile App,Payment Failed,Negative,High,Pending,40.0,2.8
TKT500099,2026-06-26,Phone,Payments,Login Issue,Negative,High,Pending,36.2,2.0
TKT509351,2026-06-26,Email,Payments,Payment Failed,Negative,High,Escalated,59.1,1.7
TKT508995,2026-06-26,Social,Loans,Refund Delay,Negative,High,Pending,41.6,2.2
TKT501618,2026-06-26,Phone,Mobile App,Refund Delay,Positive,Low,Resolved,28.4,3.1
TKT506897,2026-06-26,Social,Account,Account Access,Negative,High,Pending,31.0,3.0
TKT506839,2026-06-26,Phone,Mobile App,Login Issue,Negative,Medium,Pending,30.0,3.1
TKT504975,2026-06-26,Phone,Account,Payment Failed,Neutral,Medium,Pending,40.4,3.3
TKT502735,2026-06-26,Phone,Loans,Loan Query,Positive,High,Pending,47.2,4.3
TKT504439,2026-06-26,Chat,Mobile App,Payment Failed,Negative,Critical,Pending,53.9,2.2
TKT510159,2026-06-26,Email,Payments,Loan Query,Negative,High,Pending,51.8,1.8
TKT505030,2026-06-26,Phone,Account,Login Issue,Negative,Low,Pending,39.0,2.8
TKT509353,2026-06-26,Chat,Payments,App Bug,Negative,High,Resolved,24.6,2.8
TKT511394,2026-06-26,Chat,Loans,Card Issue,Negative,High,Pending,40.7,2.3
TKT508830,2026-06-26,Phone,Payments,Payment Failed,Neutral,Medium,Pending,32.3,4.0
TKT503609,2026-06-26,Email,Mobile App,Card Issue,Negative,Medium,Pending,36.0,3.6
TKT500529,2026-06-26,Phone,Mobile App,App Bug,Positive,High,Pending,38.3,4.3
TKT508823,2026-06-26,Phone,Payments,Loan Query,Neutral,High,Pending,34.4,4.3
TKT510661,2026-06-26,Phone,Account,Refund Delay,Positive,Medium,Pending,30.7,2.9
TKT504393,2026-06-27,Phone,Cards,Refund Delay,Positive,Low,Resolved,29.3,4.2
TKT501555,2026-06-27,Chat,Payments,Loan Query,Neutral,Medium,Resolved,16.5,3.6
TKT502151,2026-06-27,Phone,Payments,Account Access,Negative,High,Resolved,28.2,2.3
TKT504495,2026-06-27,Chat,Mobile App,Account Access,Negative,High,Resolved,29.4,2.7
TKT505175,2026-06-27,Email,Account,Login Issue,Neutral,Low,Pending,38.4,4.6
TKT510299,2026-06-27,Chat,Mobile App,Account Access,Positive,High,Pending,50.1,4.3
TKT506795,2026-06-27,Chat,Loans,Loan Query,Negative,High,Resolved,23.4,2.3
TKT500667,2026-06-27,Chat,Mobile App,Login Issue,Negative,High,Pending,36.8,2.8
TKT506105,2026-06-27,Chat,Loans,App Bug,Neutral,Medium,Pending,34.5,3.7
TKT509300,2026-06-27,Phone,Payments,Account Access,Negative,High,Pending,33.5,3.2
TKT502365,2026-06-27,Email,Account,Loan Query,Positive,Low,Pending,33.6,4.5
TKT507289,2026-06-27,Social,Account,Refund Delay,Positive,High,Pending,34.1,3.7
TKT505948,2026-06-27,Social,Mobile App,Login Issue,Neutral,Low,Resolved,23.5,3.1
TKT509270,2026-06-27,Email,Mobile App,Login Issue,Negative,High,Pending,40.7,2.1
TKT504994,2026-06-27,Email,Mobile App,Login Issue,Neutral,Medium,Pending,45.5,4.0
TKT510994,2026-06-27,Chat,Payments,Payment Failed,Negative,Low,Resolved,14.6,3.1
TKT511527,2026-06-27,Social,Loans,App Bug,Negative,High,Escalated,60.5,2.3
TKT504757,2026-06-27,Email,Account,Payment Failed,Negative,Medium,Pending,36.2,2.3
TKT502256,2026-06-28,Email,Loans,App Bug,Negative,High,Pending,47.0,1.7
TKT507275,2026-06-28,Chat,Mobile App,Payment Failed,Neutral,High,Resolved,26.2,3.4
TKT506947,2026-06-28,Phone,Account,Loan Query,Negative,High,Pending,31.5,2.9
TKT510187,2026-06-28,Chat,Mobile App,Refund Delay,Positive,Medium,Pending,30.4,3.7
TKT509307,2026-06-28,Chat,Cards,Payment Failed,Negative,High,Pending,34.0,2.8
TKT508387,2026-06-28,Email,Payments,Card Issue,Neutral,Low,Pending,45.6,4.0
TKT504159,2026-06-28,Phone,Payments,Card Issue,Negative,Medium,Pending,34.8,2.3
TKT500347,2026-06-28,Chat,Mobile App,Card Issue,Positive,Medium,Resolved,18.4,3.9
TKT504204,2026-06-28,Email,Account,App Bug,Neutral,High,Pending,42.2,4.2
TKT510965,2026-06-28,Email,Loans,App Bug,Negative,Low,Pending,45.6,2.6
TKT502407,2026-06-28,Chat,Mobile App,Login Issue,Negative,High,Resolved,27.2,2.8
TKT507038,2026-06-28,Phone,Mobile App,Account Access,Negative,Low,Pending,31.2,2.2
TKT502788,2026-06-28,Chat,Mobile App,Refund Delay,Negative,High,Escalated,65.1,2.9
TKT507120,2026-06-28,Chat,Mobile App,Account Access,Negative,Medium,Resolved,17.7,2.6
TKT508580,2026-06-28,Email,Cards,App Bug,Neutral,Low,Pending,50.5,4.0
TKT504529,2026-06-28,Chat,Account,Loan Query,Positive,Medium,Resolved,21.0,3.3
TKT507042,2026-06-28,Chat,Loans,Refund Delay,Neutral,High,Resolved,23.6,3.6
TKT504837,2026-06-28,Phone,Mobile App,Login Issue,Negative,Medium,Resolved,24.4,3.0
TKT509685,2026-06-28,Phone,Account,Account Access,Negative,High,Pending,33.0,2.8
TKT509749,2026-06-28,Phone,Mobile App,Payment Failed,Negative,Critical,Pending,48.0,2.3
TKT506198,2026-06-29,Social,Cards,App Bug,Negative,Low,Resolved,22.7,2.4
TKT505076,2026-06-29,Chat,Payments,Refund Delay,Positive,Medium,Resolved,21.1,2.8
TKT509655,2026-06-29,Chat,Mobile App,Loan Query,Neutral,Medium,Resolved,23.8,4.5
TKT504993,2026-06-29,Phone,Cards,App Bug,Neutral,Low,Pending,30.8,4.0
TKT500899,2026-06-29,Email,Payments,Payment Failed,Neutral,Low,Pending,47.0,4.0
TKT505019,2026-06-29,Email,Loans,Login Issue,Neutral,High,Pending,51.9,4.4
TKT500706,2026-06-29,Email,Loans,Account Access,Positive,Low,Pending,36.4,3.7
TKT504425,2026-06-29,Email,Cards,Refund Delay,Positive,Low,Pending,36.9,3.8
TKT504966,2026-06-29,Phone,Payments,Refund Delay,Positive,Medium,Pending,36.9,4.2
TKT511374,2026-06-29,Chat,Account,App Bug,Negative,Low,Resolved,20.6,1.8
TKT503179,2026-06-29,Phone,Cards,Loan Query,Neutral,Medium,Resolved,23.1,2.9
TKT505813,2026-06-29,Chat,Payments,App Bug,Negative,Medium,Resolved,16.4,2.3
TKT507422,2026-06-29,Social,Mobile App,Card Issue,Negative,High,Pending,34.2,2.3
TKT502821,2026-06-29,Email,Cards,Loan Query,Neutral,Medium,Pending,35.8,3.9
TKT504594,2026-06-29,Chat,Loans,Account Access,Negative,Medium,Resolved,17.5,2.7
TKT507899,2026-06-29,Chat,Cards,Account Access,Positive,High,Pending,30.5,3.0
TKT505984,2026-06-29,Chat,Loans,App Bug,Negative,Medium,Pending,33.4,2.5
TKT501912,2026-06-29,Phone,Account,Payment Failed,Positive,Medium,Resolved,29.2,3.8
TKT501739,2026-06-29,Social,Account,Account Access,Positive,Low,Resolved,29.3,4.0
TKT503550,2026-06-29,Social,Loans,Card Issue,Negative,Critical,Pending,42.2,3.4
TKT511951,2026-06-29,Social,Cards,Account Access,Neutral,Medium,Pending,40.0,3.0
TKT506952,2026-06-29,Social,Mobile App,Login Issue,Positive,High,Pending,33.8,4.2
TKT502474,2026-06-30,Email,Cards,Loan Query,Neutral,Medium,Pending,31.8,3.4
TKT511637,2026-06-30,Phone,Loans,Refund Delay,Neutral,Medium,Resolved,23.6,3.8
TKT500025,2026-06-30,Phone,Payments,Account Access,Negative,High,Pending,47.7,2.3
TKT500061,2026-06-30,Chat,Account,Refund Delay,Positive,High,Resolved,23.0,3.0
TKT511156,2026-06-30,Email,Cards,Refund Delay,Negative,Low,Pending,39.3,2.3
TKT503615,2026-06-30,Phone,Mobile App,Payment Failed,Neutral,Low,Resolved,24.3,3.8
TKT505234,2026-06-30,Email,Loans,Payment Failed,Negative,High,Pending,38.5,2.7
TKT502054,2026-06-30,Chat,Account,App Bug,Neutral,High,Resolved,29.7,3.2
TKT507279,2026-06-30,Phone,Mobile App,Account Access,Neutral,Low,Resolved,23.9,3.1
TKT501159,2026-06-30,Chat,Account,Payment Failed,Negative,Low,Pending,32.9,1.6
TKT502378,2026-06-30,Chat,Payments,Payment Failed,Positive,Low,Resolved,22.9,3.9
TKT501034,2026-06-30,Chat,Account,Loan Query,Neutral,High,Resolved,22.4,3.5
TKT510056,2026-06-30,Email,Payments,Payment Failed,Neutral,Medium,Pending,46.4,3.6
TKT501014,2026-06-30,Email,Account,Payment Failed,Negative,High,Escalated,56.7,2.1
TKT509549,2026-06-30,Chat,Loans,App Bug,Positive,Medium,Resolved,23.2,4.0
TKT501272,2026-06-30,Phone,Mobile App,Payment Failed,Negative,High,Pending,41.5,2.5
TKT509140,2026-06-30,Chat,Payments,Loan Query,Positive,Medium,Resolved,15.6,2.5
TKT506268,2026-06-30,Social,Payments,Login Issue,Neutral,Low,Pending,38.8,5.0
TKT510825,2026-06-30,Chat,Mobile App,Account Access,Neutral,Medium,Resolved,16.3,4.2
TKT501643,2026-06-30,Phone,Payments,Login Issue,Neutral,Low,Resolved,29.0,3.6
TKT505464,2026-06-30,Chat,Mobile App,App Bug,Negative,Medium,Pending,39.0,2.6
TKT502623,2026-06-30,Email,Cards,Login Issue,Negative,High,Pending,40.7,2.2
TKT500166,2026-06-30,Chat,Payments,Payment Failed,Positive,Low,Resolved,23.3,3.9
TKT505540,2026-06-30,Phone,Account,Refund Delay,Positive,Medium,Resolved,29.4,3.3
TKT504377,2026-06-30,Chat,Payments,Card Issue,Positive,Medium,Resolved,20.0,4.0
